:020000040800F2
:1000000000000320BD0E000801320008093200087C
:1000100011320008193200082132000800000000E7
:10002000000000000000000000000000293200086D
:100030003732000800000000453200085332000843
:10004000110F0008110F0008110F0008C532000839
:10005000110F0008110F0008110F0008110F000800
:10006000110F0008110F0008110F0008110F0008F0
:10007000110F0008110F0008110F0008110F0008E0
:10008000110F0008110F0008110F0008110F0008D0
:10009000110F0008110F0008110F0008110F0008C0
:1000A000110F0008110F0008D1320008110F0008CD
:1000B000110F0008110F0008110F0008110F0008A0
:1000C000110F0008110F0008110F0008110F000890
:1000D00061320008110F0008110F0008110F00080D
:1000E000AD320008110F0008110F0008110F0008B1
:1000F00095320008A132000875320008110F00087F
:10010000110F0008110F0008110F0008110F00084F
:10011000110F0008110F0008110F0008110F00083F
:10012000110F0008110F000881320008110F00089C
:0C013000110F0008110F0008110F00084B
:1001400010B5054C237833B9044B13B10448AFF311
:1001500000800123237010BDC002002000000000B9
:10016000983B010808B5034B1BB103490348AFF3A3
:10017000008008BD00000000C4020020983B010878
:1001800010F8012B11F8013B012A28BF9A42F7D041
:10019000D01A7047000000000000000000000000BE
:1001A00001F0FF01102A2BDB10F0070F08D010F828
:1001B000013B013A8B422DD010F0070F42B3F6D12C
:1001C000F0B441EA012141EA014122F007047FF045
:1001D00000070023F0E80256083C85EA010586EA9C
:1001E000010685FA47F5A3FA87F586FA47F6A5FAD8
:1001F00087F68EB9EED1F0BC01F0FF0102F00702E4
:1002000032B110F8013B013A83EA010313B1F8D18E
:100210000020704701387047002D06BF354603386F
:10022000073815F0010F07D1013015F4807F02BFA8
:10023000013015F4C03F0130F0BC0138704700BFF9
:10024000034613F8012B002AFBD1181A0138704716
:1002500081F0004102E000BF83F0004330B54FEA77
:1002600041044FEA430594EA050F08BF90EA020FE4
:100270001FBF54EA000C55EA020C7FEA645C7FEA77
:10028000655C00F0E2804FEA5454D4EB5555B8BF9A
:100290006D420CDD2C4480EA020281EA030382EA0B
:1002A000000083EA010180EA020281EA0303362D9D
:1002B00088BF30BD11F0004F4FEA01314FF4801C70
:1002C0004CEA113102D0404261EB410113F0004F82
:1002D0004FEA03334CEA133302D0524263EB430339
:1002E00094EA050F00F0A780A4F10104D5F1200ED7
:1002F0000DDB02FA0EFC22FA05F2801841F1000132
:1003000003FA0EF2801843FA05F359410EE0A5F105
:1003100020050EF1200E012A03FA0EFC28BF4CF036
:10032000020C43FA05F3C01851EBE37101F00045EC
:1003300007D54FF0000EDCF1000C7EEB00006EEBF9
:100340000101B1F5801F1BD3B1F5001F0CD3490883
:100350005FEA30004FEA3C0C04F101044FEA4452DA
:1003600012F5800F80F09A80BCF1004F08BF5FEA61
:10037000500C50F1000041EB045141EA050130BD41
:100380005FEA4C0C404141EB0101013C28BFB1F553
:10039000801FE9D291F0000F04BF01460020B1FA9E
:1003A00081F308BF2033A3F10B03B3F120020CDA71
:1003B0000C3208DD02F1140CC2F10C0201FA0CF04F
:1003C00021FA02F10CE002F11402D8BFC2F1200CB4
:1003D00001FA02F120FA0CFCDCBF41EA0C0190406A
:1003E000E41AA2BF01EB0451294330BD6FEA0404B3
:1003F0001F3C1CDA0C340EDC04F11404C4F120029E
:1004000020FA04F001FA02F340EA030021FA04F3AF
:1004100045EA030130BDC4F10C04C4F1200220FA06
:1004200002F001FA04F340EA0300294630BD21FA44
:1004300004F0294630BD94F0000F83F4801306BF0A
:1004400081F480110134013D4EE77FEA645C18BFFE
:100450007FEA655C29D094EA050F08BF90EA020F95
:1004600005D054EA000C04BF1946104630BD91EA8D
:10047000030F1EBF0021002030BD5FEA545C05D190
:100480004000494128BF41F0004130BD14F58004CF
:100490003CBF01F5801130BD01F0004545F0FE4143
:1004A00041F470014FF0000030BD7FEA645C1ABF78
:1004B000194610467FEA655C1CBF0B46024650EAAF
:1004C000013406BF52EA033591EA030F41F40021DB
:1004D00030BD00BF90F0000F04BF0021704730B561
:1004E0004FF4806404F132044FF000054FF0000136
:1004F00050E700BF90F0000F04BF0021704730B5F7
:100500004FF4806404F1320410F0004548BF4042CB
:100510004FF000013EE700BF42004FEAE2014FEA20
:1005200031014FEA02701FBF12F07F4393F07F4FFB
:1005300081F06051704732F07F4208BF704793F0FE
:100540007F4F04BF41F40021704730B54FF4607411
:1005500001F0004521F000411CE700BF50EA010214
:1005600008BF704730B54FF000050AE050EA0102BD
:1005700008BF704730B511F0004502D5404261EB2D
:1005800041014FF4806404F132045FEA915C3FF46E
:10059000D8AE4FF003025FEADC0C18BF03325FEA0B
:1005A000DC0C18BF033202EBDC02C2F1200300FABC
:1005B00003FC20FA02F001FA03FE40EA0E0021FAE1
:1005C00002F11444BDE600BF70B54FF0FF0C4CF4CF
:1005D000E06C1CEA11541DBF1CEA135594EA0C0F81
:1005E00095EA0C0F00F0DEF82C4481EA030621EABC
:1005F0004C5123EA4C5350EA013518BF52EA0335F7
:1006000041F4801143F4801338D0A0FB02CE4FF0A8
:100610000005E1FB02E506F00042E0FB03E54FF0D8
:100620000006E1FB03569CF0000F18BF4EF0010ED0
:10063000A4F1FF04B6F5007F64F5407404D25FEACC
:100640004E0E6D4146EB060642EAC62141EA55517F
:100650004FEAC52040EA5E504FEACE2EB4F1FD0CC1
:1006600088BFBCF5E06F1ED8BEF1004F08BF5FEA3F
:10067000500E50F1000041EB045170BD06F00046F1
:1006800046EA010140EA020081EA0301B4EB5C049E
:10069000C2BFD4EB0C0541EA045170BD41F4801196
:1006A0004FF0000E013C00F3AB8014F1360FDEBFBB
:1006B000002001F0004170BDC4F10004203C35DA97
:1006C0000C341BDC04F11404C4F1200500FA05F31A
:1006D00020FA04F001FA05F240EA020001F00042BB
:1006E00021F0004110EBD37021FA04F642EB060131
:1006F0005EEA430E08BF20EAD37070BDC4F10C045B
:10070000C4F1200500FA04F320FA05F001FA04F21E
:1007100040EA020001F0004110EBD37041F100010A
:100720005EEA430E08BF20EAD37070BDC4F1200515
:1007300000FA05F24EEA020E20FA04F301FA05F27D
:1007400043EA020321FA04F001F0004121FA04F225
:1007500020EA020000EBD3705EEA430E08BF20EAF5
:10076000D37070BD94F0000F0FD101F0004640002F
:1007700041EB010111F4801F08BF013CF7D041EAB1
:10078000060195F0000F18BF704703F000465200B5
:1007900043EB030313F4801F08BF013DF7D043EA86
:1007A0000603704794EA0C0F0CEA135518BF95EA3C
:1007B0000C0F0CD050EA410618BF52EA4306D1D1C3
:1007C00081EA030101F000414FF0000070BD50EAE2
:1007D000410606BF1046194652EA430619D094EA6C
:1007E0000C0F02D150EA013613D195EA0C0F05D156
:1007F00052EA03361CBF104619460AD181EA0301AA
:1008000001F0004141F0FE4141F470014FF0000061
:1008100070BD41F0FE4141F4780170BD70B54FF0FC
:10082000FF0C4CF4E06C1CEA11541DBF1CEA13557C
:1008300094EA0C0F95EA0C0F00F0A7F8A4EB05045E
:1008400081EA030E52EA03354FEA013100F0888055
:100850004FEA03334FF0805545EA131343EA12631E
:100860004FEA022245EA111545EA10654FEA0026D3
:100870000EF000419D4208BF964244F1FD0404F58C
:10088000407402D25B084FEA3202B61A65EB0305E8
:100890005B084FEA32024FF480104FF4002CB6EBA5
:1008A000020E75EB030E22BFB61A754640EA0C0025
:1008B0005B084FEA3202B6EB020E75EB030E22BF65
:1008C000B61A754640EA5C005B084FEA3202B6EBA6
:1008D000020E75EB030E22BFB61A754640EA9C0065
:1008E0005B084FEA3202B6EB020E75EB030E22BF35
:1008F000B61A754640EADC0055EA060E18D04FEAF3
:10090000051545EA16754FEA06164FEAC30343EA92
:1009100052734FEAC2025FEA1C1CC0D111F4801F5F
:100920000BD141EA00014FF000004FF0004CB6E758
:1009300011F4801F04BF01430020B4F1FD0C88BFF7
:10094000BCF5E06F3FF6AFAEB5EB030C04BFB6EB02
:10095000020C5FEA500C50F1000041EB045170BDF5
:100960000EF0004E4EEA113114EB5C04C2BFD4EB22
:100970000C0541EA045170BD41F480114FF0000EA6
:10098000013C90E645EA060E8DE60CEA135594EA22
:100990000C0F08BF95EA0C0F3FF43BAF94EA0C0F25
:1009A0000AD150EA01347FF434AF95EA0C0F7FF49A
:1009B00025AF104619462CE795EA0C0F06D152EAEE
:1009C00003353FF4FDAE1046194622E750EA4106D2
:1009D00018BF52EA43067FF4C5AE50EA41047FF4E3
:1009E0000DAF52EA43057FF4EBAE12E74FF0FF3C48
:1009F00006E000BF4FF0010C02E000BF4FF0010C19
:100A00004DF804CD4FEA410C7FEA6C5C4FEA430C91
:100A100018BF7FEA6C5C1BD001B050EA410C0CBFE0
:100A200052EA430C91EA030F02BF90EA020F002042
:100A3000704710F1000F91EA030F58BF994208BFA9
:100A400090422CBFD8176FEAE37040F00100704766
:100A50004FEA410C7FEA6C5C02D150EA013C07D1BD
:100A60004FEA430C7FEA6C5CD6D152EA033CD3D008
:100A70005DF8040B704700BF8446104662468C4602
:100A80001946634600E000BF01B5FFF7B7FF002835
:100A900048BF10F1000F01BD4DF808EDFFF7F4FF5E
:100AA0000CBF012000205DF808FB00BF4DF808EDE9
:100AB000FFF7EAFF34BF012000205DF808FB00BF0C
:100AC0004DF808EDFFF7E0FF94BF012000205DF82E
:100AD00008FB00BF4DF808EDFFF7CEFF94BF0120E3
:100AE00000205DF808FB00BF4DF808EDFFF7C4FFDC
:100AF00034BF012000205DF808FB00BF4FEA410C25
:100B00007FEA6C5C02D150EA013C0AD14FEA430C07
:100B10007FEA6C5C02D152EA033C02D14FF0000044
:100B200070474FF0010070474FEA410212F5001282
:100B300015D211D56FF47873B3EB625212D94FEA24
:100B4000C12343F0004343EA505311F0004F23FA0E
:100B500002F018BF404270474FF00000704750EA63
:100B6000013005D111F0004008BF6FF00040704720
:100B70004FF00000704700BF53B94AB9002908BFC1
:100B800000281CBF4FF0FF314FF0FF3000F088B954
:100B9000ADF1080C6DE904CE00F006F8DDF804E0D4
:100BA000DDE9022304B070472DE9F047089D8E4629
:100BB00004468846002B4AD18A42174662D9B2FAC7
:100BC00082F64EB1C6F1200301FA06F820FA03F3CB
:100BD000B74043EA0808B4404FEA174E1FFA87FCB3
:100BE000B8FBFEF1230C0EFB118843EA084301FB1E
:100BF0000CF29A4209D9FB1801F1FF3080F0EA802B
:100C00009A4240F2E78002393B449A1AA3B2B2FBFF
:100C1000FEF00EFB102243EA024300FB0CFC9C4555
:100C200009D9FB1800F1FF3280F0D6809C4540F2D4
:100C3000D3803B44023840EA0140A3EB0C0300217F
:100C40001DB1F3400022C5E90032BDE8F0878B42B8
:100C500005D90DB1C5E9000100210846F5E7B3FA51
:100C600083F1002946D1734502D3824200F2058107
:100C7000841A6EEB030201209046002DE5D0C5E9F1
:100C80000048E2E7002A00F09080B2FA82F6002ED7
:100C900040F0A4808A1A030C4FEA174E80B2BCB20F
:100CA0000121B2FBFEFC0EFB1C2243EA024304FBC3
:100CB0000CF29A4207D9FB180CF1FF3802D29A4283
:100CC00000F2E080C4469B1AB3FBFEF20EFB123327
:100CD00040EA034302FB04F49C4207D9FB1802F1EB
:100CE000FF3002D29C4200F2CA8002461B1B42EA3D
:100CF0000C40A5E7C1F120068B4022FA06F71F43FE
:100D00000EFA01F420FA06F32EFA06FE4FEA17490E
:100D1000234300FA01F81FFA87FCBEFBF9F01C0C14
:100D200009FB10EE44EA0E4400FB0CFEA64502FA55
:100D300001F209D93C1900F1FF3A80F09C80A645E8
:100D400040F2998002383C44A4EB0E041FFA83FE63
:100D5000B4FBF9F309FB13444EEA044403FB0CFC17
:100D6000A44508D93C1903F1FF3E80F08280A445D8
:100D70007FD9023B3C4443EA0040A4EB0C04A0FBB7
:100D800002EC64457346E14662D35FD05DB1B8EBD7
:100D9000030264EB090404FA06F622FA01F31E4387
:100DA000CC40C5E9006400214FE7B1FBF2FC010C27
:100DB00041EA0E4180B240EA01423B4638463C4699
:100DC000B846BE462026B1FBF7F1A2EB080241EA85
:100DD0000C4166E7014618E710462CE7C6F12002F1
:100DE0002EFA02F3B740B14020FA02F24FEA174E52
:100DF0000A43B3FBFEF8BCB20EFB1833110C41EAF8
:100E0000034108FB04F9B04089454FEA104380B222
:100E10003ED9791808F1FF3C01D289451FD8A1EBD2
:100E20000901B1FBFEF909FB04F80EFB191192B29E
:100E300042EA0142424529D2BA1809F1FF31C4D22F
:100E40004245C2D2A9F102013A44BEE7F0459DD223
:100E5000BEEB02036CEB070C0138E14696E7A7EB0B
:100E600009094944A8F1020CB1FBFEF909FB04F899
:100E7000DBE773467FE7504666E70846FDE63B44FE
:100E8000023A33E7ACF1020C3B441CE749469CE7CD
:100E9000A1EB0901C446B1FBFEF909FB04F8C4E764
:100EA000704700BFD458C4500433C4188C42F9D3DF
:100EB0007047036004308842FBD370470C48854676
:100EC00005F0C4FF0B480C490C4A0023FFF7EDFF67
:100ED0000B480C490023FFF7EEFF0B480B4900239A
:100EE000FFF7E9FF10F042FE01F0DAFCFEE7000038
:100EF0000000032008000020840200207C5B010821
:100F0000C0020020881E0020E4010320670A03209D
:100F1000FEE7000080B483B000AF7860064BD3F8E2
:100F2000902005497B681343C1F8903000BF0C370F
:100F3000BD465DF8047B70470008005880B485B05A
:100F400000AF78604FF0B043DA6C4FF0B0417B688F
:100F50001343CB644FF0B043DA6C7B681340FB6003
:100F6000FB6800BF1437BD465DF8047B704780B452
:100F700085B000AF78604FF0B043D3F84C214FF00C
:100F8000B0417B681343C1F84C314FF0B043D3F804
:100F90004C217B681340FB60FB6800BF1437BD46E3
:100FA0005DF8047B704780B500AF06F015F806F0D9
:100FB00019F84FF48030FFF7ADFF0DF0E7FA00F0BD
:100FC00021F800F0C1F800BF80BD0000B0B588B0C6
:100FD00000AF0B4B3C1D1D460FCD0FC495E807001D
:100FE00003C422800234130C23700FF01FF83B1D42
:100FF00018460DF070FE00BF2037BD46B0BD00BFE3
:10100000B03B010880B588B000AF3B1D00221A60DC
:101010005A609A60DA601A610023BB8300237B83E5
:1010200000233B830023FB7736E0FB7F434ADB0052
:1010300013449B79002B2CD0FB7F404A52F833306D
:101040003F4A93421BD03E4A934221D8B3F1904F7E
:1010500003D03C4A934209D01AE0FB7F374ADB00B9
:1010600013449A88BB8B1343BB8312E0FB7F334A44
:10107000DB0013449A887B8B13437B8309E0FB7F5F
:101080002E4ADB0013449A883B8B13433B8300E0DA
:1010900000BFFB7F0133FB77FB7F252BC5D90023E6
:1010A000FB600123BB6003233B61BB8B002B14D08F
:1010B000BB8B7B600120FFF741FF0120FFF757FF4B
:1010C0003B1D19464FF0904006F0AEFCBB8B002252
:1010D00019464FF0904006F0F5FE7B8B002B12D0A6
:1010E0007B8B7B600220FFF729FF0220FFF73FFF89
:1010F0003B1D1946134806F097FC7B8B00221946CE
:10110000104806F0DFFE3B8B002B13D03B8B7B603F
:101110000420FFF713FF0420FFF729FF3B1D1946AA
:10112000074806F081FC3B8B00221946044806F074
:10113000C9FE00BF00BF2037BD4680BDFC5001087E
:10114000000800480004004880B400AF00BFBD465E
:101150005DF8047B704780B500AF01F08BFC00BFE9
:1011600080BD80B584B000AFF8600B467A607B81AB
:101170007A897B68F968002001F098FA00BF10377F
:10118000BD4680BD80B483B000AF7860074BD3F814
:10119000803023F0070205497B681343C1F8803093
:1011A00000BF0C37BD465DF8047B70470004005853
:1011B00080B483B000AF7860064BD3F89020054927
:1011C0007B681343C1F8903000BF0C37BD465DF813
:1011D000047B70470008005880B483B000AF78608B
:1011E0004FF0B0430A4AC3F89C204FF0B043D3F805
:1011F0009C3023F47C527B681B024FF0B0411343B8
:10120000C1F89C3000BF0C37BD465DF8047B7047C9
:10121000FECAFECA80B483B000AF78604FF0B0431E
:101220009B6823F400424FF0B0417B6813438B600E
:1012300000BF0C37BD465DF8047B704780B400AF3B
:10124000044B1B68C3F30B031846BD465DF8047BD3
:10125000704700BF002004E080B400AF044B1B685F
:101260001B0C9BB21846BD465DF8047B704700BF5F
:10127000002004E080B400AF054B1B69044A23F052
:101280000403136100BFBD465DF8047B704700BFD7
:1012900000ED00E080B483B000AF78607B68FF228F
:1012A0005A6200BF0C37BD465DF8047B704780B4BE
:1012B00083B000AF78607B68CA225A627B68532291
:1012C0005A6200BF0C37BD465DF8047B704780B49E
:1012D00083B000AF786039607B689B6823F00702B9
:1012E0003B681A437B689A6000BF0C37BD465DF8C7
:1012F000047B704780B500AF044B4FF400421A6185
:1013000000F09DF800F0A2F800BF80BD004000583A
:1013100080B500AF00F0AEF800F0C6F8204900201C
:1013200000F034FFFFF73FFE012101200FF040FAEB
:101330000021002005F064F91A480EF00BFF002090
:101340000EF05EFF0021002005F07EFB002005F07E
:1013500027FA002005F050FA13480EF099FFFF20FD
:101360000EF06EFF00200EF07FFF0021002005F040
:101370006BFB002005F040FA01230C4A00210020FD
:101380000EF0FCFF002005F037FA00F04EF800F0F8
:10139000EDF900F065FA00F095F800BF80BD00BFE0
:1013A000D40400208C520108AC000020CC3B010882
:1013B00080B400AF00BFBD465DF8047B704780B5C8
:1013C00000AF5020FFF7F4FE00BF80BD80B586B0AF
:1013D00000AF3B1D00221A605A609A60DA601A6101
:1013E00004F084FD80237B600223BB600223FB604A
:1013F00000233B6105237B613B1D19464FF0904064
:1014000006F012FB00BF1837BD4680BD80B582B024
:1014100000AF786004F00CFD786804F093FDFFF7EE
:10142000D5FF00BF0837BD4680BD80B500AF04F0D2
:10143000FFFC04F093FDFFF7C9FF00BF80BD80B43F
:1014400000AF00BFBD465DF8047B704780B582B039
:1014500000AF00200DF0D4FA78607B68002B05D037
:101460007B689B791846FFF7B7FE00BF00BF0837BF
:10147000BD4680BD80B500AFFFF79AFFFFF79FFF25
:1014800000F002F800BF80BD80B500AF0548FFF74F
:101490000EFF00210348FFF71AFF0248FFF7FAFE8C
:1014A00000BF80BD0028004080B500AF4FF4004071
:1014B000FFF7B0FE0FF06AF90420FFF763FE00BFEC
:1014C00080BD000080B588B000AF0EF0F5FB114A7A
:1014D000002110200FF01EFB0F4B3B600F4B7B6079
:1014E0003B4619460E480DF0D1FC0E4BBB600E4B2F
:1014F000FB600E4B3B6140F23C537B6107F10803FC
:1015000018460EF01FFD0EF0D1FB00BF2037BD4680
:1015100080BD00BFC5EE0008340703203115000868
:10152000491500084C09032040080320F801032056
:1015300080B483B000AF0346FB7100BF0C37BD46DB
:101540005DF8047B7047000080B588B000AF78601C
:101550007B685B680B33FB61FB691B889BB2A3F55F
:101560001243072B60D801A252F823F08D15000812
:10157000CF150008DD15000829160008F915000828
:1015800009160008111600082116000807F10C03BF
:1015900018460DF0CDFB3B7B19467B7B1A46BB7B87
:1015A000244810F019F93B7C1946234810F014F92F
:1015B000BB7D1946FB7D1A463B7E204810F00CF996
:1015C0001F4810F009F9786800F070F82DE01D4808
:1015D00010F002F9786800F043F826E01A4810F09D
:1015E0006BF9FB6902331968FB6902335B681A46C1
:1015F000164810F0F1F818E0FB6902331B68194631
:10160000134810F0E9F810E0124810F0E5F80CE08B
:10161000FB6902331B6819460F4810F0DDF804E03F
:101620000E4810F0D9F800E000BF00BF2037BD46DB
:1016300080BD00BFE03B0108043C0108203C0108DC
:10164000383C0108583C01087C3C0108CC3C0108AE
:10165000F43C0108303D0108543D0108903D01086B
:1016600080B584B000AF78607B685B680B33FB604B
:10167000FB680233BB60BB681B781946084810F052
:10168000ABF8BB681B78002B03D1064810F014F9A7
:1016900003E0054810F010F900BF1037BD4680BDCB
:1016A000B43D0108E43D0108203E010880B58AB040
:1016B00000AF786007F1080300221A605A609A6050
:1016C000DA6000237B6200233B627B685B680B333C
:1016D000FB61FB690233BB61BB691B78002B28D11E
:1016E0001D4810F0E9F8FFF771FC0F233B727F23D0
:1016F000BB72FFF7B1FD7862796A184810F06CF898
:101700007B6A9BB2BB82FFF799FD3862396A144845
:1017100010F062F83B6A9BB2FB8207F1080318469F
:101720000DF0F0FA01F0A8FE002101200FF040F8C2
:101730000EE0BB691B78012B06D10A4810F04CF86B
:101740007B6800221A7003E0074810F045F800BFDC
:101750002837BD4680BD00BF583E0108743E0108D1
:10176000983E0108B83E0108EC3E010880B500AF84
:101770000121002004F01AFC0121012004F016FCD4
:1017800000BF80BD80B584B000AF786005F000FC7C
:10179000B8607B68FB60FB68B3F1FF3F0AD005F0DF
:1017A0000FFC03461A46FB681344FB6002E0FFF798
:1017B00061FD30BF05F0ECFB0246BB68D31AFA6846
:1017C0009A42F4D800BF00BF1037BD4680BD80B537
:1017D00000AF4FF0FF300FF01BF800BF80BD80B4AA
:1017E00000AF00BFBD465DF8047B704780B582B096
:1017F00000AF7860002110200FF0AEF900BF08376D
:10180000BD4680BD80B582B000AF786002200FF089
:101810000FFA00BF0837BD4680BD80B582B000AF6B
:10182000786002200FF024FA00BF0837BD4680BD63
:1018300080B582B000AF0346FB80FB88B3F5805FC4
:1018400003D0B3F5005F03D005E002F0D5FA02E063
:1018500002F0D8FA00BF00BF0837BD4680BD0000C7
:1018600080B500AF034B01220349002000F0FAFECF
:1018700000BF80BD7D180008E402002080B500AFE5
:10188000154B1B88FF2B1ED8144B1B780D2B0FD12B
:10189000134914480FF0A0FF00F028F80E4B002267
:1018A0001A804FF4807200210D4810F007F90AE009
:1018B000094B1B885A1C91B2074A11801A46074BE4
:1018C0001978074B9954084B01220449002000F075
:1018D000C9FE00BF80BD00BFEC030020E402002071
:1018E000EC020020203F01087D18000880B500AF01
:1018F00013491448FEF744FC0346002B09D1124853
:101900000FF0DAFF114B124A1A60104806F06AF81D
:1019100014E010490B48FEF733FC0346002B09D1B5
:101920000D480FF0C9FF094B0C4A1A60074806F032
:1019300059F803E003490A480FF04EFF00BF80BD8D
:10194000303F0108EC020020343F0108DC02002097
:101950000C0000163C3F0108403F01080D00001636
:10196000483F010880B483B000AF7860064BD3F8DD
:10197000802005497B681343C1F8803000BF0C37D5
:10198000BD465DF8047B70470008005880B483B002
:1019900000AF7860054B1A6804497B6813430B60FD
:1019A00000BF0C37BD465DF8047B70470008005847
:1019B00080B483B000AF0D4B9B6A9BB27B600B4B36
:1019C0009B6A9BB23B6005E03B687B60074B9B6A70
:1019D0009BB23B607A683B689A42F5D13B681846F7
:1019E0000C37BD465DF8047B704700BF00280040FF
:1019F00080B485B000AF03460A46FB711346BB7145
:101A0000BA791D4913465B001344DB000B441533C0
:101A10001B78FB73FB7B062B09D0FA7B1649134618
:101A20005B001344DB000B441433FA791A70FA7923
:101A3000114913465B001344DB000B441533FA7B5A
:101A40001A70FA790C4913465B001344DB000B440F
:101A50001433BA791A70BA79074913465B001344F4
:101A6000DB000B441533FA791A7000BF1437BD46FA
:101A70005DF8047B704700BFF003002080B485B0A0
:101A800000AF03460A46FB711346BB71294B1B7816
:101A9000DBB2BA799A4232D0BA79274913465B0051
:101AA0001344DB000B4414331B78FB73FA7B22498D
:101AB00013465B001344DB000B441533FA791A70AC
:101AC000FA791D4913465B001344DB000B441533C0
:101AD000BA791A70FA79184913465B001344DB008F
:101AE0000B441433FA7B1A70BA79134913465B001E
:101AF0001344DB000B441433FA791A7014E0FA79BA
:101B00000D4913465B001344DB000B441533BA79CF
:101B10001A70BA79084913465B001344DB000B4482
:101B20001433FA791A7000BF1437BD465DF8047B90
:101B3000704700BF80040020F003002080B584B00F
:101B400000AF0346FB714E4B1B78DBB2062B18D15E
:101B50004B4B1B78DAB24B4B1A70494AFB79137026
:101B6000FA79494913465B001344DB000B441533F3
:101B700006221A70454B4FF0FF321A600023FB819A
:101B800078E000F009F90346FB81FA793E491346F3
:101B90005B001344DB000B4408331968FB89FA79B6
:101BA0001944394813465B001344DB0003440833EF
:101BB0001960FA79344913465B001344DB000B4487
:101BC00008331B68BB602E4B1B78DBB219462E4ACC
:101BD0000B465B000B44DB00134408331B68BA68F8
:101BE0009A4237D3264B1B787B737A7B2649134660
:101BF0005B001344DB000B4415331B783B7313E08D
:101C00007A7B214913465B001344DB000B441533F8
:101C10001B787B737A7B1C4913465B001344DB0003
:101C20000B4415331B783B733B7B062B0BD03A7B65
:101C3000154913465B001344DB000B4408331B6853
:101C4000BA689A42DCD27A7BFB7911461846FFF7D4
:101C5000CFFE0FE00A4B1B78DAB2FB79114618462B
:101C6000FFF70CFF064B1B78DAB2064B1A70044ADA
:101C7000FB791370FB8918461037BD4680BD00BF45
:101C80008004002081040020F00300208404002050
:101C900080B485B000AF03460A46FB711346BB71A2
:101CA000394B1B78DBB2FA799A4211D1364B1B784B
:101CB000DAB2364B1A70FA79354913465B00134491
:101CC000DB000B4415331B78DAB22F4B1A703EE061
:101CD000FA792F4913465B001344DB000B4414339D
:101CE0001B78FB73FA792A4913465B001344DB0027
:101CF0000B4415331B78BB73F979FA7B24480B46E8
:101D00005B000B44DB00034415331B78D8B2204939
:101D100013465B001344DB000B44153302461A7074
:101D2000BB7B062B13D0F979BA7B19480B465B00B5
:101D30000B44DB00034414331B78D8B21449134618
:101D40005B001344DB000B44143302461A70FA792B
:101D50000F4913465B001344DB000B440C33012294
:101D60001A70094B1B78DBB2062B07D1BB79002B0D
:101D700004D1084B4FF0FF321A6000BF00BF143788
:101D8000BD465DF8047B704780040020810400207C
:101D9000F00300208404002080B582B000AF1A4B0D
:101DA0001B68B3F1FF3F26D0FFF702FE7860164BA9
:101DB0001B687A689A4205D8134B1A687B68D31A55
:101DC0007B600AE0114B1B881A467B68D31A3B6084
:101DD0000D4B1B683A6813447B600D4B1B781A4609
:101DE0007B6802FB03F37B600A4B1B781A467B6817
:101DF000D3407B6001E000237B607B689BB2184688
:101E00000837BD4680BD00BF840400208C0400203C
:101E10008A0400208904002080B582B000AF034608
:101E2000FB80FB88002B08D1FFF7C2FD0346214A47
:101E30001360032005F059FA39E0FB88012B03D821
:101E40001D4B1B78012B02D0FB88013BFB8000BFA0
:101E50001A4B1B68DB6803F00403002BF8D0174B08
:101E60001B68DB68DAB2154B1B6862F49062DA60BB
:101E7000134B4FF40022DA60032005F044FA114BB3
:101E80005B691B0C1B04FA880E4913434B61FFF777
:101E90008FFD0346074A1360084B1B689A68074B7F
:101EA0001B6842F480629A60AFF3008000BF08377D
:101EB000BD4680BD8404002089040020D404002095
:101EC000000800580028004080B584B000AF454BA2
:101ED0009B6803F48063B3F5806F07D100BF424B6A
:101EE0001B68DB6803F00403002BF8D13E4B1B6832
:101EF0009A683D4B1B6822F480629A603B4B1B78CA
:101F0000FB73FA7B3A4913465B001344DB000B4436
:101F100008331B68BB60FFF73FFF0346FB80FB886D
:101F2000BA689A4205D20023BB81324B01221A7053
:101F30004DE0FB88304A128892B213441A46BB68BF
:101F4000934206D92C4B1B88BB812A4B00221A7066
:101F50003DE0BB689AB2FB88D31ABB81254B0122B6
:101F60001A7034E0FA7B224913465B001344DB000D
:101F70000B4408331A68FB889A420AD2FA7B1C4940
:101F800013465B001344DB000B44083300221A6045
:101F900013E0FA7B164913465B001344DB000B4445
:101FA00008331968FB88FA7BC91A114813465B008D
:101FB0001344DB00034408331960FA7B0C491346D1
:101FC0005B001344DB000B4415331B78FB73FB7B76
:101FD000062BC7D1BB891846FFF71EFF00BF10377D
:101FE000BD4680BD00280040D404002080040020AD
:101FF000F0030020880400208E04002080B58AB001
:1020000000AFEFF310837B617B697B6272B600BF28
:10201000594B1B68CA225A62574B1B6853225A629B
:10202000554B1B689A68544B1B6822F480629A6077
:10203000524B1B7887F8233097F8232050491346DA
:102040005B001344DB000B440C331B78DBB2022B28
:102050006ED197F823204A4913465B001344DB00F6
:102060000B441B68FB6197F82320454913465B002E
:102070001344DB000B4410331B68BB61414B1B78DE
:10208000DBB2002B4CD097F823203D4913465B0070
:102090001344DB000B440D331B78DBB2012B24D13E
:1020A00097F8233001211846FFF7F2FD7B6A3B6168
:1020B0003B6983F3108800BF97F82320304913460B
:1020C0005B001344DB000B4404331A6897F8233099
:1020D0001146184600F032FA274B1B68CA225A6292
:1020E000254B1B6853225A6212E07B6AFB60FB6837
:1020F00083F3108800BF97F82330184600F09AF950
:102100001D4B1B68CA225A621B4B1B6853225A6222
:1021100097F82330FA691946B86900F095FA22E079
:10212000FFF7D2FE7B6ABB60BB6883F310881AE0BE
:1021300000BF114B1B68DB6803F00403002BF8D0D1
:102140000D4B1B68DB68DAB20B4B1B6862F49062C4
:10215000DA600D4B4FF40022DA607B6A7B607B68AB
:1021600083F3108800BF044B1B68FF225A6200BF34
:102170002837BD4680BD00BFD40400208004002065
:10218000F0030020880400200008005880B588B0C3
:1021900000AF03463960FB715E4B1B68CA225A626E
:1021A0005C4B1B6853225A625B4B9B685A4A43F054
:1021B00020039360584B9B68DBB203F00703DBB24C
:1021C000C3F10403DAB2554B1A70534B1B6903F485
:1021D000FE034FF4FE023A613A6992FAA2F2FA6003
:1021E000FA687A617A69002A01D1202203E07A69CB
:1021F000B2FA82F2D2B2D340DBB20133DAB2484B48
:102200001A70454B1B699BB2C3F30E039BB201339B
:102210009AB2444B1A80434B1B88013B404A1278C8
:1022200002FB03F3A3F5A0733C4A1278D340BB61D1
:10223000BB694FF6FE72934204D93B4B4FF6FF72D7
:102240001A8003E0BB699AB2374B1A804FF4002022
:10225000FFF79CFB4FF40020FFF784FBFB79002B7A
:102260003DD1324B01221A70314B4FF0FF321A60D0
:102270000023FB770CE0FA7F2E4913465B001344E2
:10228000DB000B440C3300221A70FB7F0133FB7719
:10229000FB7F052BEFD9284B06221A701D4B1B68BC
:1022A0009A681C4B1B6822F480629A60194B1B6869
:1022B000DB68DAB2174B1B6862F49062DA601F4B7E
:1022C0004FF40022DA60032005F01DF8114B1B6863
:1022D0009A68104B1B6842F480429A6009E00D4BEB
:1022E0001B68DB6803F48063002B02D0032004F03A
:1022F000FCFF084B1B68FF225A62002203210320C7
:1023000004F0B1FF032004F0C8FF00BF2037BD4632
:1023100080BD00BFD40400200028004089040020B4
:102320008A0400208C0400208E04002088040020F1
:1023300084040020F00300208004002000080058DE
:1023400080B48BB000AFF860B9603B601346FB719E
:10235000002387F82630EFF31083FB61FB693B62B3
:1023600072B600BF04E097F82630013387F82630B4
:1023700097F82630052B0CD897F826202C491346C1
:102380005B001344DB000B440C331B78DBB2002BE7
:10239000E9D197F82630062B38D097F82620244923
:1023A00013465B001344DB000B440C3301221A700C
:1023B0003B6ABB61BB6983F3108800BF97F8262096
:1023C0001B4913465B001344DB000B441033FA68CF
:1023D0001A6097F82620164913465B001344DB0069
:1023E0000B440D33FA791A7097F8262010491346DA
:1023F0005B001344DB000B443A681A60BB6897F833
:1024000026201A70002387F8273008E03B6A7B619A
:102410007B6983F3108800BF012387F8273097F882
:10242000273018462C37BD465DF8047B704700BF47
:10243000F003002080B586B000AF0346FB71EFF3D8
:102440001083FB60FB687B6172B600BF032004F061
:1024500032FF344B1B68CA225A62324B1B6853222C
:102460005A62FA79304913465B001344DB000B448F
:102470000C331B78DBB2022B42D1FB7900211846CA
:10248000FFF706FC294B1B78FB74FB7C062B2FD136
:10249000274B9B6803F48063B3F5806F07D100BFBF
:1024A000204B1B68DB6803F00403002BF8D11D4BA5
:1024B0001B689A681B4B1B6822F480629A6000BFFD
:1024C000184B1B68DB6803F00403002BF8D0154B96
:1024D0001B68DB68DAB2134B1B6862F49062DA6047
:1024E000144B4FF40022DA60032004F00CFF07E0E5
:1024F000114B1B78DBB2FA7C9A4201D0FFF7E4FC67
:10250000084B1B68FF225A62032004F0C6FE7B6959
:10251000BB60BB6883F3108800BF00BF1837BD469F
:1025200080BD00BFD4040020F00300208004002000
:1025300000280040000800588104002080B586B0C3
:1025400000AF03463960FB71FA793B4913465B00E3
:102550001344DB000B440C331B78DBB2022B03D19A
:10256000FB791846FFF766FFEFF31083FB60FB680B
:102570007B6172B600BF032004F09DFE2F4B1B68E9
:10258000CA225A622D4B1B6853225A62FA792A4991
:1025900013465B001344DB000B440C3302221A7019
:1025A000FA79254913465B001344DB000B440833DA
:1025B0003A681A60FA79204913465B001344DB003D
:1025C0000B4404333A681A60FB791846FFF7B6FAF1
:1025D00003467B821A4B1B787B741A4B1B78DBB249
:1025E0007A7C9A4202D0FFF76FFC13E0FA79124925
:1025F00013465B001344DB000B44083319687B8AE5
:10260000FA79C91A0C4813465B001344DB000344F3
:1026100008331960094B1B68FF225A62032004F03B
:102620003CFE7B69BB60BB6883F3108800BF00BFC2
:102630001837BD4680BD00BFF0030020D404002041
:10264000800400208104002080B584B000AFF860D1
:102650000B467A60FB727B68984700BF1037BD4617
:1026600080BD000080B584B000AFB9607B600346D8
:10267000FB731346BB81FB7B002B0CD1084A7B68A4
:102680001360084B084A1A60BB891A46B9680548A6
:1026900008F0C6FB00E000BF00BF1037BD4680BD9C
:1026A00090040020F80400200038014080B586B076
:1026B00000AFB9607B600346FB731346BB81002308
:1026C000FB750023BB75FB7B002B0ED1174A7B6883
:1026D0001360174B174A1A60BB891A46B968144829
:1026E00008F0EAFB0346FB7500E000BFFB7D032B0F
:1026F00016D801A252F823F0092700080F27000876
:10270000152700081B2700080023BB7509E00123DB
:10271000BB7506E00223BB7503E00323BB7500E035
:1027200000BFBB7D18461837BD4680BD940400200D
:10273000F80400200038014080B582B000AF786016
:102740007B681B681A46094B9A4207D1084B1B68E5
:10275000002B05D0064B1B68984701E000BF00E046
:1027600000BF00BF0837BD4680BD00BF0038014034
:102770009004002080B582B000AF78607B681B6851
:102780001A46094B9A4207D1084B1B68002B05D00B
:10279000064B1B68984701E000BF00E000BF00BF88
:1027A0000837BD4680BD00BF0038014094040020BA
:1027B00080B483B000AF78604FF0B043D3F890306E
:1027C00023F018024FF0B0417B681343C1F89030FA
:1027D00000BF0C37BD465DF8047B704780B485B000
:1027E00000AF78604FF0B0439A6C4FF0B0417B6817
:1027F00013438B644FF0B0439A6C7B681340FB60CB
:10280000FB6800BF1437BD465DF8047B704780B499
:1028100085B000AF78604FF0B043DA6C4FF0B04154
:102820007B681343CB644FF0B043DA6C7B68134092
:10283000FB60FB6800BF1437BD465DF8047B704742
:1028400080B483B000AF78607B68FF225A6200BF1B
:102850000C37BD465DF8047B704780B483B000AF91
:1028600078607B68CA225A627B6853225A6200BF32
:102870000C37BD465DF8047B704780B483B000AF71
:10288000786039607B689B6823F007023B681A43D5
:102890007B689A6000BF0C37BD465DF8047B7047CB
:1028A00080B500AF04F006FBFEF724FD00F016F83B
:1028B00000F070F800F08EF800F034FB00F03AF908
:1028C00000F026F900F0A2F800F0D4F800F096F835
:1028D000FEF71EFDFEF77BFFFCE7000080B59AB017
:1028E00000AF07F120034822002118460FF0E6F858
:1028F0003B1D00221A605A609A60DA601A615A61C0
:102900009A6105F0B9FB1020FFF752FF204B1B68BE
:1029100023F4C0631E4A43F4007313601C4B1B680E
:1029200003F4C0633B603B6807233B624FF4803392
:102930007B620123BB624FF48073FB6240233B63E5
:102940000023FB6407F12003184605F029FF034626
:10295000002B01D000F0EDFA6F237B600223BB60F7
:102960000023FB6000233B6100237B610023BB61EC
:102970000023FB613B1D0121184606F085FA034642
:10298000002B01D000F0D5FA00BF6837BD4680BDEE
:102990000004005880B594B000AF3B46502200219F
:1029A00018460FF08BF84FF440533B604FF48043D0
:1029B0007B640223BB640023FB643B46184606F09D
:1029C000A0FE0346002B01D000F0B3FA00BF503741
:1029D000BD4680BD80B500AF064B074A1A6005486A
:1029E00005F0C4FA0346002B01D000F0A2FA00BFA4
:1029F00080BD00BF98040020000C005880B400AFD8
:102A000000BFBD465DF8047B7047000080B500AF95
:102A1000164B174A1A60154B00225A60134B0F22AF
:102A20009A60124B47F6FF72DA60104B00221A616F
:102A30000E4B00229A610D4B0022DA610B4B0022F3
:102A40005A610A4807F0E4F80346002B01D000F071
:102A500070FA0748FFF701FF00210548FFF70DFF57
:102A60000348FFF7EDFE00BF80BD00BFD404002087
:102A70000028004080B500AF234B244A1A60224B47
:102A80004FF4E1325A60204B00229A601E4B002224
:102A9000DA601D4B00221A611B4B0C225A611A4B43
:102AA00000229A61184B4FF40042DA61164B002263
:102AB0001A62154B00225A62134B00229A62124886
:102AC00008F05EF90346002B01D000F032FA002135
:102AD0000D480AF0BEF90346002B01D000F029FA98
:102AE000002109480AF0F3F90346002B01D000F059
:102AF00020FA05480AF074F90346002B01D000F0D3
:102B000018FA00BF80BD00BFF80400200038014063
:102B100080B500AF0420FFF761FE0220FFF75EFEE4
:102B200000220F213A2004F09EFB3A2004F0B5FB6E
:102B300000BF80BD80B586B000AF3B1D00221A608B
:102B40005A609A60DA601A610120FFF760FE042083
:102B5000FFF75DFE0220FFF75AFE0820FFF757FE41
:102B60001020FFF754FE8020FFF751FE00220321C2
:102B7000BD4805F0A7F900224FF44071BB4805F0AD
:102B8000A1F900224FF48071B94805F09BF90022A9
:102B90000421B84805F096F925237B600323BB6028
:102BA0000023FB603B1D19464FF0904004F03CFFB2
:102BB0003A237B600323BB600023FB603B1D194667
:102BC000AA4804F031FF40F604437B600023BB6059
:102BD0000023FB603B1D1946A44804F025FF4FF479
:102BE00000737B600223BB600023FB6000233B611A
:102BF0000A237B613B1D19469F4804F015FF012302
:102C00007B600223BB600023FB6000233B61082341
:102C10007B613B1D1946954804F006FF4FF4807315
:102C20007B601223BB600023FB6000233B61042315
:102C30007B613B1D1946904804F0F6FE4FF481532A
:102C40007B600223BB600023FB6000233B61082301
:102C50007B613B1D1946884804F0E6FE4FF40043B3
:102C60007B600223BB600023FB6000233B610123E8
:102C70007B613B1D19464FF0904004F0D5FE4FF4A8
:102C800080637B601223BB600023FB6000233B61F9
:102C900004237B613B1D19464FF0904004F0C4FEB5
:102CA0004FF4C0537B600223BB600023FB60002312
:102CB0003B610A237B613B1D19464FF0904004F0B5
:102CC000B3FE03237B600223BB600023FB60002371
:102CD0003B6105237B613B1D1946654804F0A4FE5A
:102CE000C0237B600223BB600023FB6000233B61A9
:102CF00009237B613B1D19465C4804F095FE4FF4A7
:102D000040437B600223BB600023FB6000233B61E8
:102D100005237B613B1D1946574804F085FE1223AD
:102D20007B600023BB600023FB603B1D19465148BC
:102D300004F07AFE4FF480637B600223BB600023C3
:102D4000FB6000233B6101237B613B1D19464A4820
:102D500004F06AFE04237B600023BB600023FB6059
:102D60003B1D1946444804F05FFE4FF440737B60FE
:102D70000223BB600023FB6000233B6103237B61D4
:102D80003B1D19464FF0904004F04EFE40237B60FF
:102D90000223BB600023FB6000233B6108237B61AF
:102DA0003B1D19464FF0904004F03EFE08237B6027
:102DB0000223BB600023FB6000233B610A237B618D
:102DC0003B1D19464FF0904004F02EFE03237B601C
:102DD0000123BB600023FB6000233B613B1D1946C0
:102DE000214804F021FE4FF440437B600223BB6086
:102DF0000023FB6000233B6101237B613B1D1946DF
:102E00001B4804F011FE43F210037B600023BB60FB
:102E10000023FB603B1D1946154804F005FE4FF4E6
:102E200001737B604FF48813BB600023FB603B1D84
:102E300019460F4804F0F8FD4FF440737B600123FE
:102E4000BB600023FB6000233B613B1D1946074824
:102E500004F0EAFD68237B600223BB600023FB6073
:102E600000233B610A2309E0001C004800080048D9
:102E7000000C004800100048000400487B613B1D26
:102E80001946264804F0D0FD08237B604FF48813D0
:102E9000BB600023FB603B1D1946214804F0C4FDC4
:102EA0004FF480737B600123BB600023FB60002331
:102EB0003B613B1D1946194804F0B6FD4FF44063D1
:102EC0007B600223BB600023FB6000233B6109237E
:102ED0007B613B1D1946114804F0A6FD04237B606D
:102EE0000123BB600023FB6000233B613B1D1946AF
:102EF0000B4804F099FD01237B600223BB60002393
:102F0000FB6000233B610E237B613B1D1946044897
:102F100004F08AFD00BF1837BD4680BD000C004894
:102F20000010004880B400AF00BFBD465DF8047BD0
:102F3000704780B400AF72B600BF00BFFDE780B439
:102F400083B000AF78604FF0B043D3F8903023F4F3
:102F500040724FF0B0417B681343C1F8903000BF1E
:102F60000C37BD465DF8047B704780B400AF4FF06E
:102F7000B043D3F890304FF0B04243F40043C2F86E
:102F8000903000BFBD465DF8047B704780B485B0CB
:102F900000AF78604FF0B043DA6C4FF0B0417B681F
:102FA0001343CB644FF0B043DA6C7B681340FB6093
:102FB000FB6800BF1437BD465DF8047B704780B4E2
:102FC00085B000AF78604FF0B0431A6D4FF0B0415C
:102FD0007B6813430B654FF0B0431A6D7B68134059
:102FE000FB60FB6800BF1437BD465DF8047B70478B
:102FF00080B485B000AF78604FF0B0439A6D4FF069
:10300000B0417B6813438B654FF0B0439A6D7B688A
:103010001340FB60FB6800BF1437BD465DF8047BBE
:10302000704780B485B000AF78604FF0B0431A6E3F
:103030004FF0B0417B6813430B664FF0B0431A6EFC
:103040007B681340FB60FB6800BF1437BD465DF82A
:10305000047B704780B500AF4FF40020FFF7AFFF4F
:10306000002200212E2004F0FEF82E2004F015F995
:1030700000BF80BD80B582B000AF78607B681B6800
:10308000054A934203D14FF48010FFF798FF00BF29
:103090000837BD4680BD00BF000C005880B596B013
:1030A00000AF786007F108035022002118460EF0A7
:1030B00005FD7B681B68144A934220D104F0DCFFB5
:1030C00004F0DAFF4FF48070FFF739FF4FF400632C
:1030D000BB604FF48073BB6407F10803184606F029
:1030E00010FB0346002B01D0FFF723FFFFF73DFF46
:1030F0004FF48060FFF77CFF786806F095FE00BF14
:103100005837BD4680BD00BF0028004080B59CB048
:1031100000AF786007F15C0300221A605A609A6081
:10312000DA601A6107F10C035022002118460EF0F4
:10313000C5FC7B681B682E4A934255D10123FB6076
:1031400000237B6207F10C03184606F0DAFA034607
:10315000002B01D0FFF7EDFE4FF48040FFF761FF39
:103160000220FFF713FFC023FB6502233B66012308
:103170007B660323BB660723FB6607F15C031946E6
:103180001C4804F051FC1C4B1C4A1A601A4B0F22BD
:103190005A60194B10229A60174B0022DA60164BC6
:1031A00080221A61144B00225A61134B00229A614B
:1031B000114B0022DA61104B00221A620E4804F013
:1031C000B1F80346002B01D0FFF7B3FE7B680A4A33
:1031D000DA67094A7B68936200220021242004F008
:1031E00042F8242004F059F800BF7037BD4680BD76
:1031F00000380140000400488C05002044040240CF
:1032000080B400AF00BFFDE780B400AF00BFFDE7B2
:1032100080B400AF00BFFDE780B400AF00BFFDE7A2
:1032200080B400AF00BFFDE780B400AF00BFBD4673
:103230005DF8047B704780B400AF00BFBD465DF809
:10324000047B704780B400AF00BFBD465DF8047BCF
:10325000704780B500AF03F087FE00BF80BD00005F
:1032600080B500AF024807F0A7FE00BF80BD00BFD9
:10327000F804002080B500AF04F054FE00BF80BD0C
:1032800080B500AF024804F02EFA00BF80BD00BF39
:103290008C05002080B500AF01F0CEFB00BF80BDE3
:1032A00080B500AF01F0FEFB00BF80BD80B500AF70
:1032B0004FF4805004F01EFE4FF4005004F01AFE4C
:1032C00000BF80BD80B500AFFEF798FE00BF80BD97
:1032D00080B500AF02F054FE00BF80BD80B400AFE7
:1032E00001231846BD465DF8047B704780B582B067
:1032F00000AF786039600EF033FC034616221A6086
:103300004FF0FF3318460837BD4680BD80B582B008
:1033100000AF78604FF0FF317868FFF7E7FF00BF3C
:10332000FDE780B586B000AFF860B9607A60002331
:103330007B610AE0AFF300800146BB685A1CBA60AB
:10334000CAB21A707B6901337B617A697B689A42E1
:10335000F0DB7B6818461837BD4680BD80B483B06B
:1033600000AF78604FF0FF3318460C37BD465DF86C
:10337000047B704780B483B000AF786039603B68ED
:103380004FF400525A60002318460C37BD465DF8D2
:10339000047B704780B483B000AF78600123184687
:1033A0000C37BD465DF8047B704780B485B000AF34
:1033B000F860B9607A60002318461437BD465DF89E
:1033C000047B704780B586B000AF7860144A154B17
:1033D000D31A7B617B693B61134B1B68002B02D1C5
:1033E000114B124A1A60104B1A687B6813443A69F1
:1033F0009A4207D20EF0B4FB03460C221A604FF03B
:10340000FF3309E0084B1B68FB60074B1A687B68B9
:103410001344054A1360FB6818461837BD4680BD43
:103420000000032000100000EC050020881E002092
:1034300080B400AF034B1B681846BD465DF8047BA3
:10344000704700BF8075FF1F80B400AF034B1B683F
:10345000DBB21846BD465DF8047B70478475FF1FDC
:1034600080B400AF034B1B681B0A1846BD465DF8CD
:10347000047B70478475FF1FF0B5B3B004AF92238F
:1034800087F8B33007F19803C7F8AC300023C7F8CA
:10349000B4303B464322002118460EF00FFB442374
:1034A000BB820823FB824FF4A8633B830223BB76D5
:1034B0000123FB7612233B7729237B779C23FB8315
:1034C0004FF4FA733B84022387F823304FF0FF3325
:1034D0007B624FF4A4733B85012387F82A302023B5
:1034E00087F82D30D82387F82E30062387F82F3021
:1034F000032387F8313040F272637B860D2387F80F
:103500003830042387F83A3000F084FC012102208F
:103510000DF04EF9AD4A002104200DF0FBFA3B46B8
:1035200018460BF0C1FB034687F8AB3097F8AB3079
:10353000002B08D097F8AB301946A5480EF04CF98F
:10354000FFF7F7FC02E0A3480EF046F900F078FC24
:103550000CF006FBA04B002283F874209E4B4FF624
:10356000FF729A819D4A002101200DF0D3FA9C4AF6
:10357000002102200DF0CEFA06200AF0BDFD034620
:1035800087F8B33097F8B330002B06D097F8B330F4
:10359000194694480EF020F902E093480EF01CF909
:1035A000924B00221A70924B01221A7001F0C0F85F
:1035B000904B002290490020FEF7C2FE8F4B002264
:1035C0008F490020FEF7BCFE834B0022DA73824B4A
:1035D00000229A738B4B80221A808B4BA0221A8078
:1035E000012000F0CFFDD7F8AC000BF0A1FB0346A3
:1035F000002B40F0928000F071FEC7F8B400D7F8BD
:10360000B43005331B781D46D7F8B43004331B782B
:103610001E46D7F8B43003331B781A46D7F8B430B7
:1036200002331B781946D7F8B43001331B781C4697
:10363000D7F8B4301B7807F184000393029401910A
:10364000009233462A4671490EF03EF9D7F8AC3065
:103650001B781A46D7F8AC305B781946D7F8AC30EF
:103660009B7807F16C0000930B4669490EF02CF92A
:10367000D7F8AC30DB781A46D7F8AC301B7907F1B5
:10368000580064490EF020F9D7F8AC309B7A1A46FE
:10369000D7F8AC30DB7A1946D7F8AC301B7B07F192
:1036A000440000930B465C490EF00EF90021002007
:1036B00003F0CAF9002003F09FF807F18402032306
:1036C000002100200CF05AFE0CF0F6FD0346DB88CA
:1036D000194607F16C02032300200CF04FFE0CF09A
:1036E000EBFD0346DB885B00194607F15802032314
:1036F00000200CF043FE0CF0DFFD0346DB881A4689
:1037000013465B001344194607F1440203230020CB
:103710000CF034FE002003F06FF84FF47A60FEF7EF
:1037200031F8D7F8B43005331B781D46D7F8B430DC
:1037300004331B781E46D7F8B43003331B781A467F
:10374000D7F8B43002331B781946D7F8B4300133B8
:103750001B781C46D7F8B4301B7807F1840003931C
:1037600002940191009233462A4628490EF0ACF8A3
:103770000021002003F068F9002003F03DF8012348
:10378000264A002100200CF0F9FD0CF095FD0346BF
:10379000DB88194607F18402032300200CF0EEFDBC
:1037A0000CF08AFD0346DB881A4613465B0013447F
:1037B000194603231A4A00200CF0E0FD002003F014
:1037C0001BF800BFBC37BD46F0BD00BFC1E6000816
:1037D000683F0108A03F0108F80500206543000884
:1037E000F1440008C83F01080C4001087806002099
:1037F00079060020BD4300086D060020CD43000877
:103800006E06002070060020720600204440010869
:1038100064400108784001088C4001089C40010880
:10382000B0400108F0B599B004AF7860922387F8F2
:103830004F307B680133BB64BB6C1B78FF2B00F0FF
:10384000B081FF2B00F39C82052B02D03E2B7BD056
:1038500096E2BB6C02337B627B6AB3F801309AB2AA
:10386000A64B9B899A4214D1A44B00229A81A34B68
:10387000002283F87420A2480EF01EF87B6AB3F889
:1038800001309BB219467B6ADB781A469D480DF0E1
:10389000A3FF012000F076FC9B4B01221A70974B8E
:1038A0009A89994B5A80984800F02EFF00F016FD37
:1038B000B862BB6A05331B781D46BB6A04331B78AC
:1038C0001E46BB6A03331B781A46BB6A02331B7859
:1038D0001946BB6A01331B781C46BB6A1B7807F18B
:1038E0000C00039302940191009233462A468749C3
:1038F0000DF0EAFF0021002003F0A6F8002002F0FE
:103900007BFF0123824A002100200CF037FD0CF0E0
:10391000D3FC0346DB88194607F10C020323002081
:103920000CF02CFD0CF0C8FC0346DB881A4613464D
:103930005B00134419460323764A00200CF01EFD59
:10394000002002F059FF1EE2BB6C0233BB63BB6B6D
:103950001B780C2B33D00C2B00F32181012B72D060
:10396000032B40F01C81BB6B01333B636A480DF0B5
:10397000A3FF3B6BB3F803309BB21846FCF7BAFDCC
:103980004FF00002654BFCF71FFE02460B46104647
:1039900019463B6BB3F805309BB21C463B6BB3F842
:1039A00007309BB21A4613469B0013445B000193F9
:1039B000009402460B465A480DF00EFFF0E0BB6B38
:1039C00001337B6357480DF007FF7B6B1B78002B9F
:1039D00003D155480DF070FF02E054480DF06CFF24
:1039E000464B9B8907F1220207F1230118460AF092
:1039F000FBFB034687F84F3097F84F30002B03D07E
:103A00004B480DF0E9FECBE04A480DF055FF97F822
:103A10002330022B0DD197F82230022B09D197F8D1
:103A20002330194697F822301A4643480DF0D4FE49
:103A3000B6E097F82330194697F822301A463E48E8
:103A40000DF0CAFEACE0BB6B0133FB622B4B93F86D
:103A500075301846FEF7EEFCFB6AB3F801309BB2F6
:103A6000194636480DF0B8FEFB6A9B7A1846FB6A89
:103A70005B7A1C46FB6A1B7A1D46FB6ADB791A4699
:103A8000FB6A9B791946FB6A5B790293019100926C
:103A90002B46224601462A480DF09EFEFB6AB3F8EB
:103AA0000B309BB21846FCF725FD4FF000021B4B74
:103AB000FCF78AFD02460B4610461946FB6AB3F82E
:103AC0000D309BB21C46FB6AB3F80F309BB21A460E
:103AD00013469B0013445B000193009402460B467F
:103AE0000F480DF079FE054B93F87430042B29D163
:103AF000024B062283F8742028E000BFF80500205E
:103B0000BC400108E8400108740600204440010858
:103B10009C400108B0400108244101080000F43F26
:103B200058410108C4410108F4410108004201085C
:103B30000C4201082C4201084C4201087042010865
:103B4000B8420108924B052283F87420FB6AB3F84F
:103B500001309AB28E4B9A818E4B00221A708C4B98
:103B60009A898C4B5A808B4800F0CEFD00F0B6FB52
:103B7000B8620021002002F067FF0CF09DFB0346B5
:103B8000DB881A4613465B00134419460323824A16
:103B900000200CF0F3FB002002F02EFE00E000BF3E
:103BA000F1E0BB6C02337B647B6C1B889BB241F6FB
:103BB0000402934200F0D28041F60402934200F3E3
:103BC000E18040F60E42934200F0D08040F60E4273
:103BD000934200F3D78040F20A42934222DCB3F5CD
:103BE000806FC0F2CF80A3F580630A2B00F2CA80F9
:103BF00001A252F823F000BF2F3C0008173D000837
:103C0000373C0008753C0008853D00087D3C0008F5
:103C1000853D0008553D0008B13C0008C13C000846
:103C2000B93C0008B3F5006F00F09080AAE05B4853
:103C30000DF042FEA3E05A480DF03EFE594B3B64A6
:103C4000594B3B64524B9B89396C184609F002FC76
:103C5000034687F84F3097F84F30002B06D097F87F
:103C60004F30194651480DF0B7FD88E050480DF02F
:103C700023FE84E04F480DF01FFE80E04E480DF01B
:103C80001BFE434B9B89184609F08EFD034687F8BF
:103C90004F3097F84F30002B06D097F84F30194629
:103CA00046480DF099FD6AE045480DF005FE66E0D6
:103CB00044480DF001FE62E043480DF0FDFD5EE07A
:103CC00042480DF0F9FD7B6C0233D3F802301946FF
:103CD0003F480DF081FD7B6C0233D3F8023019466A
:103CE0003C480DF079FD2A4B9B890121184609F0CB
:103CF000AFFD034687F84F3097F84F30002B06D0C2
:103D000097F84F30194634480DF066FD37E03348D8
:103D10000DF0D2FD33E07B6C0233FB6330480DF0D5
:103D2000CBFDFB6B9B78002B03D12E480DF0C4FD1F
:103D300008E0FB6B9B781946FB6BDB781A462A4838
:103D40000DF04AFD0A200DF059FD18E0274B012225
:103D50001A7014E026480DF03FFD10E00C4B93F86C
:103D600076300A211846FEF7E9FB08E021480DF0FD
:103D700033FD074B9B8918460AF07DF800BF01E030
:103D800000BF00E000BF012318465437BD46F0BD18
:103D9000F8050020740600200843010814430108B8
:103DA0004443010807B2010040E201006C430108EE
:103DB000A0430108C8430108F4430108184401085E
:103DC00048440108704401089C440108CC4401089F
:103DD000004501081C4501083445010884450108D7
:103DE000CC450108F8450108104601087906002075
:103DF0004C4601087446010880B500AF00F0BEFCD7
:103E000000BF80BD80B500AF002102200CF0A4FEF1
:103E100000BF80BD80B582B000AF064B3B60064B53
:103E20007B603B46194605480AF02EFC00BF083768
:103E3000BD4680BD28000320994500086145000863
:103E4000B0B58CB006AF00233B809223FB75AF4822
:103E50000DF032FD0AF0A4F90346FB75FB7D002B43
:103E600005D0FB7D1946AA480DF0B6FC02E0A94832
:103E70000DF022FD00F032FA38613A690621002087
:103E80000AF04EF80346FB75FB7D002B05D0FB7D49
:103E90001946A1480DF0A0FC21E0A0480DF00CFD52
:103EA0003B6905331B7818463B6904331B781C4675
:103EB0003B6903331B781D463B6902331B781A4666
:103EC0003B6901331B7819463B691B7802930191CA
:103ED00000922B462246014691480DF07DFC3B693D
:103EE00005331A788F4B1A723B6904331A788D4B5D
:103EF0005A723B6903331A788A4B9A723B690233D0
:103F00001A78884BDA723B6901331A78854B1A7339
:103F10003B691A78834B5A73834A1021182009F0A1
:103F2000FFFF0346FB75FB7D002B05D0FB7D19468B
:103F30007E480DF051FC02E07D480DF0BDFC7D4A4D
:103F40001021082009F0ECFF0346FB75FB7D002BD8
:103F500005D0FB7D194678480DF03EFC02E077481D
:103F60000DF0AAFC182101200AF05FF80346FB754A
:103F7000FB7D002B05D0FB7D194671480DF02CFC14
:103F800002E070480DF098FC09F0C9FC0346FB758F
:103F9000FB7D002B05D0FB7D19466B480DF01CFC0A
:103FA00002E06A480DF088FC0023FB73FB7B43F0C2
:103FB0000103FB73FB7B002B2BD0654BBB60BA1D51
:103FC000F87BBB1C01933B1D009313460722002185
:103FD00009F0A7FA0346FB75FB7D002B05D0FB7D9E
:103FE00019465C480DF0F8FB02E05B480DF064FCFC
:103FF000FC88BD88B868FCF723F90346DAB2BB68D1
:104000000093134600222946204609F08BFE034602
:10401000FB75F88879883B4600930223002209F05B
:1040200081FE0346FB750222022100200AF05AF9A4
:104030000346FB75FB7D002B05D0FB7D19464748E9
:104040000DF0CAFB02E046480DF036FC454B01225C
:104050001A70444B1B78184609F0E4F80346FB75C8
:10406000FB7D002B05D0FB7D19463F480DF0B4FBCE
:1040700002E03E480DF020FC3A4B01225A70394BC9
:104080000822DA70374B10221A71364B01229A70CF
:10409000344B9878334B5978324BDB78314A12796C
:1040A00000240494002403940124029401920093B8
:1040B0000023012209F00AF90346FB75FB7D002B62
:1040C00005D0FB7D19462A480DF086FB02E0294801
:1040D0000DF0F2FB234B9B78002B0FD009F040FB37
:1040E0000346FB75FB7D002B05D0FB7D194622485E
:1040F0000DF072FB02E021480DF0DEFB20480DF0D0
:104100006BFB00BF1837BD46B0BD00BF9C46010821
:10411000C8460108F8460108184701087C4701080D
:10412000D047010810000020345201080C48010853
:104130006448010844520108AC48010804490108D8
:104140004C4901088C490108BC490108F0490108A3
:10415000144A01081C4A01084C4A01086C4A01082B
:10416000A84A0108F8050020D44A0108144B0108A8
:10417000444B0108904B0108CC4B01080C4C010842
:104180003C4C010880B58CB008AF0346FB7192230C
:10419000FB72FB79012B06D1414B1B88FB81414B04
:1041A0001B88BB8105E04FF4C863FB814FF47A6341
:1041B000BB813D4B93F875301846FEF73BF9FB7910
:1041C000022B19D1384B93F87430012B04D0364BA5
:1041D00093F87430022B0FD108F006FF0346FB72F0
:1041E000FB7A002B05D0FB7A194630480DF0F4FA23
:1041F00002E02F480DF060FB2B4AFB7982F8743007
:10420000294B9B7BBA89F9890020069000200590F4
:10421000284804900393284B02930823019300231A
:1042200000930023002008F003FF0346FB72FB7A93
:10423000002B05D0FB7A194620480DF0CDFA02E09C
:104240001F480DF039FB1F490E2009F017FA0346ED
:10425000FB72FB7A002B0ED0FB79012B05D1FB7A88
:10426000194619480DF0B8FA17E0FB7A19461748B5
:104270000DF0B2FA11E0FB79012B0AD114480DF0D0
:10428000ABFA094B93F8753012491846FEF756F908
:1042900003E011480DF0A0FA00BF1037BD4680BD05
:1042A0007006002072060020F8050020684C010806
:1042B000B44C01080706002054520108FC4C0108C8
:1042C000344D0108100000205C4D0108904D01089C
:1042D000C84D010846E00100F04D010880B586B0E8
:1042E00000AFFFF7A5F838613B69B3F1FF3F23D07A
:1042F000FFF7B6F8B860FFF7A7F878603B69DAB265
:10430000164B1A703B691B0ADAB2144B5A707B6861
:10431000DAB2124B9A70BB68DAB2104BDA70BB6833
:104320001B0ADAB20D4B1A71BB681B0CDAB20B4BCD
:104330005A710A4B7B610BE000200AF061FBF860C8
:10434000FB68002B02D0FB687B6101E0044B7B61C2
:104350007B6918461837BD4680BD00BFF0050020B8
:104360002C52010880B582B000AF104B93F8743026
:10437000052B17D09223FB7108F036FE0346FB7124
:104380000A4B002283F87420FB79002B03D00848E5
:104390000DF022FA06E007480DF01EFA06480DF06F
:1043A0001BFA00BF00BF0837BD4680BDF8050020DE
:1043B000204E0108444E01084C4E010880B500AF64
:1043C000002101200CF0C8FB00BF80BD80B400AF0D
:1043D00000BFBD465DF8047B7047000090B589B012
:1043E00002AF0346FB803A4B1B78012B48D1384B78
:1043F00000221A70374B1B780133002B03F00103A6
:10440000B8BF5B42DAB2334B1A70324B1B78324A78
:104410009B00134493ED007AF7EE046AC7EE267A08
:10442000FDEEE77A17EE903AFB822A4B1B782A4A78
:104430009B00134493ED007AF7EE046AC7EE267AE8
:10444000FDEEE77A17EE903ABB8200237B824FF4B1
:10445000FA733B82214B98897C8ABA8AF98A3B8A13
:104460000093234609F0BBFF0346FB73FB7B002B45
:1044700003D01B480DF0B0F902E01A480DF0ACF97A
:10448000144B1B78002B0ED10BF016FF0346DB8874
:104490001A4613465B00134419460323124A0020B0
:1044A0000BF06CFF0DE00BF007FF0346DB881A46AC
:1044B00013465B001344194603230C4A00200BF0FB
:1044C0005DFF002002F098F900BF1C37BD4690BD8B
:1044D000790600207806002008000020F80500205A
:1044E000684E0108904E0108C04E0108D44E0108E4
:1044F00080B500AF084B93F87430012B0AD0064BFF
:1045000093F87430002B05D0034B9B891846FFF7B6
:1045100065FF00BF00BF80BDF805002080B582B0F8
:1045200000AF7860002104200CF016FB00BF0837B4
:10453000BD4680BD80B582B000AF786001200CF030
:1045400077FB00BF0837BD4680BD80B582B000AFA5
:10455000786001200CF08CFB00BF0837BD4680BDA1
:1045600080B584B000AF78607B68FB60FB685B68F7
:10457000083318460BF046FB0346FB72FB7A002B10
:1045800003D0FB6801221A7003E0FB6800221A7056
:1045900000BF1037BD4680BD80B584B000AF034674
:1045A000FB71FB79002B02D0012B06D00BE00F230F
:1045B000FB60F8680CF0FCFA05E00F23FB60F8687C
:1045C0000CF016FB00BF00BF1037BD4680BD0000D9
:1045D00080B584B000AF78607B681B78032B1AD05D
:1045E000032B79DC002B02D0012B0AD074E03E4B68
:1045F00001221A703D480DF05FF93D480DF0ECF8CE
:104600006DE0394B00221A703A480DF055F93848E0
:104610000DF0E2F863E07B685B681B78002B2AD121
:104620007B685B6801331B78012B13D100233B733C
:1046300000237B732223BB7307F10C031846FCF79E
:10464000E5FE2D480DF038F929480DF0C5F8264B48
:1046500001229A707B685B6801331B78002B0AD1BA
:10466000FCF7E3FE25480DF027F921480DF0B4F8DA
:104670001D4B00229A707B685B681B78012B2DD143
:104680007B685B6801331B78012B13D100233B73DC
:1046900000237B732223BB7307F10C031846FCF73E
:1046A000B5FE17480DF008F911480DF095F80E4BBE
:1046B00001229A707B685B6801331B78002B0DD157
:1046C000FCF7B3FE0F480DF0F7F809480DF084F839
:1046D000054B00229A7001E000BF00E000BF00BF60
:1046E0001037BD4680BD00BF7C060020E84E0108A3
:1046F0001C4F0108204F0108544F01087C4F01084E
:10470000A44F0108CC4F010880B582B000AF78609B
:104710007B681B78002B05D0012B00D003E000F054
:1047200019F800E000BF00BF0837BD4680BD00009B
:1047300080B500AF054A002108200CF0EBF9044BCE
:1047400000221A7000F006F800BF80BD8D470008F7
:104750007C06002080B500AFFCF767FE064B012207
:104760005A70054B00229A70034B0122DA70024BFB
:1047700000221A7100BF80BD7C06002080B500AF0A
:10478000002108200CF0E8F900BF80BD80B500AF23
:104790001D4B1B79002B11D11B4B01221A710BF001
:1047A0008BFD0346DB885B0019460323174A002074
:1047B0000BF0E4FD002002F01FF810E0124B002285
:1047C0001A710BF079FD0346DB885B001946032361
:1047D0000F4A00200BF0D2FD002002F00DF80A4B2A
:1047E0001B78002B0BD00B480CF0F6FF0A480CF09E
:1047F000F3FF0A494FF642600AF034FA03E0084832
:104800000CF0EAFF00BF80BD7C060020F44F0108D9
:10481000085001081C5001081C4F01087F060020A9
:104820005C50010880B400AF054BDB68044A43F4D8
:104830000043D36000BFBD465DF8047B704700BFF6
:104840000004005880B483B000AF7860064BD3F802
:10485000D42005497B681343C1F8D43000BF0C371E
:10486000BD465DF8047B70470008005880B483B0F3
:1048700000AF7860054B1A6A04497B6813430B62EA
:1048800000BF0C37BD465DF8047B70470008005838
:1048900080B485B000AF78604FF0B0431A6D4FF030
:1048A000B0417B6813430B654FF0B0431A6D7B68D2
:1048B0001340FB60FB6800BF1437BD465DF8047B06
:1048C000704780B485B000AF78604FF0B043D3F844
:1048D00050214FF0B0417B681343C1F850314FF085
:1048E000B043D3F850217B681340FB60FB6800BFE6
:1048F0001437BD465DF8047B704780B483B000AFC9
:1049000078607B681B6843F480327B681A6000BF64
:104910000C37BD465DF8047B704780B483B000AFB0
:1049200078607B681B6843F001027B681A6000BFF7
:104930000C37BD465DF8047B704780B483B000AF90
:10494000786039607B685A683B681B04DB431A4017
:104950007B685A6000BF0C37BD465DF8047B70472A
:1049600080B483B000AF786039607B685A683B6878
:104970001B041A437B685A6000BF0C37BD465DF8C4
:10498000047B704780B483B000AF786039607B6887
:104990005A683B68DB431A407B685A6000BF0C379B
:1049A000BD465DF8047B704780B483B000AF78608B
:1049B00039607B683A689A6000BF0C37BD465DF885
:1049C000047B704780B483B000AF786039603B6887
:1049D0001A047B689A6000BF0C37BD465DF8047B03
:1049E000704780B483B000AF786039607B68DA6864
:1049F0003B6813403A689A4201D1012300E000234A
:104A000018460C37BD465DF8047B704780B483B010
:104A100000AF786039607B68DA693B6813403A68B8
:104A20009A4201D1012300E0002318460C37BD460D
:104A30005DF8047B7047000080B500AF0221184884
:104A4000FFF7E4FF0346002B08D0154B5B6803F02B
:104A50000203002B02D100F025F91EE001211048CD
:104A6000FFF7D4FF0346002B08D00D4B5B6803F023
:104A70000103002B02D100F099F80EE0082108484C
:104A8000FFF7C4FF0346002B08D0054B5B6803F01B
:104A90000803002B02D100F07DF900BF00BF80BDEC
:104AA000000C005880B500AF02211848FFF799FFAD
:104AB0000346002B08D1154B5B6803F40033002B31
:104AC00002D100F0D3F81EE008211048FFF789FF5B
:104AD0000346002B08D10D4B5B6803F40023002B29
:104AE00002D100F019F90EE020210848FFF779FF04
:104AF0000346002B08D1054B5B6803F40013002B21
:104B000002D100F05FF800BF00BF80BD000C00586C
:104B100080B500AF4FF48010FFF7D3FE4FF4007064
:104B2000FFF7A4FE4FF40070FFF78CFE40BF20BFDC
:104B3000FFF778FE00BF80BD80B500AF4FF4801056
:104B4000FFF7A6FE0648FFF7E8FE0548FFF7D5FE8B
:104B50002C2002F0A2FB2D2002F09FFB00BF80BDA5
:104B6000000C005880B584B000AFEFF310837B6079
:104B70007B68FB6072B600BF01210648FFF702FFA9
:104B8000FB68BB60BB6883F3108800BF00BF1037B1
:104B9000BD4680BD000C005880B500AF0121024821
:104BA000FFF710FF00BF80BD000C005880B500AFBC
:104BB0000BF00CF901210248FFF7F6FE00BF80BDA3
:104BC000000C005880B584B000AFEFF310837B6019
:104BD0007B68FB6072B600BF20210748FFF7C0FE6C
:104BE000FB68BB60BB6883F3108800BF0BF01EF945
:104BF00000BF1037BD4680BD000C005880B584B0A2
:104C000000AFEFF310837B607B68FB6072B600BF80
:104C100002210648FFF7B6FEFB68BB60BB6883F362
:104C2000108800BF00BF1037BD4680BD000C005883
:104C300080B584B000AF02210B48FFF7C3FEEFF34D
:104C400010837B607B68FB6072B600BF0221064860
:104C5000FFF773FEFB68BB60BB6883F3108800BF7F
:104C600000BF1037BD4680BD000C005880B584B031
:104C700000AFEFF310837B607B68FB6072B600BF10
:104C800002210748FFF76CFEFB68BB60BB6883F33B
:104C9000108800BF0BF01EF900BF1037BD4680BD65
:104CA000000C005880B500AF0BF02AF90221024831
:104CB000FFF77AFE00BF80BD000C005880B586B0BB
:104CC00000AF786008211248FFF78BFE0346002BE7
:104CD00013D0104A7B681360EFF31083FB60FB680E
:104CE0007B6172B600BF08210948FFF726FE7B6989
:104CF0003B613B6983F3108805E07B689847082196
:104D00000348FFF75FFE00BF1837BD4680BD00BFF8
:104D1000000C00588406002080B584B000AFEFF38B
:104D200010837B607B68FB6072B600BF08210A4875
:104D3000FFF716FEFB68BB60BB6883F3108800BFFB
:104D4000064B1B68984708210348FFF73BFE00BF4E
:104D50001037BD4680BD00BF000C005884060020FF
:104D600080B584B000AFEFF310837B607B68FB609D
:104D700072B600BF08210648FFF704FEFB68BB605F
:104D8000BB6883F3108800BF00BF1037BD4680BDED
:104D9000000C005880B500AF0BF05AF9082102480A
:104DA000FFF702FE00BF80BD000C005880B584B044
:104DB00000AF786039607B68002B03D14FF0FF3380
:104DC000FB601CE03B681A687B681A603B685A68A5
:104DD0007B685A603B689A687B689A603B68DA68CF
:104DE0007B68DA603B681A697B681A617B680C4AE9
:104DF0009A617B680B4A5A617B687A68DA617B68E2
:104E00001B68002B04D07B681B689847F86002E0A1
:104E10004FF0FF33FB60FB6818461037BD4680BD7E
:104E2000B15C0008DF5C000880B586B000AFF860B8
:104E3000B9607A6000237B61FB68002B02D07B683D
:104E4000002B03D04FF0FF337B61ABE0FB6893F89E
:104E50002030002B40F0A380FB68012283F8202043
:104E6000FB687A685A626421F86800F06BFF80235F
:104E7000FB74FB6803F1140007F113020123012105
:104E800000F07AFF02467B6913447B618D23FB743B
:104E9000FB6803F1140007F113020123012100F064
:104EA0006BFF02467B6913447B611423FB74FB6830
:104EB00003F1140007F113020123012100F05CFF4C
:104EC00002467B6913447B612023FB74FB6803F17A
:104ED000140007F113020123012100F04DFF0246E7
:104EE0007B6913447B610023FB74FB6803F11400AE
:104EF00007F113020123012100F03EFF02467B6906
:104F000013447B614023FB74FB6803F1140007F139
:104F100013020123012100F02FFF02467B69134495
:104F20007B61C823FB74FB6803F1140007F11302D3
:104F30000123012100F020FF02467B6913447B61BD
:104F4000A123FB74FB6803F1140007F11302012392
:104F5000012100F011FF02467B6913447B61AF23FE
:104F6000FB74FB6803F1140007F113020123012114
:104F700000F002FF02467B6913447B61002000F0D1
:104F8000C5FEFB6803F114004FF480630B4A012156
:104F900000F0F2FE02467B6913447B6102E04FF0B1
:104FA000FF337B617B69002B02D04FF0FF337B61C5
:104FB0007B6918461837BD4680BD00BF90060020AB
:104FC00080B584B000AF78600023FB607B6893F805
:104FD0002030002B0AD0786800F05EF80246FB68AB
:104FE0001344FB607B68002283F82020FB68002BC1
:104FF00002D04FF0FF33FB60FB6818461037BD4608
:1050000080BD80B483B000AF786039604FF0FF336B
:1050100018460C37BD465DF8047B704780B584B0F8
:1050200000AF78600023FB608D23FB727B6803F187
:10503000140007F10B020123012100F09DFE02463E
:10504000FB681344FB601423FB727B6803F11400BC
:1050500007F10B020123012100F08EFE0246FB68DE
:105060001344FB60AF23FB727B6803F1140007F16C
:105070000B020123012100F07FFE0246FB6813446E
:10508000FB60FB68002B02D04FF0FF33FB60FB6836
:1050900018461037BD4680BD80B584B000AF78603B
:1050A0000023FB608D23FB727B6803F1140007F182
:1050B0000B020123012100F05FFE0246FB6813444E
:1050C000FB601023FB727B6803F1140007F10B02F5
:1050D0000123012100F050FE0246FB681344FB60EF
:1050E000AE23FB727B6803F1140007F10B0201236E
:1050F000012100F041FE0246FB681344FB60FB689F
:10510000002B02D04FF0FF33FB60FB6818461037CE
:10511000BD4680BD80B483B000AF786039604FF089
:10512000FF3318460C37BD465DF8047B704780B4EA
:1051300083B000AF786039604FF0FF3318460C370A
:10514000BD465DF8047B704780B483B000AF7860E3
:1051500039604FF0FF3318460C37BD465DF8047BCD
:10516000704780B483B000AF786039604FF0FF3390
:1051700018460C37BD465DF8047B704780B485B097
:1051800000AFF860B9607A604FF0FF33184614370B
:10519000BD465DF8047B704780B584B000AF786091
:1051A0000023FB604023FB727B6803F1140007F1CE
:1051B0000B020123012100F0DFFD0246FB681344CE
:1051C000FB602123FB727B6803F1140007F10B02E3
:1051D0000123012100F0D0FD0246FB681344FB606F
:1051E0000023FB727B6803F1140007F10B0201231B
:1051F000012100F0C1FD0246FB681344FB607F23E0
:10520000FB727B6803F1140007F10B0201230121FB
:1052100000F0B2FD0246FB681344FB602223FB72E0
:105220007B6803F1140007F10B020123012100F058
:10523000A3FD0246FB681344FB600023FB727B68FE
:1052400003F1140007F10B020123012100F094FD8A
:105250000246FB681344FB600F23FB727B6803F17B
:10526000140007F10B020123012100F085FD024625
:10527000FB681344FB607B6803F114004FF4806308
:10528000094A012100F078FD0246FB681344FB60E7
:10529000FB68002B02D04FF0FF33FB60FB68184621
:1052A0001037BD4680BD00BF9006002080B58EB08F
:1052B00000AFF860B9607A603B6000237B63002335
:1052C000BB6200237B6200233B620023FB6100235F
:1052D000BB6100237B6100233B6100233B63002310
:1052E000FB623B6802331B781A463B6803331B782A
:1052F0001B021A443B6804331B781B041A443B68A6
:1053000005331B781B0613447B623B680A331B780A
:105310001A463B680B331B781B021A443B680C335C
:105320001B781B041A443B680D331B781B0613447F
:10533000BB623B6812331B781A463B6813331B78F9
:105340001B021A443B6814331B781B041A443B6845
:1053500015331B781B061344FB613B6816331B781F
:105360001A463B6817331B781B021A443B681833F4
:105370001B781B041A443B6819331B781B06134423
:105380003B627A6ABB6AD31A5B087B623A68BB6A83
:1053900013443B60BB68002B16D1BB68002B0CBFCD
:1053A00001230023DAB27B6AB3F5806F0CBF0123BF
:1053B0000023DBB21340DBB2002B05D07A6A3968D8
:1053C00043480CF0FAFB78E0BA68FB691344BB6110
:1053D0007A683B6A13447B617B683B6169E03B69A7
:1053E0007B600023FB625AE07B6803F00703002B1D
:1053F00021D17A697B68D31A072B1CD9FB6A03F089
:105400000703002B17D1FB6ADB08FA6903FB02F2E2
:105410003B6B13443A681A447B68DB08D901BB68CC
:105420000B4411782A4AD1547B6807337B60FB6AAE
:105430000733FB622DE0FB6ADB08FA6903FB02F22B
:105440003B6B13443A6813441B781A46FB6A03F01B
:10545000070342FA03F303F00103002B0CD0FF23F0
:105460007A68B968F86800F03DFA0346002B10D05E
:105470004FF0FF337B6316E000237A68B968F86861
:1054800000F030FA0346002B03D04FF0FF337B636C
:1054900009E07B6801337B60FB6A0133FB627A6859
:1054A0007B699A42A0D3BB680133BB603B6B01337D
:1054B0003B63BA68BB699A4291D37B6B002B02D0E5
:1054C0004FF0FF337B637B6B18463837BD4680BD9A
:1054D0009006002080B590B000AFF86008461146F5
:1054E0001A4603467B810B463B811346FB80002313
:1054F000FB630023BB6200237B620023BB630023AA
:105500007B6300233B620023FB610023BB6100231C
:105510007B6100233B630023FB6200233B61FB6C48
:1055200002331B889BB27B62FB6C04331B889BB2EB
:105530001B041A467B6A13437B62FB6C0A331B888D
:105540009BB2BB62FB6C0C331B889BB21B041A46DC
:10555000BB6A1343BB62FB6C12331B887B63FB6C1F
:1055600014331B881B047A6B13437B637B6B3B6296
:10557000B7F90630002B09DBFA887B8913447B815D
:10558000B7F906307A6BD31A7B6308E0B7F90630B7
:105590007A6B13447B63B7F906305B423B63FB6C69
:1055A00016331B88BB63FB6C18331B881B04BA6B58
:1055B0001343BB63B7F94830002B0ADBB7F9483017
:1055C000BA6BD31ABB63B7F848203B8913443B81BD
:1055D00008E0B7F94830BA6B1344BB63B7F94830F9
:1055E0005B42FB62FB6A3B617A6ABB6AD31A5B0867
:1055F0007B62B7F90630BA6B02FB03F3DA08B7F93E
:105600004830796B01FB03F3DB0813447A6AD31A41
:105610007B62FA6CBB6A1344FB647B89002B16D156
:105620007B89002B0CBF01230023DAB27B6AB3F520
:10563000806F0CBF01230023DBB21340DBB2002BD1
:1056400005D07A6AF96C45480CF0B7FA7AE07B89A4
:105650007A6B1344FB613B89BA6B1344BB613B8992
:105660007B616BE07B693B813B69FB625CE03B8972
:1056700003F007039BB2002B22D13B89BA69D31AEE
:10568000072B1DD9FB6A03F00703002B18D1FB6A17
:10569000DB083A6A03FB02F23B6B1344FA6C1A44D0
:1056A00079893B89DB089BB2DB010B4411782B4ADB
:1056B000D1543B8907333B81FB6A0733FB622DE002
:1056C000FB6ADB083A6A03FB02F23B6B1344FA6C99
:1056D00013441B781A46FB6A03F0070342FA03F3EC
:1056E00003F00103002B0CD079893A89FF23F86875
:1056F00000F0F8F80346002B10D04FF0FF33FB63A7
:1057000016E079893A890023F86800F0EBF803463F
:10571000002B03D04FF0FF33FB6309E03B890133DB
:105720003B81FB6A0133FB623B89BA699A429ED88E
:105730007B8901337B813B6B01333B637B89FA6956
:105740009A428FD8FB6B002B02D04FF0FF33FB63E4
:10575000FB6B18464037BD4680BD00BF9006002059
:1057600080B588B000AFF860B9607A603B60002314
:10577000FB610023BB6132E000237B6128E03B68D2
:105780001B781A463B6801331B781B021A433B689F
:1057900002331B781B041A433B6803331B781B0638
:1057A00013433B61BA687B69D1187A68BB691A44B4
:1057B0003B69F86800F096F80346002B02D04FF0E2
:1057C000FF33FB613B6804333B607B6901337B61E2
:1057D0007A69BB6A9A42D2D3BB690133BB61BA69A9
:1057E000FB6A9A42C8D3FB6918462037BD4680BD84
:1057F00080B586B000AFF860B9607A603B60002386
:105800007B6100233B61BB683B6108E03B6A7A68CF
:105810003969F86800F066F83B6901333B61BA68A2
:105820003B6813443A699A42F0D37B69002B02D05B
:105830004FF0FF337B617B6918461837BD4680BD4A
:1058400080B586B000AFF860B9607A603B60002335
:105850007B6100233B617B683B6108E03B6A3A69FE
:10586000B968F86800F03EF83B6901333B617A683B
:105870003B6813443A699A42F0D37B69002B02D00B
:105880004FF0FF337B617B6918461837BD4680BDFA
:1058900080B588B002AFF860B9607A603B600023E1
:1058A0007B6100233B6113E03A697B681A447B6AA1
:1058B00000933B68B968F868FFF79AFF0346002B2E
:1058C00003D04FF0FF337B6106E03B6901333B615E
:1058D0003A693B6A9A42E7D37B6918461837BD4656
:1058E00080BD000080B487B000AFF860B9607A6016
:1058F0003B6000237B613B68FF2B17D17B68DB0893
:10590000D901BA680A441C498A5C51B27A6802F02B
:105910000702012000FA02F252B20A4351B2DA0140
:10592000BB681344C9B2144AD15418E07B68DB0841
:10593000D901BA680A4410498A5C51B27A6802F007
:105940000702012000FA02F252B2D24352B20A40D8
:1059500051B2DA01BB681344C9B2074AD1547B691A
:10596000002B02D04FF0FF337B617B6918461C3758
:10597000BD465DF8047B70479006002080B487B078
:1059800000AFF860B9607A603B6000237B61BB6860
:105990007F2B02D87B683F2B03D93B6800221A601B
:1059A0001CE07B68DB08DA01BB6813440F4AD35C58
:1059B00019467B6803F00703012202FA03F30B4048
:1059C0001A463B681A603B681B68002B03D03B6893
:1059D00001221A6002E03B6800221A607B691846C7
:1059E0001C37BD465DF8047B704700BF9006002061
:1059F00080B485B000AF786039600023FB607B68BD
:105A00005B6A002B03D13B6880221A6002E04FF0F2
:105A1000FF33FB60FB6818461437BD465DF8047B16
:105A2000704780B485B000AF786039600023FB60B8
:105A30007B685B6A002B03D13B6840221A6002E05E
:105A40004FF0FF33FB60FB6818461437BD465DF826
:105A5000047B704780B584B000AF78600B467B80D4
:105A60000023FB607B88DBB263F04F03DBB2FB7289
:105A70007B6803F1140007F10B020123012100F000
:105A80007BF90246FB681344FB60FB68002B02D0E5
:105A90004FF0FF33FB60FB6818461037BD4680BDF2
:105AA00080B584B000AF78600B467B800023FB603C
:105AB0000023FB727B6803F1140007F10B02012342
:105AC000012100F059F90246FB681344FB607B8812
:105AD000DBB2FB727B6803F1140007F10B020123B8
:105AE000012100F049F90246FB681344FB601F23C3
:105AF000FB727B6803F1140007F10B020123012103
:105B000000F03AF90246FB681344FB60FB68002B87
:105B100002D04FF0FF33FB60FB6818461037BD46DC
:105B200080BD80B586B000AFF860084611461A46C1
:105B300003467B810B463B811346FB8000237B6140
:105B40007B89DBB2FB74FB6803F1140007F11302DD
:105B50000123012100F010F902467B6913447B61A7
:105B60000023FB74FB6803F1140007F11302012307
:105B7000012100F001F902467B6913447B613B89F6
:105B8000DBB2FB74FB6803F1140007F1130201237D
:105B9000012100F0F1F802467B6913447B613B8CE4
:105BA000DBB2FB74FB6803F1140007F1130201235D
:105BB000012100F0E1F802467B6913447B61FB8818
:105BC000DBB2FB74FB6803F1140007F1130201233D
:105BD000012100F0D1F802467B6913447B61002368
:105BE000FB74FB6803F1140007F113020123012188
:105BF00000F0C2F802467B6913447B61FF23FB740B
:105C0000FB6803F1140007F113020123012100F0E6
:105C1000B3F802467B6913447B617B69002B02D099
:105C20004FF0FF337B617B6918461837BD4680BD56
:105C300080B584B000AF78600023FB602F23FB7237
:105C40007B6803F1140007F10B020123012100F02E
:105C500093F80246FB681344FB60FB68002B02D0FC
:105C60004FF0FF33FB60FB6818461037BD4680BD20
:105C700080B584B000AF78600023FB602E23FB72F8
:105C80007B6803F1140007F10B020123012100F0EE
:105C900073F80246FB681344FB60FB68002B02D0DC
:105CA0004FF0FF33FB60FB6818461037BD4680BDE0
:105CB00080B586B000AFF8607A601A460B467B81EB
:105CC00013463B81FB687B617B69DB683A89788995
:105CD00079689847034618461837BD4680BD80B599
:105CE00086B000AFF8607A601A460B467B81134697
:105CF0003B81FB687B617B699B683A89788979681D
:105D00009847034618461837BD4680BD80B582B017
:105D100000AF0346FB80FB88FF2B06D14FF4806267
:105D2000FF2107480BF0CAFE05E04FF48062002116
:105D300003480BF0C3FE00BF0837BD4680BD00BF5F
:105D40009006002080B584B000AF786039607B6831
:105D50001B6998470346FB6000BF7B681B69984737
:105D600003461A46FB68D31A3A689A42F5D80023CC
:105D700018461037BD4680BD90B585B000AFF860BD
:105D80007A601A460B467B8113463B81FB681C6890
:105D9000FB6898683B8979897A68A047034618466A
:105DA0001437BD4690BD80B485B000AF78604FF029
:105DB000B043DA6C4FF0B0417B681343CB644FF0D3
:105DC000B043DA6C7B681340FB60FB6800BF14379C
:105DD000BD465DF8047B704780B485B000AF786045
:105DE0004FF0B0431A6E4FF0B0417B6813430B661F
:105DF0004FF0B0431A6E7B681340FB60FB6800BF36
:105E00001437BD465DF8047B704780B483B000AFA3
:105E100078604FF0B0431A6E7B68DB434FF0B041BF
:105E200013400B6600BF0C37BD465DF8047B70471E
:105E300080B586B000AF00237B613B4600221A602C
:105E40005A609A60DA601A610120FFF7ACFF802384
:105E50003B6001237B600223BB603B4619464FF049
:105E6000904001F0E1FD002280214FF0904002F0CF
:105E700029F88020FFF797FF02233B6001237B6016
:105E80000223BB603B461946144801F0CDFD0022B9
:105E90000221124802F016F8114B124A1A601048FB
:105EA00000F02AFA03F0C6F903460F4AA2FB0323C7
:105EB0009B0C013B0A4A5360094B0422DA600848F4
:105EC00004F09CFD0346002B02D04FF0FF337B61B2
:105ED0007B6918461837BD4680BD00BF001C0048CE
:105EE000A00A00200048014083DE1B4380B582B039
:105EF00000AF00237B600221104801F005FF8021E4
:105F00004FF0904001F000FF0D4B1B68DA680C4B1E
:105F10001B6822F00102DA60094804F03FFE0346E4
:105F2000002B02D06FF005037B60054800F000FAFB
:105F30007B6818460837BD4680BD00BF001C00487E
:105F4000A00A002080B582B000AF7860786800F0C9
:105F5000C7F8034618460837BD4680BD80B582B0F5
:105F600000AF3B1D00210A461A800A469A703B1D6D
:105F7000184600F0B5F8034618460837BD4680BD00
:105F800080B400AF074B1B686FF001021A61064B2B
:105F90001B680133044A136000BFBD465DF8047BF3
:105FA000704700BFA00A0020EC0A002080B588B02E
:105FB00000AF03460A46FB711346BB7107F10C03A1
:105FC00000221A605A609A60DA601A61FB79002B2D
:105FD00003D10420FFF7E7FE05E0FB79012B02D196
:105FE0000420FFF7E0FEFB79294A32F81330FB600A
:105FF00001237B610223BB61BB79002B0CD1002301
:106000003B61FB79234A52F8233007F10C02114619
:10601000184601F009FD35E04FF404133B61FB79AC
:106020001C4A52F8233007F10C021146184601F0C1
:10603000FBFCFB79DB00184A1A44FB79174951F83D
:1060400023301946104601F0B9FCFB79DB00124AF7
:106050009818FB79124A52F823301A46002101F0B1
:1060600093FCFB790F4AD056FB790F4A52F8233044
:106070000022194601F0F7F8FB790A4AD356184670
:1060800001F00BF9002318462037BD4680BD00BF44
:106090005C52010888000020900A00206452010828
:1060A00090000020605201089800002080B483B066
:1060B00000AF0346FB7100BF0C37BD465DF8047BA3
:1060C000704780B500AF0020FFF7F0FF00BF80BD34
:1060D00080B500AF0120FFF7E9FF00BF80BD0000E1
:1060E00080B584B000AF78607B68002B02D16FF080
:1060F000010369E0364B1B68DA68354B1B6842F0D8
:106100000102DA60324804F0DBFC0346002B02D0C7
:106110006FF0050358E0002202212E4801F0D2FE64
:106120000A20FBF72FFB012202212A4801F0CAFEB8
:10613000002280214FF0904001F0C4FE012000F0C9
:10614000C3F8012280214FF0904001F0BBFE0420F3
:1061500000F0BAF8002280214FF0904001F0B2FE2A
:10616000012000F0B1F8012280214FF0904001F0B1
:10617000A9FE042000F0A8F83A2000F063F80023FC
:10618000FB730FE0FB7B7A681A44FB7B1178124AA1
:10619000D154FB7B104AD35C184600F053F8FB7BCC
:1061A0000133FB73FB7B022BECD90022022109484F
:1061B00001F088FE064804F0C9FC0346002B02D01B
:1061C0006FF0050300E0002318461037BD4680BD80
:1061D000A00A0020001C0048F00A002080B582B010
:1061E00000AF0346FB71012280214FF0904001F087
:1061F00069FE012000F068F8002280214FF09040F5
:1062000001F060FE012000F05FF8FB79002B12D056
:10621000012280214FF0904001F054FE012000F057
:1062200053F8002280214FF0904001F04BFE0120F6
:1062300000F04AF802E0042000F046F800BF0837FA
:10624000BD4680BD80B582B000AF0346FB71FB79CF
:1062500023F07F03DBB21846FFF7C0FFFB7903F0A2
:106260004003DBB21846FFF7B9FFFB7903F02003C8
:10627000DBB21846FFF7B2FFFB7903F01003DBB285
:106280001846FFF7ABFFFB7903F00803DBB21846B3
:10629000FFF7A4FFFB7903F00403DBB21846FFF716
:1062A0009DFFFB7903F00203DBB21846FFF796FF70
:1062B000FB7903F00103DBB21846FFF78FFF00BF45
:1062C0000837BD4680BD000080B485B000AF78605F
:1062D000084B1B68FB6000BF064B1A68FB68D31AAB
:1062E0007A689A42F8D800BF00BF1437BD465DF8FF
:1062F000047B7047EC0A002080B582B000AF786064
:106300007B681B68094A93420BD14FF48020FFF74A
:1063100063FD002203211A2000F0A5FF1A2000F0DF
:10632000BCFF00BF0837BD4680BD00BF004801402C
:1063300080B582B000AF78607B681B68064A9342E4
:1063400006D11A2000F0B7FF4FF48020FFF75DFD63
:1063500000BF0837BD4680BD0048014080B485B00D
:1063600000AF78604FF0B043DA6C4FF0B0417B681B
:106370001343CB644FF0B043DA6C7B681340FB608F
:10638000FB6800BF1437BD465DF8047B704780B4DE
:1063900085B000AF78604FF0B0431A6E4FF0B04157
:1063A0007B6813430B664FF0B0431A6E7B68134053
:1063B000FB60FB6800BF1437BD465DF8047B704787
:1063C00080B582B000AF00237B60114B114A1A6088
:1063D0000F4804F0A1F90346002B14D10C4800F03B
:1063E0009AF802F011FF03460B49184600F0C4F872
:1063F00003461946064800F011F80346002B02D068
:106400006FF007037B607B6818460837BD4680BD88
:10641000F40A00200030014020BCBE0080B584B0EA
:1064200000AF786039600023FB737B684FF48272A1
:106430005A607B6800229A607B684FF4E062DA6001
:106440007B6802221A617B6800225A617B684FF4E4
:1064500000729A617B681022DA617B6800221A62FE
:106460007B6800225A627B6800229A627B6807225E
:10647000DA62786803F00EFD0346002B01D0012399
:10648000FB73FB7B18461037BD4680BD80B584B0DA
:1064900000AF78600B467B800023FB607A884FF466
:1064A00080537968064803F0A2FD0346002B01D112
:1064B0000023FB60FB6818461037BD4680BD00BF57
:1064C000F40A002080B586B002AF78600B467B806E
:1064D0006FF00503FB604FF0FF33BB607B8807F173
:1064E00008014FF4805200927A68064803F0F5FEE6
:1064F0000346002B01D10023FB60FB6818461037D0
:10650000BD4680BDF40A002080B500AF00F040FD1C
:106510000346184680BD80B588B000AF78604FF460
:106520008050FFF734FF0120FFF718FF8023FB6046
:1065300002233B6102237B610023BB610523FB61D6
:1065400007F10C0319464FF0904001F06DFA022359
:10655000FB6002233B6102237B610023BB610523B7
:10656000FB6107F10C0319464FF0904001F05CFA13
:1065700000BF2037BD4680BD80B487B000AF7860D3
:10658000396000237B617B683B610023FB600DE089
:106590000D4A7B6952F82330FB607B6901337B61D4
:1065A0007B69072B07D83B695B083B613A693B680D
:1065B0009A42EDD800E000BFFB6818461C37BD4684
:1065C0005DF8047B704700BF6C52010880B485B051
:1065D00000AF78604FF0B043DA6C4FF0B0417B68A9
:1065E0001343CB644FF0B043DA6C7B681340FB601D
:1065F000FB6800BF1437BD465DF8047B70470000A0
:1066000080B584B000AF786039600023FB607B68A0
:10661000002B03D06FF00103FB6032E03B68002BDE
:1066200013D11A497A6813465B0013449B000B444C
:1066300080221A6015497A6813465B0013449B0058
:106640000B44043340221A6012E010497A68134662
:106650005B0013449B000B4440221A600B497A688C
:1066600013465B0013449B000B44043380221A60E2
:10667000386800F027FB0346002B02D06FF00603BA
:10668000FB60FB6818461037BD4680BD5C0B0020E0
:1066900080B485B000AF786039600023FB607B6810
:1066A000002B03D06FF00103FB6002E06FF00A03E0
:1066B000FB60FB6818461437BD465DF8047B7047E5
:1066C00080B584B000AF786039600023FB607B68E0
:1066D000002B03D06FF00103FB601DE0114B1B6822
:1066E0001B6E002B0ED00F4B1B681B6E0E4A1268E0
:1066F0003968104698470346002B0DDA6FF0040303
:10670000FB6009E009497A6813465B0013449B006B
:106710000B441A683B681A60FB6818461037BD4680
:1067200080BD00BF680B0020580B00205C0B0020D0
:1067300080B584B000AF786039600023FB607B686F
:10674000002B03D06FF00103FB601EE0114B1B68B0
:106750005B6E002B0ED00F4B1B685B6E0E4A1268EF
:106760003968104698470346002B0EDA6FF0040391
:10677000FB600AE009497A6813465B0013449B00FA
:106780000B4404331A683B681A60FB6818461037DC
:10679000BD4680BD680B0020580B00205C0B00201C
:1067A00080B584B000AF78600023FB607B68002B6D
:1067B00003D06FF00103FB6015E00D4B1B68DB6835
:1067C000002B0DD00A4B1B68DB680A4A1268104682
:1067D00098470346002B06DA6FF00403FB6002E0E3
:1067E0006FF00A03FB60FB6818461037BD4680BD9A
:1067F000680B0020580B002080B584B000AF786093
:106800000023FB607B68002B03D06FF00103FB606B
:1068100015E00D4B1B685B6A002B0DD00A4B1B6803
:106820005B6A0A4A1268104698470346002B06DA4C
:106830006FF00403FB6002E06FF00A03FB60FB688B
:1068400018461037BD4680BD680B0020580B00204D
:1068500090B587B000AFF860B9607A603B60002304
:106860007B61FB68002B03D06FF001037B6117E0B5
:106870000E4B1B681B6C002B0FD00C4B1B681C6C49
:106880000B4B18683B687A68B968A0470346002B31
:1068900006DA6FF004037B6102E06FF00A037B61AC
:1068A0007B6918461C37BD4690BD00BF680B0020B1
:1068B000580B002090B589B002AFF860B9607A60DB
:1068C0003B6000237B61FB68002B03D06FF001036A
:1068D0007B611BE0104B1B689B6C002B13D00E4B95
:1068E0001B689C6C0D4B1868FB6A0193BB6A009394
:1068F0003B687A68B968A0470346002B06DA6FF058
:1069000004037B6102E06FF00A037B617B69184638
:106910001C37BD4690BD00BF680B0020580B0020FF
:1069200090B589B002AFF860B9607A603B6000232F
:106930007B61FB68002B03D06FF001037B6119E0E2
:106940000F4B1B68DB6C002B11D00D4B1B68DC6CF4
:106950000C4B1868BB6A00933B687A68B968A0471B
:106960000346002B06DA6FF004037B6102E06FF050
:106970000A037B617B6918461C37BD4690BD00BF8A
:10698000680B0020580B002090B589B002AFF8606A
:10699000B9607A603B6000237B61FB68002B03D009
:1069A0006FF001037B6119E00F4B1B681B6D002B1F
:1069B00011D00D4B1B681C6D0C4B1868BB6A009303
:1069C0003B687A68B968A0470346002B06DA6FF087
:1069D00004037B6102E06FF00A037B617B69184668
:1069E0001C37BD4690BD00BF680B0020580B00202F
:1069F00090B589B002AFF860B9607A603B6000235F
:106A00007B61FB68002B03D06FF001037B6112E018
:106A10000B4B1B685C6D0B4B1868FB6A0193BB6AE0
:106A200000933B687A68B968A0470346002B02DAF6
:106A30006FF004037B617B6918461C37BD4690BD2F
:106A4000680B0020580B0020B0B586B002AF78600C
:106A500039600023FB607B68002B03D06FF00103DB
:106A6000FB6022E0134B1B685C6D134B18681349E5
:106A70007A6813465B0013449B000B4419680F4D62
:106A80007A6813465B0013449B002B4404331B6855
:106A90003A68019200930B4600220021A04703466A
:106AA000002B02DA6FF00403FB60FB681846103716
:106AB000BD46B0BD680B0020580B00205C0B0020C9
:106AC00090B587B000AFF860B9607A603B60002392
:106AD0007B61FB68002B03D06FF001037B610EE04C
:106AE000094B1B689C6D094B18683B687A68B9684C
:106AF000A0470346002B02DA6FF004037B617B6939
:106B000018461C37BD4690BD680B0020580B00206E
:106B100090B587B000AFF860B9607A603B60002341
:106B20007B61FB68002B03D06FF001037B610EE0FB
:106B3000094B1B68DC6D094B18683B687A68B968BB
:106B4000A0470346002B02DA6FF004037B617B69E8
:106B500018461C37BD4690BD680B0020580B00201E
:106B600080B584B000AF03463960FB801346BB801C
:106B70000023FB60FB68002B0DD1BB88002B0AD0E3
:106B8000BB881946386800F00BF80346002B02D08A
:106B90006FF00703FB60FB6818461037BD4680BDE9
:106BA00080B584B000AF78600B467B800023FB602B
:106BB0007B88012B1BD100220121204801F082F9A2
:106BC00000224FF400711E4801F07CF97B881946C1
:106BD0007868FFF75BFC0346002B02D06FF00703D9
:106BE000FB6001220121154801F06CF920E0002230
:106BF0000121124801F066F901224FF4007110489A
:106C000001F060F97B8819467868FFF73FFC03467E
:106C1000002B02D06FF00703FB6000224FF40071DD
:106C2000074801F04FF901220121044801F04AF917
:106C3000FB6818461037BD4680BD00BF001C0048E9
:106C40000008004880B584B000AF03463960FB807F
:106C50001346BB800023FB60FB880022396818467E
:106C6000FFF77EFF0346002B02D06FF00703FB60A7
:106C7000002201210C4801F025F9FB68002B09D105
:106C800002213868FFF71EFC0346002B02D06FF08C
:106C90000703FB6001220121034801F013F9FB689F
:106CA00018461037BD4680BD001C004880B500AFB7
:106CB00000220121024801F005F900BF80BD00BF9C
:106CC000001C004880B588B000AF78600023FB61ED
:106CD000184BBB60184BFB60184B7B61184B3B613A
:106CE000184BBB6107F1080319461748FEF75EF819
:106CF0000346002B03D06FF00603FB6115E0134B36
:106D0000114A1A60FFF7D2FF114B124A1A60104B5A
:106D10001B681B680D4A10687A6800219847034673
:106D2000002B02D06FF00403FB61FB69184620378B
:106D3000BD4680BD596D00081D6E0008456C0008F9
:106D4000616B0008096500086C0B0020580B0020DF
:106D5000680B00202000002080B586B000AF002323
:106D60007B618020FFF732FC01233B6001237B60C5
:106D70000023BB600023FB603B461946254800F01A
:106D800053FE00220121234801F09CF80420FFF764
:106D90001DFC4FF400733B6001237B600023BB604C
:106DA0000023FB603B4619461B4800F03DFE0022D5
:106DB0004FF40071184801F085F80420FFF706FC35
:106DC0004FF480733B6001237B600023BB60002392
:106DD000FB603B461946104800F026FEFFF7F0FA2C
:106DE0000346002B02D06FF007037B6100224FF4B3
:106DF0008071094801F066F80120FAF7C3FC01220E
:106E00004FF48071044801F05DF87B69184618372B
:106E1000BD4680BD001C00480008004880B500AF9A
:106E20000121084800F070FF4FF40071064800F09F
:106E30006BFF4FF48071044800F066FF0023184692
:106E400080BD00BF001C00480008004880B400AFAF
:106E5000074B00229A60064BD3F88830044A43F46B
:106E60007003C2F8883000BFBD465DF8047B7047F0
:106E700000ED00E080B400AF054B5B68044A43F0CE
:106E80000103536000BFBD465DF8047B704700BF3F
:106E9000002004E080B400AF054B5B68044A43F077
:106EA0000203536000BFBD465DF8047B704700BF1E
:106EB000002004E080B582B000AF0023FB710C4BD2
:106EC0001B680B4A43F480731360032000F0C0F981
:106ED000002000F00FF80346002B02D00123FB71C5
:106EE00001E0FCF7B7F8FB7918460837BD4680BDCE
:106EF0000040005880B584B000AF78600023FB7379
:106F0000174B1B78002B24D002F06AF90246144B71
:106F10001B7819464FF47A73B3FBF1F3B2FBF3F32A
:106F2000184600F0D6F90346002B0FD17B680F2BD3
:106F300009D8002279684FF0FF3000F094F9094A2F
:106F40007B68136007E00123FB7304E00123FB73FC
:106F500001E00123FB73FB7B18461037BD4680BD63
:106F6000A8000020A400002080B400AF064B1B78CE
:106F70001A46064B1B681344044A136000BFBD4603
:106F80005DF8047B704700BFA8000020940B002030
:106F900080B400AF034B1B681846BD465DF8047B08
:106FA000704700BF940B002080B400AF034B1B68F8
:106FB0001846BD465DF8047B704700BFA400002062
:106FC00080B400AF034B1B781846BD465DF8047BC8
:106FD000704700BFA800002080B500AFFFF74AFF50
:106FE00000BF80BD80B500AFFFF754FF00BF80BD7C
:106FF00080B485B000AF78607B6803F00703FB6066
:107000000C4BDB68BB60BA684FF6FF031340BB60F4
:10701000FB681A02BB68134343F0BF6343F40033B9
:10702000BB60044ABB68D36000BF1437BD465DF83F
:10703000047B704700ED00E080B400AF044BDB68D8
:107040001B0A03F007031846BD465DF8047B704732
:1070500000ED00E080B483B000AF0346FB7197F908
:107060000730002B0BDBFB7903F01F02074997F970
:1070700007305B09012000FA02F241F8232000BF2B
:107080000C37BD465DF8047B704700BF00E100E0AF
:1070900080B483B000AF0346FB7197F90730002B33
:1070A00012DBFB7903F01F020A4997F907305B09ED
:1070B000012000FA02F2203341F82320BFF34F8F62
:1070C00000BFBFF36F8F00BF00BF0C37BD465DF838
:1070D000047B704700E100E080B483B000AF03465A
:1070E000FB7197F90730002B0CDBFB7903F01F02D3
:1070F000074997F907305B09012000FA02F2403393
:1071000041F8232000BF0C37BD465DF8047B704773
:1071100000E100E080B483B000AF0346FB7197F953
:107120000730002B0CDBFB7903F01F02074997F9AE
:1071300007305B09012000FA02F2603341F8232096
:1071400000BF0C37BD465DF8047B704700E100E0EE
:1071500080B483B000AF03463960FB7197F9073004
:10716000002B0ADB3B68DAB20C4997F907301201B1
:10717000D2B20B4483F800230AE03B68DAB2084934
:10718000FB7903F00F03043B1201D2B20B441A76D1
:1071900000BF0C37BD465DF8047B704700E100E09E
:1071A00000ED00E080B489B000AFF860B9607A60AB
:1071B000FB6803F00703FB61FB69C3F10703042BC2
:1071C00028BF0423BB61FB690433062B02D9FB698A
:1071D000033B00E000237B614FF0FF32BB6902FA02
:1071E00003F3DA43BB681A407B699A404FF0FF31E2
:1071F0007B6901FA03F3D9437B680B4013431846BC
:107200002437BD465DF8047B7047000080B582B02E
:1072100000AF78607B68013BB3F1807F01D301232D
:107220000FE00A4A7B68013B53600F214FF0FF30AB
:10723000FFF78EFF054B00229A60044B07221A606D
:10724000002318460837BD4680BD00BF10E000E0AF
:1072500080B582B000AF78607868FFF7C9FE00BFE4
:107260000837BD4680BD80B586B000AF0346B96023
:107270007A60FB73FFF7E0FE78617A68B968786935
:10728000FFF790FF024697F90F3011461846FFF7B7
:107290005FFF00BF1837BD4680BD80B582B000AF2C
:1072A0000346FB7197F907301846FFF7D3FE00BF7E
:1072B0000837BD4680BD80B582B000AF0346FB7184
:1072C00097F907301846FFF7E3FE00BF0837BD46C1
:1072D00080BD80B582B000AF78607868FFF796FF18
:1072E000034618460837BD4680BD80B582B000AF62
:1072F0000346FB7197F907301846FFF7EDFE00BF14
:107300000837BD4680BD80B582B000AF0346FB7133
:1073100097F907301846FFF7FDFE00BF0837BD4656
:1073200080BD000080B584B000AF78607B68002B22
:1073300001D101238EE07B681B681A46474B9A42B5
:107340000FD87B681B681A46454B1344454AA2FB7D
:1073500003231B099A007B685A647B68424A1A64BB
:107360000EE07B681B681A46404B13443D4AA2FB63
:1073700003231B099A007B685A647B683C4A1A64A1
:107380007B68022283F825207B681B681B68FB60F2
:10739000FB6823F4FF4323F07003FB607B689A686B
:1073A0007B68DB681A437B681B691A437B685B69EF
:1073B0001A437B689B691A437B68DB691A437B68C5
:1073C0001B6A1343FA681343FB607B681B68FA6807
:1073D0001A60786800F074FA7B689B68B3F5804F98
:1073E00002D17B6800225A607B685A687B689B6C7C
:1073F00002F03F021A607B68DB6C7A68126D5A609B
:107400007B685B68002B10D07B685B68042B0CD812
:10741000786800F093FA7B685B6D00221A607B68E5
:107420009B6D7A68D26D5A6008E07B6800225A65CD
:107430007B6800229A657B680022DA657B680022FF
:10744000DA637B68012283F825207B68002283F8B9
:107450002420002318461037BD4680BD0704024093
:10746000F8FFFDBFCDCCCCCC00000240F8FBFDBF47
:107470000004024080B586B000AFF860B9607A6061
:107480003B600023FB75FB6893F82430012B01D18E
:10749000022366E0FB68012283F82420FB6893F84E
:1074A0002530DBB2012B55D1FB68022283F8252061
:1074B000FB680022DA63FB681B681A68FB681B68BC
:1074C00022F001021A603B687A68B968F86800F037
:1074D000B9F9FB681B6B002B08D0FB681B681A68A6
:1074E000FB681B6842F00E021A600FE0FB681B6825
:1074F0001A68FB681B6822F004021A60FB681B68AC
:107500001A68FB681B6842F00A021A60FB689B6CF1
:107510001B6803F48033002B07D0FB689B6C1A6850
:10752000FB689B6C42F480721A60FB685B6D002BF9
:1075300007D0FB685B6D1A68FB685B6D42F4807274
:107540001A60FB681B681A68FB681B6842F001023E
:107550001A6005E0FB68002283F824200223FB75F3
:10756000FB7D18461837BD4680BD80B483B000AFA0
:1075700078607B68002B01D101234FE07B6893F892
:107580002530DBB2022B08D07B680422DA637B68EB
:10759000002283F82420012340E07B681B681A68DE
:1075A0007B681B6822F00E021A607B689B6C1A686D
:1075B0007B689B6C22F480721A607B681B681A6877
:1075C0007B681B6822F001021A607B685B6C03F029
:1075D0001C027B681B6C012101FA02F25A607B6875
:1075E000DB6C7A68126D5A607B685B6D002B0CD087
:1075F0007B685B6D1A687B685B6D22F480721A6031
:107600007B689B6D7A68D26D5A607B68012283F833
:1076100025207B68002283F82420002318460C379D
:10762000BD465DF8047B704780B584B000AF7860DC
:107630000023FB737B6893F82530DBB2022B05D067
:107640007B680422DA630123FB7347E07B681B68D5
:107650001A687B681B6822F00E021A607B681B6840
:107660001A687B681B6822F001021A607B689B6CB9
:107670001A687B689B6C22F480721A607B685B6C72
:1076800003F01C027B681B6C012101FA02F25A60B4
:107690007B68DB6C7A68126D5A607B685B6D002BCF
:1076A0000CD07B685B6D1A687B685B6D22F480721E
:1076B0001A607B689B6D7A68D26D5A607B68012284
:1076C00083F825207B68002283F824207B689B6B4D
:1076D000002B03D07B689B6B78689847FB7B184630
:1076E0001037BD4680BD80B584B000AF78607B6840
:1076F0001B6C1B68FB607B681B681B68BB607B683E
:107700005B6C03F01C0304229A40FB681340002BBF
:1077100026D0BB6803F00403002B21D07B681B68D4
:107720001B6803F02003002B07D17B681B681A68D5
:107730007B681B6822F004021A607B685B6C03F0B4
:107740001C027B681B6C042101FA02F25A607B6800
:107750001B6B002B71D07B681B6B786898476CE0C3
:107760007B685B6C03F01C0302229A40FB681340A9
:10777000002B2ED0BB6803F00203002B29D07B68BE
:107780001B681B6803F02003002B0BD17B681B6870
:107790001A687B681B6822F00A021A607B68012263
:1077A00083F825207B685B6C03F01C027B681B6CF4
:1077B000022101FA02F25A607B68002283F8242039
:1077C0007B68DB6A002B38D07B68DB6A7868984777
:1077D00033E07B685B6C03F01C0308229A40FB6873
:1077E0001340002B2AD0BB6803F00803002B25D0E0
:1077F0007B681B681A687B681B6822F00E021A609F
:107800007B685B6C03F01C027B681B6C012101FA36
:1078100002F25A607B680122DA637B68012283F8F6
:1078200025207B68002283F824207B685B6B002B7B
:1078300004D07B685B6B7868984700BF00BF103747
:10784000BD4680BD80B485B000AFF860B9607A6095
:107850003B60FB68DB6CFA68126D5A60FB685B6D1D
:10786000002B04D0FB689B6DFA68D26D5A60FB68F0
:107870005B6C03F01C02FB681B6C012101FA02F235
:107880005A60FB681B683A685A60FB689B68102B5B
:1078900008D1FB681B687A689A60FB681B68BA6845
:1078A000DA6007E0FB681B68BA689A60FB681B68CF
:1078B0007A68DA6000BF1437BD465DF8047B704714
:1078C00080B485B000AF78607B681B681A46174BA0
:1078D0009A420AD87B685B6C9B089B0003F180434B
:1078E00003F502337A68936407E07B685B6C9B085E
:1078F0009A000F4B13447A6893647B681B68DBB271
:10790000083B0C4AA2FB03231B09FB607B680A4A65
:10791000DA64FB6803F01F0301229A407B681A6552
:1079200000BF1437BD465DF8047B70470704024072
:107930001C080240CDCCCCCC8008024080B485B07D
:1079400000AF78607B685B6803F03F03FB60FA6818
:107950000B4B13449B001A467B685A657B68094AA7
:107960009A65FB68013B03F0030301229A407B68A0
:10797000DA6500BF1437BD465DF8047B704700BF71
:107980003F8200104009024080B487B000AFF86029
:107990000B467A60FB720023FB75FB7A002B03D148
:1079A000FB687A685A6002E00123FB7500BFFB7D2B
:1079B00018461C37BD465DF8047B704780B483B021
:1079C00000AF786039607B68002B01D1012303E0B0
:1079D0007B683A681A60002318460C37BD465DF88C
:1079E000047B704780B487B000AF78607B681B6809
:1079F0001B0C03F001037B617B681B6803F01F0312
:107A0000012202FA03F33B617B695B0103F1B0439E
:107A100003F60803FB60FB683A691A6000BF1C3775
:107A2000BD465DF8047B704780B487B000AF7860D6
:107A3000396000237B614CE13B681A6801217B6956
:107A400001FA03F31340FB60FB68002B00F03E815A
:107A50003B685B6803F00303012B05D03B685B6860
:107A600003F00303022B30D17B689B683B617B6989
:107A70005B00032202FA03F3DB433A6913403B61E4
:107A80003B68DA687B695B0002FA03F33A691343E7
:107A90003B617B683A699A607B685B683B61012265
:107AA0007B6902FA03F3DB433A6913403B613B68AD
:107AB0005B681B0903F001027B6902FA03F33A6970
:107AC00013433B617B683A695A603B685B6803F02B
:107AD0000303032B17D07B68DB683B617B695B008A
:107AE000032202FA03F3DB433A6913403B613B682C
:107AF0009A687B695B0002FA03F33A6913433B61BE
:107B00007B683A69DA603B685B6803F00303022B29
:107B100023D17B69DA087B68083253F822303B6155
:107B20007B6903F007039B000F2202FA03F3DB4398
:107B30003A6913403B613B681A697B6903F00703AC
:107B40009B0002FA03F33A6913433B617B69DA084D
:107B50007B680832396943F822107B681B683B61F7
:107B60007B695B00032202FA03F3DB433A691340AB
:107B70003B613B685B6803F003027B695B0002FAD0
:107B800003F33A6913433B617B683A691A603B68C7
:107B90005B6803F44033002B00F09880544A7B6903
:107BA0009B08023352F823303B617B6903F00303E7
:107BB0009B000F2202FA03F3DB433A6913403B6157
:107BC0007B68B3F1904F19D07B684A4A934213D037
:107BD0007B68494A93420DD07B68484A934207D05C
:107BE0007B68474A934201D1042308E0072306E05B
:107BF000032304E0022302E0012300E000237A696A
:107C000002F00302920093403A6913433B61384902
:107C10007B699B0802333A6941F82320394B1B6882
:107C20003B61FB68DB433A6913403B613B685B683F
:107C300003F48013002B03D03A69FB6813433B61C4
:107C4000304A3B6913602F4B5B683B61FB68DB4349
:107C50003A6913403B613B685B6803F40013002BF7
:107C600003D03A69FB6813433B61264A3B69536082
:107C7000244BD3F880303B61FB68DB433A69134007
:107C80003B613B685B6803F48033002B03D03A69A7
:107C9000FB6813433B611B4A3B69C2F88030194BB8
:107CA000D3F884303B61FB68DB433A6913403B61A6
:107CB0003B685B6803F40033002B03D03A69FB6830
:107CC00013433B610F4A3B69C2F884307B6901333F
:107CD0007B613B681A687B6922FA03F3002B7FF40F
:107CE000ABAE00BF00BF1C37BD465DF8047B7047DC
:107CF000000001400004004800080048000C004853
:107D0000001000480008005880B487B000AF7860C9
:107D1000396000237B61BBE001227B6902FA03F337
:107D20003A6813403B613B69002B00F0AE805F4A2C
:107D30007B699B08023352F82330FB607B6903F0B8
:107D400003039B000F2202FA03F3FA681340FB605F
:107D50007B68B3F1904F19D07B68554A934213D09A
:107D60007B68544A93420DD07B68534A934207D0B4
:107D70007B68524A934201D1042308E0072306E0BE
:107D8000032304E0022302E0012300E000237A69D8
:107D900002F0030292009340FA689A4236D1484BAF
:107DA000D3F880203B69DB4345491340C1F880305C
:107DB000434BD3F884203B69DB4341491340C1F86E
:107DC00084303F4B1A683B69DB433D4913400B60ED
:107DD0003B4B5A683B69DB43394913404B607B6935
:107DE00003F003039B000F2202FA03F3FB602F4A08
:107DF0007B699B08023352F82310FB68DA432B4857
:107E00007B699B080A40023340F823207B681A688C
:107E10007B695B00032101FA03F31A437B681A6054
:107E20007B69DA087B68083253F822107B6903F01B
:107E300007039B000F2202FA03F3DB437A69D2089F
:107E400019407B68083243F822107B68DA687B6946
:107E50005B00032101FA03F3DB431A407B68DA601D
:107E60007B685A6801217B6901FA03F3DB431A40FE
:107E70007B685A607B689A687B695B00032101FA22
:107E800003F3DB431A407B689A607B6901337B61B3
:107E90003A687B6922FA03F3002B7FF43DAF00BF01
:107EA00000BF1C37BD465DF8047B704700000140F1
:107EB0000004004800080048000C0048001000487A
:107EC0000008005880B483B000AF78600B467B8018
:107ED00013467B707B78002B03D07A887B689A618D
:107EE00002E07A887B689A6200BF0C37BD465DF875
:107EF000047B704780B582B000AF0346FB80084B1F
:107F0000DA68FB881340002B06D0054AFB88D36053
:107F1000FB881846F9F78CFC00BF0837BD4680BDCA
:107F20000008005880B582B000AF0A4BDB687B6068
:107F3000084B1A687B68DB43064913400B60054A0F
:107F40007B685360786800F007F800BF0837BD46CB
:107F500080BD00BF0015005880B483B000AF7860CA
:107F600000BF0C37BD465DF8047B704780B584B018
:107F700000AF78600023FB737B68002B1ED0134B8F
:107F8000BB607B6893F83830DBB2002B02D1786895
:107F9000FBF770F8B86800F05BF8BB681B6843F04B
:107FA0000112BB681A60786800F02CF87B68002228
:107FB0005A637B68012283F8382001E00123FB73B8
:107FC000FB7B18461037BD4680BD00BF000C005833
:107FD00080B485B000AFF860B9601346FB7100BF94
:107FE0001437BD465DF8047B704780B485B000AFA0
:107FF000F860B9601346FB7100BF1437BD465DF8E9
:10800000047B704780B485B000AF78600023FB60CC
:108010000FE07A68FB689B0013440B4A5A607A6849
:10802000FB6806339B001344084A5A60FB6801331F
:10803000FB60FB68052BECD900BF00BF1437BD46C1
:108040005DF8047B704700BFD17F0008EB7F00081C
:1080500080B483B000AF78607B6800221A607B68D0
:108060004FF03F125A607B683F229A6000BF0C3786
:10807000BD465DF8047B704780B400AF054B1B68BC
:10808000044A43F48073136000BFBD465DF8047B6F
:10809000704700BF0004005880B400AF044B1B6859
:1080A00003F4C0631846BD465DF8047B704700BF0B
:1080B0000004005880B400AF4FF0B0431B6803F4D5
:1080C0008013B3F5801F01D1012300E0002318467F
:1080D000BD465DF8047B704780B400AF4FF0B043FD
:1080E0001B684FF0B04243F48033136000BFBD46BD
:1080F0005DF8047B704780B400AF4FF0B0431B685D
:108100004FF0B04223F48033136000BFBD465DF8EA
:10811000047B704780B400AF4FF0B0431B6803F49A
:108120000033B3F5003F01D1012300E000231846DE
:10813000BD465DF8047B704780B400AF4FF0B0439C
:108140001B684FF0B04243F48073136000BFBD461C
:108150005DF8047B704780B400AF4FF0B0431B68FC
:108160004FF0B04223F48073136000BFBD465DF84A
:10817000047B704780B400AF4FF0B0431B6803F43A
:108180008063B3F5806F01D1012300E0002318461E
:10819000BD465DF8047B704780B483B000AF786063
:1081A0004FF0B0435B6823F0FE427B681B064FF044
:1081B000B04113434B6000BF0C37BD465DF8047BF4
:1081C000704780B400AF4FF0B043D3F898304FF011
:1081D000B04243F00103C2F8983000BFBD465DF8DD
:1081E000047B704780B400AF4FF0B043D3F89830B1
:1081F0004FF0B04223F00103C2F8983000BFBD46F3
:108200005DF8047B704780B400AF4FF0B043D3F803
:10821000983003F00203022B01D1012300E0002378
:108220001846BD465DF8047B704780B400AF4FF040
:10823000B043D3F890304FF0B04243F00103C2F89E
:10824000903000BFBD465DF8047B704780B400AF3E
:108250004FF0B043D3F890304FF0B04223F0010319
:10826000C2F8903000BFBD465DF8047B704780B413
:1082700000AF4FF0B043D3F890304FF0B04243F02E
:108280000403C2F8903000BFBD465DF8047B704720
:1082900080B400AF4FF0B043D3F890304FF0B0420D
:1082A00023F00403C2F8903000BFBD465DF8047BA4
:1082B000704780B400AF4FF0B043D3F8903003F074
:1082C0000203022B01D1012300E000231846BD4622
:1082D0005DF8047B704780B400AF4FF0B043D3F833
:1082E00094304FF0B04243F00103C2F8943000BF25
:1082F000BD465DF8047B704780B400AF4FF0B043DB
:10830000D3F894304FF0B04223F00103C2F8943018
:1083100000BFBD465DF8047B704780B400AF4FF0EE
:10832000B043D3F8943003F00203022B01D10123B0
:1083300000E000231846BD465DF8047B704780B41A
:1083400000AF4FF0B043D3F894304FF0B04243F059
:108350000403C2F8943000BFBD465DF8047B70474B
:1083600080B400AF4FF0B043D3F894304FF0B04238
:1083700023F00403C2F8943000BFBD465DF8047BCF
:10838000704780B400AF4FF0B043D3F8943003F09F
:108390000803082B01D1012300E000231846BD4645
:1083A0005DF8047B704780B483B000AF78604FF015
:1083B000B043D3F8943023F470627B681B024FF013
:1083C000B0411343C1F8943000BF0C37BD465DF88F
:1083D000047B704780B400AF4FF0B0431B684FF090
:1083E000B04243F00103136000BFBD465DF8047B5B
:1083F000704780B400AF4FF0B0431B684FF0B042FD
:1084000023F00103136000BFBD465DF8047B704795
:1084100080B400AF4FF0B0431B6803F00203022B9F
:1084200001D1012300E000231846BD465DF8047B1E
:10843000704780B483B000AF78604FF0B0431B68E2
:1084400023F0F0024FF0B0417B6813430B6000BF94
:108450000C37BD465DF8047B704780B483B000AF35
:108460004FF0B0431B6803F0F0037B607B68B02BD8
:1084700001D9B0237B607B6818460C37BD465DF898
:10848000047B704780B483B000AF78604FF0B04396
:108490005B6823F47F427B681B024FF0B0411343BB
:1084A0004B6000BF0C37BD465DF8047B704780B45D
:1084B00083B000AF78604FF0B0439B6823F00302B5
:1084C0004FF0B0417B6813438B6000BF0C37BD4653
:1084D0005DF8047B704780B400AF4FF0B0439B68F9
:1084E00003F00C031846BD465DF8047B704780B46A
:1084F00083B000AF78604FF0B0439B6823F0F00288
:108500004FF0B0417B6813438B6000BF0C37BD4612
:108510005DF8047B704780B483B000AF78604FF0A3
:10852000B043D3F8083123F0F0024FF0B0417B683C
:108530001343C1F8083100BF0C37BD465DF8047B1A
:10854000704780B483B000AF78604FF0B043D3F889
:10855000083123F00F027B681B094FF0B041134331
:10856000C1F8083100BF0C37BD465DF8047B704789
:1085700080B483B000AF78604FF0B0439B6823F4C1
:10858000E0624FF0B0417B6813438B6000BF0C3753
:10859000BD465DF8047B704780B483B000AF78605F
:1085A0004FF0B0439B6823F460524FF0B0417B68BA
:1085B00013438B6000BF0C37BD465DF8047B7047EA
:1085C00080B400AF4FF0B0439B6803F0F00318464F
:1085D000BD465DF8047B704780B400AF4FF0B043F8
:1085E000D3F808311B0103F0F0031846BD465DF8CF
:1085F000047B704780B400AF4FF0B0439B6803F436
:10860000E0631846BD465DF8047B704780B400AF58
:108610004FF0B0439B6803F460531846BD465DF8C5
:10862000047B704780B400AF4FF0B0431B684FF03D
:10863000B04243F08073136000BFBD465DF8047B19
:10864000704780B400AF4FF0B0431B684FF0B042AA
:1086500023F08073136000BFBD465DF8047B704754
:1086600080B400AF4FF0B0431B6803F00073B3F168
:10867000007F01D1012300E000231846BD465DF8CC
:10868000047B704780B400AF4FF0B043DB681B0A37
:1086900003F07F031846BD465DF8047B704780B445
:1086A00000AF4FF0B043DB6803F060431846BD46AF
:1086B0005DF8047B704780B400AF4FF0B043DB68D7
:1086C00003F070031846BD465DF8047B704780B424
:1086D00000AF4FF0B043DB6803F003031846BD461C
:1086E0005DF8047B704780B400AF4FF0B0439B68E7
:1086F00003F48033B3F5803F01D1012300E0002370
:108700001846BD465DF8047B704780B400AF4FF05B
:10871000B043D3F8083103F40033B3F5003F01D17F
:10872000012300E000231846BD465DF8047B704736
:1087300080B400AF4FF0B043D3F8083103F4803376
:10874000B3F5803F01D1012300E000231846BD4668
:108750005DF8047B704780B400AF4FF0B0439B6876
:1087600003F40033B3F5003F01D1012300E00023FF
:108770001846BD465DF8047B704780B400AF4FF0EB
:10878000B0439B6803F48023B3F5802F01D101230C
:1087900000E000231846BD465DF8047B70470000EA
:1087A00090B58DB000AF78607B68002B01D10123BC
:1087B00063E37B681B6803F02003002B00F08D80CF
:1087C000FFF789FEF862FFF782FFB862FB6A002BB1
:1087D00005D0FB6A0C2B47D1BB6A012B44D17B68C7
:1087E000DB69002B01D1012347E37B685C6AFFF75B
:1087F00034FE03469C4214D97B685B6A184600F03D
:108800002FFD0346002B01D0012336E37B685B6A12
:108810001846FFF70EFE7B681B6A1846FFF732FE0C
:1088200013E07B685B6A1846FFF703FE7B681B6AF0
:108830001846FFF727FE7B685B6A184600F010FDBC
:108840000346002B01D0012317E300F0C9FC0346C7
:10885000A44A1360A44B1B681846FEF74BFB034663
:10886000002B39D0012308E37B68DB69002B1ED085
:10887000FFF7B0FDFEF78CFB786208E0FEF788FB9F
:1088800002467B6AD31A022B01D90323F5E2FFF7D4
:10889000BFFD0346002BF1D07B685B6A1846FFF7EB
:1088A000C8FD7B681B6A1846FFF7ECFD15E0FFF773
:1088B000A0FDFEF76DFB786208E0FEF769FB02465B
:1088C0007B6AD31A022B01D90323D6E2FFF7A0FD5E
:1088D0000346002BF1D100E000BF7B681B6803F06A
:1088E0000103002B47D0FFF7F6FD3862FFF7EFFEDC
:1088F000F8613B6A082B05D03B6A0C2B08D1FB6959
:10890000032B05D17B685B68002B34D10123B4E2D3
:108910007B685B68B3F5803F02D1FFF7DDFB01E0C8
:10892000FFF7E9FB7B685B68002B12D0FEF730FB9A
:10893000786208E0FEF72CFB02467B6AD31A642BB0
:1089400001D9032399E2FFF7E5FB0346002BF1D0A1
:1089500011E0FEF71DFB786208E0FEF719FB024606
:108960007B6AD31A642B01D9032386E2FFF7D2FB7B
:108970000346002BF1D17B681B6803F00203002B38
:108980004CD0FFF7A8FDB861FFF7A1FE7861BB6985
:10899000042B05D0BB690C2B0ED17B69022B0BD1AC
:1089A0007B68DB68002B01D1012366E27B681B69D1
:1089B0001846FFF7F1FB31E07B68DB68002B19D02C
:1089C000FFF7BAFBFEF7E4FA786208E0FEF7E0FA98
:1089D00002467B6AD31A022B01D903234DE2FFF72B
:1089E000C9FB0346002BF1D07B681B691846FFF7D3
:1089F000D3FB13E0FFF7AFFBFEF7CAFA786208E09B
:108A0000FEF7C6FA02467B6AD31A022B01D903236A
:108A100033E2FFF7AFFB0346002BF1D17B681B6805
:108A200003F00803002B06D17B681B6803F01003DA
:108A3000002B00F0A3807B685B69002B76D07B68FD
:108A40001B6803F01003002B46D0FFF766FC0346BB
:108A5000002B13D1FFF73FFCFEF79AFA786208E08B
:108A6000FEF796FA02467B6AD31A022B01D903233A
:108A700003E2FFF752FC0346002BF1D0FFF75FFC47
:108A8000FEF786FA786208E0FEF782FA02467B6A11
:108A9000D31A032B01D90323EFE1FFF772FC03463E
:108AA000002BF1D07B689B691846FFF77CFCFFF731
:108AB00023FCFEF76DFA786208E0FEF769FA0246D9
:108AC0007B6AD31A022B01D90323D6E1FFF725FCD9
:108AD0000346002BF1D151E0FFF7FDFBFEF758FAFA
:108AE00078620CE0A0000020A4000020FEF750FAFD
:108AF00002467B6AD31A022B01D90323BDE1FFF79B
:108B00000CFC0346002BF1D0FFF72AFC08E0FEF72F
:108B10003FFA02467B6AD31A032B01D90323ACE147
:108B2000FFF72FFC0346002BF1D127E0FFF718FCDD
:108B3000FEF72EFA786208E0FEF72AFA02467B6A10
:108B4000D31A032B01D9032397E1FFF71AFC03463D
:108B5000002BF1D1FFF7D0FBFEF71AFA786208E09C
:108B6000FEF716FA02467B6AD31A022B01D90323B9
:108B700083E1FFF7D2FB0346002BF1D17B681B6832
:108B800003F00403002B5BD0A74B1B6803F4807336
:108B9000002B14D1FFF770FAFEF7FAF9786208E0BB
:108BA000FEF7F6F902467B6AD31A022B01D903239A
:108BB00063E19D4B1B6803F48073002BF0D07B684E
:108BC0009B68012B02D1FFF730FB0CE07B689B68B0
:108BD000052B04D1FFF74BFBFFF727FB03E0FFF763
:108BE00035FBFFF755FB7B689B68002B14D0FEF725
:108BF000CFF978620AE0FEF7CBF902467B6AD31A16
:108C000041F28832934201D9032336E1FFF751FB49
:108C10000346002BEFD013E0FEF7BAF978620AE0C2
:108C2000FEF7B6F902467B6AD31A41F288329342C4
:108C300001D9032321E1FFF73CFB0346002BEFD1D1
:108C40007B681B6803F04003002B2CD07B689B6A79
:108C5000002B14D0FFF7B5FAFEF79AF9786208E016
:108C6000FEF796F902467B6AD31A022B01D9032339
:108C700003E1FFF7C8FA0346002BF1D013E0FFF73A
:108C8000B1FAFEF785F9786208E0FEF781F902464D
:108C90007B6AD31A022B01D90323EEE0FFF7B3FA64
:108CA0000346002BF1D17B68DB6A002B00F0E480E7
:108CB000FFF711FC38614FF0B043DB68FB607B6865
:108CC000DB6A022B40F0B480FB6803F003027B6890
:108CD0001B6B9A4223D1FB6803F070027B685B6BCD
:108CE0009A421CD1FB681B0A03F07F027B689B6BD6
:108CF0009A4214D1FB6803F478127B68DB6B9A42CA
:108D00000DD1FB6803F060627B681B6C9A4206D150
:108D1000FB6803F060427B685B6C9A425DD03B6904
:108D20000C2B58D04FF0B0431B6803F08063002B2E
:108D300001D00123A1E0FFF784FCFEF729F9786256
:108D400008E0FEF725F902467B6AD31A022B01D907
:108D5000032392E04FF0B0431B6803F00073002B35
:108D6000EFD14FF0B043DA68304B13407A68116BA3
:108D70007A68526B11437A68926B120211437A68D7
:108D8000D26B11437A68126C11437A68526C0A43B1
:108D90004FF0B0411343CB60FFF744FC4FF0B043BA
:108DA000DB684FF0B04243F08053D360FEF7F0F839
:108DB000786208E0FEF7ECF802467B6AD31A022BD1
:108DC00001D9032359E04FF0B0431B6803F000734F
:108DD000002BEFD050E001234FE04FF0B0431B6871
:108DE00003F00073002B47D1FFF71CFC4FF0B0439A
:108DF000DB684FF0B04243F08053D360FEF7C8F811
:108E0000786208E0FEF7C4F802467B6AD31A022BA8
:108E100001D9032331E04FF0B0431B6803F0007326
:108E2000002BEFD028E000BF000400588C80C11157
:108E30003B690C2B1ED0FFF704FCFEF7A9F8786203
:108E400008E0FEF7A5F802467B6AD31A022B01D987
:108E5000032312E04FF0B0431B6803F00073002BB4
:108E6000EFD14FF0B043DA684FF0B041054B1340FB
:108E7000CB6001E0012300E0002318463437BD46F3
:108E800090BD00BFFCFFFEEE80B584B000AF7860FF
:108E900039607B68002B01D101232DE1984B1B68C1
:108EA00003F007033A689A421BD9954B1B6823F0DD
:108EB000070293493B6813430B60FEF769F8F860BB
:108EC00008E0FEF765F80246FB68D31A022B01D9C9
:108ED000032311E18A4B1B6803F007033A689A42A7
:108EE000EFD17B681B6803F00203002B16D07B6870
:108EF0009B681846FFF7FBFAFEF74AF8F86008E0AF
:108F0000FEF746F80246FB68D31A022B01D9032369
:108F1000F2E0FFF7E8FB0346002BF1D07B681B680B
:108F200003F02003002B16D07B685B691846FFF71F
:108F3000F2FAFEF72DF8F86008E0FEF729F802468D
:108F4000FB68D31A022B01D90323D5E0FFF7DDFB21
:108F50000346002BF1D07B681B6803F04003002B15
:108F600016D07B689B691846FFF7EBFAFEF710F8FE
:108F7000F86008E0FEF70CF80246FB68D31A022BF3
:108F800001D90323B8E0FFF7D3FB0346002BF1D050
:108F90007B681B6803F00403002B16D07B68DB683A
:108FA0001846FFF7E5FAFDF7F3FFF86008E0FDF774
:108FB000EFFF0246FB68D31A022B01D903239BE083
:108FC000FFF7C9FB0346002BF1D07B681B6803F059
:108FD0000803002B17D07B681B69DB001846FFF7DE
:108FE000DBFAFDF7D5FFF86008E0FDF7D1FF024698
:108FF000FB68D31A022B01D903237DE0FFF7BDFBE9
:109000000346002BF1D07B681B6803F00103002BA3
:1090100043D07B685B68022B06D1FFF77BF80346E1
:10902000002B1ED1012367E07B685B68032B06D110
:10903000FFF716FB0346002B13D101235CE07B688E
:109040005B68002B06D1FFF7E3F90346002B08D13C
:10905000012351E0FFF78EF80346002B01D10123D5
:109060004AE07B685B681846FFF721FAFDF790FF3E
:10907000F8600AE0FDF78CFF0246FB68D31A41F264
:109080008832934201D9032336E0FFF724FA0246DF
:109090007B685B689B009A42ECD1194B1B6803F01C
:1090A00007033A689A421BD2154B1B6823F007024C
:1090B00013493B6813430B60FDF76AFFF86008E053
:1090C000FDF766FF0246FB68D31A022B01D9032382
:1090D00012E00B4B1B6803F007033A689A42EFD18A
:1090E00000F07EF80346074A1360FDF75DFF034674
:1090F0001846FDF7FFFE034618461037BD4680BDF3
:1091000000400058A000002090B585B000AFFFF7E8
:10911000E2F978607B68002B0AD1FFF79EF90346DD
:109120001B0903F00F032B4A52F82330FB604BE07E
:109130007B68042B02D1284BFB6045E07B68082B41
:109140000AD1FEF7B7FF0346012B02D1224BFB6089
:109150003AE0224BFB6037E0FFF7B9FA38603B6832
:10916000022B03D03B68032B03D00DE01A4BBB60EE
:1091700015E0FEF79FFF0346012B02D1164BBB60A3
:109180000DE0164BBB600AE0FFF767F903461B09C9
:1091900003F00F030F4A52F82330BB6000BFFFF704
:1091A00071FA0246BB6803FB02F4FFF784FA034638
:1091B0001B090133B4FBF3F4FFF771FA03465B0FAD
:1091C0000133B4FBF3F3FB60FB6818461437BD466C
:1091D00090BD00BF185301080024F4000048E801C6
:1091E00098B500AFFFF790FF0446FFF7E9F9034693
:1091F0001B0903F00F03034A52F82330B4FBF3F3C7
:10920000184698BDB852010898B500AFFFF7E8FFBF
:109210000446FFF7EFF903461B0A03F00703044A6D
:1092200052F8233003F01F0324FA03F3184698BDC5
:10923000F852010898B500AFFFF7D2FF0446FFF7D8
:10924000E5F90346DB0A03F00703044A52F823302A
:1092500003F01F0324FA03F3184698BDF8520108DF
:1092600090B585B000AF78607B68B02B03D9154B03
:10927000DB6AFB6007E07B681B0903F00F03114A00
:1092800052F82330FB60FFF7A7F903461B0903F0F0
:109290000F030D4A52F82330FA68B2FBF3F3BB60B8
:1092A000BB680A4AA2FB03239C0CFEF7F5FE0346AB
:1092B0001946204600F00CF8034618461437BD4600
:1092C00090BD00BF18530108B852010883DE1B434C
:1092D00090B593B000AF78603960374B07F1280440
:1092E0000FCB84E80F00354A07F11C0307CA83E857
:1092F0000700334B07F10C040FCB84E80F00002369
:109300007B643B68B3F5007F1AD100233B6413E014
:109310003B6C9B0048333B4453F8203C7A689A42AC
:1093200007D83B6C9B0048333B4453F83C3C7B6480
:1093300020E03B6C01333B643B6C032BE8D919E024
:109340000023FB6313E0FB6B9B0048333B4453F863
:109350002C3C7A689A4207D8FB6B9B0048333B440D
:1093600053F83C3C7B6405E0FB6B0133FB63FB6B18
:10937000022BE8D9134B1B6823F0070211497B6CC1
:1093800013430B60FDF704FEB86308E0FDF700FE31
:109390000246BB6BD31A022B01D9032307E0094B0A
:1093A0001B6803F007037A6C9A42EFD1002318463A
:1093B0004C37BD4690BD00BFA8500108B850010809
:1093C000C45001080040005880B400AF4FF0B043D3
:1093D000D3F8903003F00103012B01D1012300E009
:1093E00000231846BD465DF8047B704780B400AF8B
:1093F0004FF0B043D3F8903003F00203022B01D1B9
:10940000012300E000231846BD465DF8047B704749
:1094100080B483B000AF78604FF0B043D3F894309D
:1094200023F440424FF0B0417B681343C1F89430BD
:1094300000BF0C37BD465DF8047B704780B483B035
:1094400000AF78604FF0B0435B6A23F003024FF047
:10945000B0417B6813434B6200BF0C37BD465DF8DB
:10946000047B704780B483B000AF78604FF0B043A6
:109470005B6A23F030024FF0B0417B6813434B62CC
:1094800000BF0C37BD465DF8047B704780B483B0E5
:1094900000AF78604FF0B043D3F8883023F0030278
:1094A0004FF0B0417B681343C1F8883000BF0C37E0
:1094B000BD465DF8047B704780B483B000AF786030
:1094C0004FF0B043D3F8883023F440624FF0B041FE
:1094D0007B681343C1F8883000BF0C37BD465DF888
:1094E000047B704780B483B000AF78604FF0B04326
:1094F000D3F888207B681B0903F47F23DB431A40E1
:109500007B681B0103F47F234FF0B0411343C1F884
:10951000883000BF0C37BD465DF8047B704780B4CF
:1095200083B000AF78604FF0B043D3F888207B68F9
:109530001B0C1B04DB431A407B681B044FF0B0413B
:109540001343C1F8883000BF0C37BD465DF8047B7B
:10955000704780B483B000AF78604FF0B043D3F869
:10956000883023F440024FF0B0417B681343C1F8C8
:10957000883000BF0C37BD465DF8047B704780B46F
:1095800083B000AF78604FF0B043D3F8883023F059
:1095900040424FF0B0417B681343C1F8883000BFB0
:1095A0000C37BD465DF8047B704780B483B000AFD4
:1095B00078604FF0B043D3F8883023F040624FF02A
:1095C000B0417B681343C1F8883000BF0C37BD46FB
:1095D0005DF8047B704780B582B000AF7860786832
:1095E000FFF7E3FF00BF0837BD4680BD80B483B0FE
:1095F00000AF78604FF0B043D3F8883023F040528A
:109600004FF0B0417B681343C1F8883000BF0C377E
:10961000BD465DF8047B704780B483B000AF7860CE
:109620004FF0B043D3F8903023F440724FF0B04184
:109630007B681343C1F8903000BF0C37BD465DF81E
:10964000047B704780B400AF4FF0B043D3F8903044
:1096500003F440731846BD465DF8047B704780B440
:1096600000AF4FF0B043D3F890304FF0B04243F426
:109670008033C2F8903000BFBD465DF8047B704770
:1096800080B400AF4FF0B043D3F890304FF0B04209
:1096900023F48033C2F8903000BFBD465DF8047BF0
:1096A000704780B400AF4FF0B0431B684FF0B0423A
:1096B00043F08063136000BFBD465DF8047B7047D4
:1096C00080B400AF4FF0B0431B684FF0B04223F0BE
:1096D0008063136000BFBD465DF8047B704780B4B3
:1096E00000AF4FF0B0431B6803F00063B3F1006FAD
:1096F00001D1012300E000231846BD465DF8047B3C
:10970000704780B588B000AF78600023FB770023F6
:10971000BB777B681B6803F04003002B34D07B6869
:109720001B6BB3F5400F21D0B3F5400F1BD8B3F539
:10973000000F1DD0B3F5000F15D8002B0BD0B3F5DB
:10974000800F10D14FF0B043DB684FF0B04243F4CC
:109750008033D3600DE07B680433184600F047F98E
:109760000346FB7705E00123FB7702E000BF00E042
:1097700000BFFB7F002B05D17B681B6B1846FFF7F2
:10978000E8FE01E0FB7FBB777B681B6803F40063A6
:10979000002B46D0FFF756FFB8617B681B6CBA6997
:1097A0009A423CD0FEF768FCBB69002B05D17B6870
:1097B0001B6C1846FFF730FF2EE04FF0B043D3F894
:1097C00090307B61FFF74BFFFFF75AFF7B6923F473
:1097D00040727B681B6C13437B614FF0B0427B6926
:1097E000C2F89030FFF7F0FD0346012B14D1FDF7CE
:1097F000CFFB38610BE0FDF7CBFB02463B69D31A88
:1098000041F28832934202D90323FB7704E0FFF749
:10981000EDFD0346012BEED1FB7FBB7701E0FB7F23
:10982000BB777B681B6803F00103002B04D07B68C7
:109830009B691846FFF72AFE7B681B6803F002034A
:10984000002B04D07B68DB691846FFF735FE7B6888
:109850001B6803F01003002B04D07B689B6A18463A
:10986000FFF75DFE7B681B6803F02003002B04D02C
:109870007B68DB6A1846FFF752FE7B681B6803F0C3
:109880000403002B04D07B681B6A1846FFF72AFEEE
:109890007B681B6803F00803002B04D07B685B6ABD
:1098A0001846FFF71FFE7B681B6803F48073002BCC
:1098B00022D07B685B6B1846FFF78DFE7B685B6B85
:1098C000B3F1006F07D14FF0B043DB684FF0B04207
:1098D00043F08073D3607B685B6BB3F1806F0BD117
:1098E0007B680433184600F0DDF80346FB77FB7F06
:1098F000002B01D0FB7FBB777B681B6803F40073F0
:10990000002B2BD07B689B6BB3F1804F08D07B681A
:109910009B6BB3F1004F03D07B689B6B002B05D191
:109920007B689B6B1846FFF72AFE0AE07B689B6BFF
:1099300023F08053FB600020FFF721FEF868FFF75B
:1099400034FE7B689B6BB3F1C05F07D14FF0B0432F
:10995000DB684FF0B04243F08073D3607B681B68D4
:1099600003F48063002B22D07B68DB6B1846FFF783
:109970003DFE7B68DB6BB3F1005F07D14FF0B04376
:10998000DB684FF0B04243F48033D3607B68DB6B1D
:10999000B3F1805F0BD17B680433184600F0DDF82B
:1099A0000346FB77FB7F002B01D0FB7FBB777B68F7
:1099B0001B6803F48053002B04D07B685B6C184653
:1099C000FFF726FD7B681B6803F40053002B09D0CA
:1099D0007B68DB6C1846FFF745FD7B689B6C18467F
:1099E000FFF72CFDBB7F18462037BD4680BD80B5F4
:1099F00084B000AF78600023FB73FFF761FEFDF7D2
:109A0000C7FAB86009E0FDF7C3FA0246BB68D31A8B
:109A1000022B02D90323FB7304E0FFF760FE034629
:109A2000002BF0D1FB7B002B37D14FF0B0431B69EB
:109A300023F4FE427B681B681B024FF0B0411343C6
:109A40000B614FF0B0431B6923F478127B685B68AD
:109A50004FF0B04113430B61FFF723FEFDF798FA77
:109A6000B86009E0FDF794FA0246BB68D31A022BEE
:109A700002D90323FB7304E0FFF731FE0346012BF9
:109A8000F0D1FB7B002B08D14FF0B0431A697B6803
:109A90001B694FF0B04113430B61FB7B1846103735
:109AA000BD4680BD80B584B000AF78600023FB73F5
:109AB000FFF706FEFDF76CFAB86009E0FDF768FAFB
:109AC0000246BB68D31A022B02D90323FB7304E0BE
:109AD000FFF705FE0346002BF0D1FB7B002B37D1AF
:109AE0004FF0B0431B6923F4FE427B681B681B02E6
:109AF0004FF0B04113430B614FF0B0431B6923F0AB
:109B000060627B689B684FF0B04113430B61FFF7C5
:109B1000C8FDFDF73DFAB86009E0FDF739FA0246E5
:109B2000BB68D31A022B02D90323FB7304E0FFF7AF
:109B3000D6FD0346012BF0D1FB7B002B08D14FF063
:109B4000B0431A697B681B694FF0B04113430B6146
:109B5000FB7B18461037BD4680BD80B584B000AF92
:109B600078600023FB73FFF7ABFDFDF711FAB860D7
:109B700009E0FDF70DFA0246BB68D31A022B02D9A1
:109B80000323FB7304E0FFF7AAFD0346002BF0D18B
:109B9000FB7B002B37D14FF0B0431B6923F4FE420F
:109BA0007B681B681B024FF0B04113430B614FF001
:109BB000B0431B6923F060427B68DB684FF0B04123
:109BC00013430B61FFF76DFDFDF7E2F9B86009E0A3
:109BD000FDF7DEF90246BB68D31A022B02D9032334
:109BE000FB7304E0FFF77BFD0346012BF0D1FB7B09
:109BF000002B08D14FF0B0431A697B681B694FF006
:109C0000B04113430B61FB7B18461037BD4680BD46
:109C100080B584B000AF78607B68002B01D1012350
:109C20007AE07B6893F82130DBB2002B06D17B68A9
:109C3000002283F820207868F9F730FA7B68022246
:109C400083F821207B681B68DB6803F01003102B6E
:109C500058D07B681B68CA225A627B681B685322F3
:109C60005A62786800F082F80346FB73FB7B002B96
:109C70002CD17B681B689B687A68126823F4E00328
:109C800023F0400393607B681B6899687B685A687F
:109C90007B681B691A437B689B691A437B681B6856
:109CA0000A439A607B681B687A68D2681A617B688D
:109CB0001B6819697B689B681A047B681B680A43E8
:109CC0001A61786800F08AF80346FB73FB7B002B6F
:109CD00013D17B681B68DA6C7B681B6822F0030277
:109CE000DA647B681B68D96C7B68DA697B685B69BE
:109CF0001A437B681B680A43DA647B681B68FF228F
:109D00005A6201E00023FB73FB7B002B03D17B68CD
:109D1000012283F82120FB7B18461037BD4680BD09
:109D200080B584B000AF78600023FB607B681B685F
:109D30000D4ADA60FDF72CF9F86009E0FDF728F923
:109D40000246FB68D31AB3F57A7F01D9032307E0F3
:109D50007B681B68DB6803F02003002BEED0002338
:109D600018461037BD4680BD5FFF010080B584B046
:109D700000AF78600023BB600023FB737B681B6827
:109D8000DB6803F04003002B23D17B681B68DA6893
:109D90007B681B6842F08002DA60FDF7F9F8B86072
:109DA0000DE0FDF7F5F80246BB68D31AB3F57A7FEC
:109DB00005D97B68042283F821200123FB737B688B
:109DC0001B68DB6803F04003002B02D1FB7B012BF7
:109DD000E7D1FB7B18461037BD4680BD80B584B007
:109DE00000AF78600023FB737B681B68DA687B68D0
:109DF0001B6822F08002DA607B681B689B6803F0B6
:109E00002003002B0BD17868FFF78AFF0346002B55
:109E100005D07B68042283F821200123FB73FB7BA0
:109E200018461037BD4680BD80B483B000AF78605F
:109E30007B6893F82030012B01D1022324E07B685A
:109E4000012283F820207B68022283F821207B688E
:109E50001B68CA225A627B681B6853225A627B685D
:109E60001B689A687B681B6842F020029A607B68D6
:109E70001B68FF225A627B68012283F821207B68DD
:109E8000002283F82020002318460C37BD465DF8D9
:109E9000047B704780B584B000AF78607B68002B8E
:109EA00001D1012395E07B685B6A002B08D17B68B8
:109EB0005B68B3F5827F09D07B680022DA6105E038
:109EC0007B6800221A617B6800225A617B6800224D
:109ED0009A627B6893F85D30DBB2002B06D17B6819
:109EE000002283F85C20786800F077F87B68022213
:109EF00083F85D207B681B681A687B681B6822F00A
:109F000040021A607B68DB68B3F5E06F02D900237A
:109F1000FB6002E04FF48053FB607B68DB68B3F5C5
:109F2000706F07D07B68DB68B3F5E06F02D07B68A9
:109F300000229A627B685B6803F482727B689B688C
:109F400003F404431A437B681B6903F002031A43BA
:109F50007B685B6903F001031A437B689B6903F428
:109F600000731A437B68DB6903F038031A437B688C
:109F70001B6A03F0800342EA03017B689B6A03F4D7
:109F800000527B681B680A431A607B689B691B0C44
:109F900003F004027B685B6A03F010031A437B68DA
:109FA0005B6B03F008031A437B68DB6803F47063A0
:109FB00042EA0301FB6803F480527B681B680A4392
:109FC0005A607B6800221A667B68012283F85D2054
:109FD000002318461037BD4680BD80B483B000AF63
:109FE000786000BF0C37BD465DF8047B704780B5D4
:109FF00088B000AFF860B9603B601346FB80FCF7A7
:10A00000C7FFF861FB887B83FB6893F85D30DBB2A8
:10A01000012B01D002235CE1BB68002B02D0FB883E
:10A02000002B01D1012354E1FB6893F85C30012B34
:10A0300001D102234DE1FB68012283F85C20FB681B
:10A04000032283F85D20FB6800221A66FB68BA6869
:10A050009A63FB68FA889A87FB68FA88DA87FB6854
:10A0600000221A64FB680022A3F84420FB68002247
:10A07000A3F84620FB6800221A65FB680022DA6418
:10A08000FB689B68B3F5004F0FD1FB681B681A682B
:10A09000FB681B6822F040021A60FB681B681A68A4
:10A0A000FB681B6842F480421A60FB681B681B68EF
:10A0B00003F04003402B07D0FB681B681A68FB685D
:10A0C0001B6842F040021A60FB68DB68B3F5E06F82
:10A0D00052D9FB685B68002B02D07B8B012B45D1EA
:10A0E000FB689B6B1A88FB681B68DA60FB689B6BDC
:10A0F0009A1CFB689A63FB68DB8F9BB2013B9AB2A8
:10A10000FB68DA8732E0FB681B689B6803F0020398
:10A11000022B12D1FB689B6B1A88FB681B68DA6004
:10A12000FB689B6B9A1CFB689A63FB68DB8F9BB296
:10A13000013B9AB2FB68DA8718E0FCF729FF024678
:10A14000FB69D31A3A689A4203D83B68B3F1FF3FE0
:10A1500002D13B68002B09D1FB68012283F85D2006
:10A16000FB68002283F85C200323B2E0FB68DB8FEE
:10A170009BB2002BC7D183E0FB685B68002B02D049
:10A180007B8B012B77D1FB68DB8F9BB2012B12D924
:10A19000FB689B6B1A88FB681B68DA60FB689B6B2B
:10A1A0009A1CFB689A63FB68DB8F9BB2023B9AB2F6
:10A1B000FB68DA875FE0FB689A6BFB681B680C330F
:10A1C00012781A70FB689B6B5A1CFB689A63FB68D9
:10A1D000DB8F9BB2013B9AB2FB68DA874BE0FB68EE
:10A1E0001B689B6803F00203022B2BD1FB68DB8FFB
:10A1F0009BB2012B12D9FB689B6B1A88FB681B680A
:10A20000DA60FB689B6B9A1CFB689A63FB68DB8FC8
:10A210009BB2023B9AB2FB68DA872CE0FB689A6B30
:10A22000FB681B680C3312781A70FB689B6B5A1C16
:10A23000FB689A63FB68DB8F9BB2013B9AB2FB68B9
:10A24000DA8718E0FCF7A4FE0246FB69D31A3A68E5
:10A250009A4203D83B68B3F1FF3F02D13B68002B21
:10A2600009D1FB68012283F85D20FB68002283F896
:10A270005C2003232DE0FB68DB8F9BB2002BAED16B
:10A28000FA693968F86800F073FB0346002B02D0C6
:10A29000FB6820221A66FB689B68002B0AD100230A
:10A2A0007B61FB681B68DB687B61FB681B689B68E4
:10A2B0007B617B69FB68012283F85D20FB680022DB
:10A2C00083F85C20FB681B6E002B01D0012300E0AB
:10A2D000002318462037BD4680BD80B58AB000AF48
:10A2E000F860B9607A607B8001237B62FCF750FEE6
:10A2F0003862FB6893F85D30FB77FB685B68BB6195
:10A300007B88FB827B88BB82FB7F012B0CD0BB69E7
:10A31000B3F5827F06D1FB689B68002B02D1FB7FDF
:10A32000042B01D00223F3E1BB68002B05D07B682E
:10A33000002B02D07B88002B01D10123E8E1FB68D0
:10A3400093F85C30012B01D10223E1E1FB6801228B
:10A3500083F85C20FB6893F85D30DBB2042B03D0FC
:10A36000FB68052283F85D20FB6800221A66FB6803
:10A370007A681A64FB687A88A3F84620FB687A88B2
:10A38000A3F84420FB68BA689A63FB687A88DA8786
:10A39000FB687A889A87FB680022DA64FB680022EF
:10A3A0001A65FB68DB68B3F5E06F02D8BB8A012B46
:10A3B00008D9FB681B685A68FB681B6822F4805246
:10A3C0005A6007E0FB681B685A68FB681B6842F428
:10A3D00080525A60FB681B681B6803F04003402BE7
:10A3E00007D0FB681B681A68FB681B6842F04002D4
:10A3F0001A60FB68DB68B3F5E06F40F28380FB68AE
:10A400005B68002B02D0FB8A012B6FD1FB689B6B32
:10A410001A88FB681B68DA60FB689B6B9A1CFB68F8
:10A420009A63FB68DB8F9BB2013B9AB2FB68DA87C9
:10A430005CE0FB681B689B6803F00203022B1BD1E6
:10A44000FB68DB8F9BB2002B16D07B6A012B13D1EC
:10A45000FB689B6B1A88FB681B68DA60FB689B6B68
:10A460009A1CFB689A63FB68DB8F9BB2013B9AB234
:10A47000FB68DA8700237B62FB681B689B6803F03C
:10A480000103012B1CD1FB68B3F846309BB2002BB3
:10A4900016D0FB681B68DA68FB681B6C92B21A80E6
:10A4A000FB681B6C9A1CFB681A64FB68B3F84630A7
:10A4B0009BB2013B9AB2FB68A3F8462001237B6262
:10A4C000FCF766FD02463B6AD31A3A6B9A420DD8F6
:10A4D0003B6BB3F1FF3F09D0FB68012283F85D209D
:10A4E000FB68002283F85C20032311E1FB68DB8F0B
:10A4F0009BB2002B9DD1FB68B3F846309BB2002B7A
:10A5000097D1E5E0FB685B68002B03D0FB8A012B49
:10A5100040F0D180FB68DB8F9BB2012B12D9FB6826
:10A520009B6B1A88FB681B68DA60FB689B6B9A1C44
:10A53000FB689A63FB68DB8F9BB2023B9AB2FB68B5
:10A54000DA87B8E0FB689A6BFB681B680C331278FB
:10A550001A70FB689B6B5A1CFB689A63FB68DB8F65
:10A560009BB2013B9AB2FB68DA87A4E0FB681B68E8
:10A570009B6803F00203022B34D1FB68DB8F9BB294
:10A58000002B2FD07B6A012B2CD1FB68DB8F9BB279
:10A59000012B12D9FB689B6B1A88FB681B68DA6079
:10A5A000FB689B6B9A1CFB689A63FB68DB8F9BB212
:10A5B000023B9AB2FB68DA8712E0FB689A6BFB6891
:10A5C0001B680C3312781A70FB689B6B5A1CFB6873
:10A5D0009A63FB68DB8F9BB2013B9AB2FB68DA8718
:10A5E00000237B62FB681B689B6803F00103012B5F
:10A5F00048D1FB68B3F846309BB2002B42D0FB68D1
:10A60000B3F846309BB2012B23D9FB681B68DA688C
:10A61000FB681B6C92B21A80FB681B6C9A1CFB686F
:10A620001A64FB68B3F846309BB2023B9AB2FB68EF
:10A63000A3F84620FB68B3F846309BB2012B1FD825
:10A64000FB681B685A68FB681B6842F480525A60BA
:10A6500016E0FB681B6803F10C02FB681B6C1278A8
:10A66000D2B21A70FB681B6C5A1CFB681A64FB6838
:10A67000B3F846309BB2013B9AB2FB68A3F8462080
:10A6800001237B62FCF784FC02463B6AD31A3A6BD7
:10A690009A4203D83B6BB3F1FF3F02D13B6B002BD7
:10A6A00009D1FB68012283F85D20FB68002283F852
:10A6B0005C2003232CE0FB68DB8F9BB2002B7FF434
:10A6C00055AFFB68B3F846309BB2002B7FF44EAF1A
:10A6D0003A6A396BF86800F04BF90346002B08D052
:10A6E000FB6820221A66FB68002283F85C200123A5
:10A6F0000EE0FB68012283F85D20FB68002283F8EE
:10A700005C20FB681B6E002B01D0012300E00023BE
:10A7100018462837BD4680BD80B483B000AF78604E
:10A720007B6893F85D30DBB218460C37BD465DF8A8
:10A73000047B704780B588B000AFF860B9603B60BB
:10A740001346FB71FCF724FC0246BB6A9B1A3A686D
:10A750001344FB61FCF71CFCB861394B1B685B01BF
:10A760001B0DFA6902FB03F37B6155E03B68B3F113
:10A77000FF3F51D0FCF70CFC0246BB69D31AFA69C3
:10A780009A4202D9FB69002B3DD1FB681B685A68CD
:10A79000FB681B6822F0E0025A60FB685B68B3F557
:10A7A000827F11D1FB689B68B3F5004F04D0FB6832
:10A7B0009B68B3F5806F07D1FB681B681A68FB685C
:10A7C0001B6822F040021A60FB689B6AB3F5005FC9
:10A7D0000FD1FB681B681A68FB681B6822F40052E3
:10A7E0001A60FB681B681A68FB681B6842F4005219
:10A7F0001A60FB68012283F85D20FB68002283F861
:10A800005C20032318E07B69002B02D10023FB614D
:10A8100002E07B69013B7B61FB681B689A68BB684F
:10A820001340BA689A420CBF01230023DBB21A46D8
:10A83000FB799A429AD1002318462037BD4680BD45
:10A84000A000002080B58AB000AFF860B9607A60DF
:10A850003B600023FB75FCF79BFB02463B6B9B1A9E
:10A860003A6813447B62FCF793FB3862FB681B6811
:10A870000C33FB613D4B1A6813469B001344DA000E
:10A88000D31A1B0D7A6A02FB03F3BB6161E0BB685C
:10A89000B3F5C06F07D17B68002B04D1FB691B782F
:10A8A000DBB2FB75FB7D3B68B3F1FF3F51D0FCF79A
:10A8B0006FFB02463B6AD31A7A6A9A4202D97B6AD4
:10A8C000002B3DD1FB681B685A68FB681B6822F0AF
:10A8D000E0025A60FB685B68B3F5827F11D1FB68C8
:10A8E0009B68B3F5004F04D0FB689B68B3F5806F9D
:10A8F00007D1FB681B681A68FB681B6822F04002DE
:10A900001A60FB689B6AB3F5005F0FD1FB681B6898
:10A910001A68FB681B6822F400521A60FB681B6807
:10A920001A68FB681B6842F400521A60FB68012237
:10A9300083F85D20FB68002283F85C20032311E08C
:10A94000BB69002B02D100237B6202E0BB69013BA3
:10A95000BB61FB681B689A68BB6813407A689A42BF
:10A9600095D1002318462837BD4680BDA0000020A1
:10A9700080B586B002AFF860B9607A607B680093FA
:10A98000BB6800224FF4C051F868FFF75BFF034635
:10A99000002B07D0FB681B6E43F02002FB681A6691
:10A9A000032327E07B680093BB6800228021F868BE
:10A9B000FFF7C0FE0346002B07D0FB681B6E43F079
:10A9C0002002FB681A66032314E07B680093BB68CF
:10A9D00000224FF4C061F868FFF734FF0346002BF4
:10A9E00007D0FB681B6E43F02002FB681A66032346
:10A9F00000E0002318461037BD4680BD80B582B008
:10AA000000AF78607B68002B01D1012349E07B68AF
:10AA100093F83D30DBB2002B06D17B68002283F82F
:10AA20003C20786800F041F87B68022283F83D20E2
:10AA30007B681A687B6804331946104600F016F9E3
:10AA40007B68012283F848207B68012283F83E203E
:10AA50007B68012283F83F207B68012283F8402035
:10AA60007B68012283F841207B68012283F8422021
:10AA70007B68012283F843207B68012283F844200D
:10AA80007B68012283F845207B68012283F84620F9
:10AA90007B68012283F847207B68012283F83D20F0
:10AAA000002318460837BD4680BD80B483B000AF90
:10AAB000786000BF0C37BD465DF8047B704700002E
:10AAC00080B485B000AF78607B6893F83D30DBB22E
:10AAD000012B01D001232EE07B68022283F83D2068
:10AAE0007B681B68174A934204D07B681B68B3F1EC
:10AAF000804F15D17B681B689A68134B1340FB602D
:10AB0000FB68062B15D0FB68B3F5803F11D07B683E
:10AB10001B681A687B681B6842F001021A6008E033
:10AB20007B681B681A687B681B6842F001021A6028
:10AB300000E000BF002318461437BD465DF8047BD3
:10AB4000704700BF002C01400700010080B483B0B3
:10AB500000AF78607B681B681B6A03F0113323F039
:10AB60008853002B0FD17B681B681A6A40F244435C
:10AB70001340002B07D17B681B681A687B681B6831
:10AB800022F001021A607B68012283F83D20002335
:10AB900018460C37BD465DF8047B704780B582B01F
:10ABA00000AF78607B68022283F83D207B681B68D9
:10ABB0001B6A03F0113323F08853002B0FD17B68FD
:10ABC0001B681A6A40F244431340002B07D17B688C
:10ABD0001B681A687B681B6822F001021A6078689B
:10ABE00000F039F87B68002283F848207B68002257
:10ABF00083F83E207B68002283F83F207B68002298
:10AC000083F840207B68002283F841207B68002283
:10AC100083F842207B68002283F843207B6800226F
:10AC200083F844207B68002283F845207B6800225B
:10AC300083F846207B68002283F847207B68002247
:10AC400083F83D207B68002283F83C2000231846CF
:10AC50000837BD4680BD80B483B000AF786000BFC8
:10AC60000C37BD465DF8047B7047000080B485B0AA
:10AC700000AF786039607B681B68FB607B682D4A99
:10AC8000934203D07B68B3F1804F08D1FB6823F077
:10AC90007003FB603B685B68FA681343FB607B688A
:10ACA000244A93420BD07B68B3F1804F07D07B6876
:10ACB000214A934203D07B68204A934208D1FB6823
:10ACC00023F44073FB603B68DB68FA681343FB6066
:10ACD000FB6823F080023B685B691343FB603B68C1
:10ACE0009A687B68DA623B681A687B689A627B685C
:10ACF000104A934207D07B680F4A934203D07B6887
:10AD00000E4A934203D13B681A697B681A637B68D9
:10AD10001B6843F004027B681A607B6801225A6159
:10AD20007B68FA681A6000BF1437BD465DF8047B83
:10AD3000704700BF002C0140004401400048014022
:10AD400080B483B000AF78604FF0B043D3F8882070
:10AD50007B68134018460C37BD465DF8047B70478E
:10AD600080B483B000AF78604FF0B043D3F8882050
:10AD70007B68134018460C37BD465DF8047B70476E
:10AD800080B582B000AF78607B68002B01D10123D1
:10AD900042E07B68D3F88830002B06D17B68002224
:10ADA00083F884207868F8F7B1F97B682422C3F827
:10ADB00088207B681B681A687B681B6822F0010288
:10ADC0001A607B689B6A002B02D0786800F07EFED8
:10ADD000786800F053FC0346012B01D101231BE0EE
:10ADE0007B681B685A687B681B6822F490425A6033
:10ADF0007B681B689A687B681B6822F02A029A604D
:10AE00007B681B681A687B681B6842F001021A6045
:10AE1000786800F0FDFE034618460837BD4680BD41
:10AE200080B58AB000AFF860B9601346FB80FB685C
:10AE3000D3F88C30202B37D1BB68002B02D0FB8895
:10AE4000002B01D1012330E0FB680022DA66FB68A9
:10AE50001B68184A93421FD0FB681B685B6803F4A9
:10AE60000003002B18D0FB681B687B617B6953E8EB
:10AE7000003F3B613B6943F080637B62FB681B687A
:10AE80001A467B6A3B62FA61F9693A6A41E8002333
:10AE9000BB61BB69002BE6D1FB881A46B968F8682C
:10AEA00000F0CEFF034600E0022318462837BD46D7
:10AEB00080BD00BF0080004080B58AB000AFF86060
:10AEC000B9601346FB80FB68D3F88830202B67D12C
:10AED000BB68002B02D0FB88002B01D1012360E06E
:10AEE000FB68BA681A65FB68FA88A3F85420FB6807
:10AEF000FA88A3F85620FB680022C3F89020FB686C
:10AF00002122C3F88820FB68DB6F002B28D0FB6868
:10AF1000DB6F264ADA62FB68DB6F254A1A63FB683F
:10AF2000DB6F244A5A63FB68DB6F00229A63FB687D
:10AF3000D86FFB681B6D1946FB681B6828331A46DF
:10AF4000FB88FCF797FA0346002B09D0FB68102218
:10AF5000C3F89020FB682022C3F88820012320E05A
:10AF6000FB681B6840221A62FB681B6808337B6120
:10AF70007B6953E8003F3B613B6943F080037B62A0
:10AF8000FB681B6808337A6A3A62FB61F9693A6ABE
:10AF900041E80023BB61BB69002BE5D1002300E041
:10AFA000022318462837BD4680BD00BFD3C1000824
:10AFB00065C2000881C2000880B5BAB000AF7860F1
:10AFC0007B681B68DB69C7F8E4307B681B681B681B
:10AFD000C7F8E0307B681B689B68C7F8DC30D7F89F
:10AFE000E42040F60F031340C7F8D830D7F8D83024
:10AFF000002B1BD1D7F8E43003F02003002B15D031
:10B00000D7F8E03003F02003002B05D1D7F8DC306F
:10B0100003F08053002B09D07B685B6F002B00F09E
:10B0200000837B685B6F78689847FAE2D7F8D8307E
:10B03000002B00F02381D7F8DC208D4B1340002B30
:10B0400006D1D7F8E0208B4B1340002B00F016817F
:10B05000D7F8E43003F00103002B11D0D7F8E0302B
:10B0600003F48073002B0BD07B681B6801221A62EB
:10B070007B68D3F8903043F001027B68C3F89020DE
:10B08000D7F8E43003F00203002B11D0D7F8DC30FE
:10B0900003F00103002B0BD07B681B6802221A62AD
:10B0A0007B68D3F8903043F004027B68C3F89020AB
:10B0B000D7F8E43003F00403002B11D0D7F8DC30CC
:10B0C00003F00103002B0BD07B681B6804221A627B
:10B0D0007B68D3F8903043F002027B68C3F890207D
:10B0E000D7F8E43003F00803002B17D0D7F8E0308E
:10B0F00003F02003002B05D1D7F8DC205C4B134074
:10B10000002B0BD07B681B6808221A627B68D3F87F
:10B11000903043F008027B68C3F89020D7F8E43001
:10B1200003F40063002B12D0D7F8E03003F0806303
:10B13000002B0CD07B681B684FF400621A627B689E
:10B14000D3F8903043F020027B68C3F890207B68EE
:10B15000D3F89030002B00F06682D7F8E43003F08B
:10B160002003002B13D0D7F8E03003F02003002B8E
:10B1700005D1D7F8DC3003F08053002B07D07B6873
:10B180005B6F002B03D07B685B6F786898477B68A8
:10B19000D3F89030C7F8D4307B681B689B6803F005
:10B1A0004003402B05D0D7F8D43003F02803002B00
:10B1B00054D0786800F0A7FF7B681B689B6803F099
:10B1C0004003402B46D17B681B680833C7F89C308E
:10B1D000D7F89C3053E8003FC7F89830D7F898303C
:10B1E00023F04003C7F8D0307B681B680833D7F8DA
:10B1F000D020C7F8A820C7F8A430D7F8A410D7F8F3
:10B20000A82041E80023C7F8A030D7F8A030002BD1
:10B21000D9D17B68D3F88030002B17D07B68D3F866
:10B220008030154A9A637B68D3F880301846FCF763
:10B23000FBF90346002B19D07B68D3F880309B6B59
:10B240007A68D2F88020104698470FE0786800F0BE
:10B25000FFF90BE0786800F0FBF907E0786800F090
:10B26000F7F97B680022C3F89020DCE100BFDAE147
:10B270000100001020010004F1C200087B68DB6EB1
:10B28000012B40F07081D7F8E43003F01003002B5D
:10B2900000F06981D7F8E03003F01003002B00F0D4
:10B2A00062817B681B6810221A627B681B689B683E
:10B2B00003F04003402B40F0D8807B68D3F8803007
:10B2C0001B685B68A7F8BE30B7F8BE30002B00F0F3
:10B2D000AF807B68B3F85C30B7F8BE209A4280F04C
:10B2E000A7807B68B7F8BE20A3F85E207B68D3F800
:10B2F00080301B681B6803F02003002B40F0878020
:10B300007B681B68C7F88830D7F8883053E8003F5F
:10B31000C7F88430D7F8843023F48073C7F8B83086
:10B320007B681B681A46D7F8B830C7F89430C7F85E
:10B330009020D7F89010D7F8942041E80023C7F860
:10B340008C30D7F88C30002BDAD17B681B6808333F
:10B350007B677B6F53E8003F3B673B6F23F0010344
:10B36000C7F8B4307B681B680833D7F8B420C7F837
:10B370008020FB67F96FD7F8802041E80023BB6786
:10B38000BB6F002BE1D17B681B6808333B663B6ECB
:10B3900053E8003FFB65FB6D23F04003C7F8B03076
:10B3A0007B681B680833D7F8B020FA66BB66B96EB5
:10B3B000FA6E41E800237B667B6E002BE3D17B684D
:10B3C0002022C3F88C207B680022DA667B681B6829
:10B3D000FB64FB6C53E8003FBB64BB6C23F01003C1
:10B3E000C7F8AC307B681B681A46D7F8AC30BB6531
:10B3F0007A65796DBA6D41E800233B653B6D002BA2
:10B40000E4D17B68D3F880301846FCF7AEF87B684F
:10B4100002221A677B68B3F85C207B68B3F85E3061
:10B420009BB2D31A9BB21946786800F01BF9FCE076
:10B430007B68B3F85C30B7F8BE209A4240F0F580E4
:10B440007B68D3F880301B681B6803F02003202B37
:10B4500040F0EB807B6802221A677B68B3F85C30AF
:10B460001946786800F0FEF8DFE07B68B3F85C20EE
:10B470007B68B3F85E309BB2D31AA7F8CE307B68F6
:10B48000B3F85E309BB2002B00F0D180B7F8CE301D
:10B49000002B00F0CC807B681B68BB63BB6B53E860
:10B4A000003F7B637B6B23F49073C7F8C8307B68E5
:10B4B0001B681A46D7F8C8307B643A64396C7A6CDA
:10B4C00041E80023FB63FB6B002BE4D17B681B6826
:10B4D00008337B627B6A53E8003F3B623B6A23F0A0
:10B4E000805323F00103C7F8C4307B681B6808331E
:10B4F000D7F8C4203A63FB62F96A3A6B41E800234B
:10B50000BB62BB6A002BE1D17B682022C3F88C2090
:10B510007B680022DA667B6800225A677B681B68BA
:10B520003B613B6953E8003FFB60FB6823F010037D
:10B53000C7F8C0307B681B681A46D7F8C030FB617B
:10B54000BA61B969FA6941E800237B617B69002B24
:10B55000E4D17B6802221A67B7F8CE3019467868C2
:10B5600000F080F863E0D7F8E43003F48013002B98
:10B570000ED0D7F8DC3003F48003002B08D07B68B2
:10B580001B684FF480121A62786801F00BFC51E0DE
:10B59000D7F8E43003F08003002B14D0D7F8E03064
:10B5A00003F08003002B05D1D7F8DC3003F400034F
:10B5B000002B08D07B689B6F002B3AD07B689B6F79
:10B5C0007868984735E0D7F8E43003F04003002B63
:10B5D00009D0D7F8E03003F04003002B03D078689F
:10B5E00000F094FE26E0D7F8E43003F40003002BCB
:10B5F00009D0D7F8E03003F08043002B03D07868FF
:10B6000001F0E4FB16E0D7F8E43003F08073002B80
:10B6100010D0D7F8E030002B0CDA786801F0CCFBC2
:10B6200008E000BF06E000BF04E000BF02E000BF8A
:10B6300000E000BFE837BD4680BD00BF80B483B0E6
:10B6400000AF786000BF0C37BD465DF8047B7047E3
:10B6500080B483B000AF786000BF0C37BD465DF8A2
:10B66000047B704780B483B000AF78600B467B806A
:10B6700000BF0C37BD465DF8047B70472DE9B04F25
:10B680008CB000AF7861002387F82A307B699A6814
:10B690007B691B691A437B695B691A437B69DB69B8
:10B6A0001343FB627B691B681A68AF4B13407A69CE
:10B6B0001268F96A0B4313607B691B685B6823F4AB
:10B6C00040517B69DA687B691B680A435A607B6971
:10B6D0009B69FB627B691B68A44A934204D07B6927
:10B6E0001B6AFA6A1343FB627B691B689B6823F041
:10B6F0006E4323F430637A691268F96A0B439360EE
:10B700007B691B68DB6A23F00F017B695A6A7B69DE
:10B710001B680A43DA627B691B68954A934225D10C
:10B720000320FFF70DFB0346032B1BD801A252F8A1
:10B7300023F000BF45B7000855B700084DB7000813
:10B740005DB70008012387F82B3042E0022387F819
:10B750002B303EE0042387F82B303AE0082387F8AB
:10B760002B3036E0102387F82B3032E07B691B68E2
:10B770007E4A93422AD14FF44060FFF7F1FA034624
:10B78000B3F5406F1AD0B3F5406F1BD8B3F5006F17
:10B790000CD0B3F5006F15D8002B03D0B3F5806F34
:10B7A00008D00FE0002387F82B3012E0022387F83F
:10B7B0002B300EE0042387F82B300AE0082387F8AB
:10B7C0002B3006E0102387F82B3002E0102387F897
:10B7D0002B307B691B68654A934240F0978097F84D
:10B7E0002B30082B23D801A252F823F011B80008FF
:10B7F0002FB8000819B800082FB800081FB80008B3
:10B800002FB800082FB800082FB8000827B8000884
:10B81000FDF7FAFC786210E0564B7B620DE0FDF715
:10B8200073FC786209E048F206037B6205E00023BE
:10B830007B62012387F82A3000BF7B6A002B00F06F
:10B840002B817B695B6A4C4A32F813301A467B6A5B
:10B85000B3FBF2F3BB617B695A6813465B00134488
:10B86000BA699A4205D37B695B681B03BA699A423D
:10B8700003D9012387F82A300EE17B6A0022BB60DE
:10B88000FA607B695B6A3C4A32F813309BB2002253
:10B890003B607A60D7E90023D7E90201F5F76CF93C
:10B8A00002460B46104619464FF000024FF00003C7
:10B8B0000B0243EA106302027969496849080020D3
:10B8C0000C46054612EB040843EB05097B695B68EF
:10B8D00000229A46934652465B4640464946F5F753
:10B8E0004BF902460B4613463B623B6AB3F5407F79
:10B8F00008D33B6AB3F5801F04D27B691B683A6AA0
:10B90000DA60C9E0012387F82A30C5E07B69DB698A
:10B91000B3F5004F6DD197F82B30013B072B2DD895
:10B9200001A252F823F000BF49B9000851B900083C
:10B930007DB9000857B900087DB900087DB9000835
:10B940007DB900085FB90008FDF774FC78621BE060
:10B95000084B7B6218E0FDF7D7FB786214E048F2F1
:10B9600006037B6210E000BFF369FFCF0080004058
:10B97000003801400024F4005853010800237B6282
:10B98000012387F82A3000BF7B6A002B00F08480F7
:10B990007B695B6A4B4A32F813301A467B6AB3FB09
:10B9A000F2F35A007B695B685B081A447B695B6849
:10B9B000B2FBF3F33B623B6A0F2B16D93B6AB3F53C
:10B9C000803F12D23B6A9BB223F00F03FB833B6A9A
:10B9D0005B089BB203F007039AB2FB8B1343FB8314
:10B9E0007B691B68FA8BDA6056E0012387F82A30FE
:10B9F00052E097F82B30013B072B22D801A252F8D6
:10BA000023F000BF25BA00082DBA000843BA000889
:10BA100033BA000843BA000843BA000843BA000822
:10BA20003BBA0008FDF706FC786210E0264B7B620B
:10BA30000DE0FDF769FB786209E048F206037B62DE
:10BA400005E000237B62012387F82A3000BF7B6A70
:10BA5000002B21D07B695B6A1A4A32F813301A46F0
:10BA60007B6AB3FBF2F27B695B685B081A447B6913
:10BA70005B68B2FBF3F33B623B6A0F2B09D93B6A6D
:10BA8000B3F5803F05D23B6A9AB27B691B68DA60E6
:10BA900002E0012387F82A307B690122A3F86A209B
:10BAA0007B690122A3F868207B6900225A677B69C1
:10BAB00000229A6797F82A3018463037BD46BDE80D
:10BAC000B08F00BF585301080024F40080B483B045
:10BAD00000AF78607B689B6A03F00803002B0AD0F4
:10BAE0007B681B685B6823F400417B689A6B7B680A
:10BAF0001B680A435A607B689B6A03F00103002BB2
:10BB00000AD07B681B685B6823F400317B68DA6AC3
:10BB10007B681B680A435A607B689B6A03F00203D8
:10BB2000002B0AD07B681B685B6823F480317B683C
:10BB30001A6B7B681B680A435A607B689B6A03F038
:10BB40000403002B0AD07B681B685B6823F4802108
:10BB50007B685A6B7B681B680A435A607B689B6AE8
:10BB600003F01003002B0AD07B681B689B6823F44A
:10BB700080517B68DA6B7B681B680A439A607B683C
:10BB80009B6A03F02003002B0AD07B681B689B682C
:10BB900023F400517B681A6C7B681B680A439A6027
:10BBA0007B689B6A03F04003002B1AD07B681B68FC
:10BBB0005B6823F480117B685A6C7B681B680A43BE
:10BBC0005A607B685B6CB3F5801F0AD17B681B6889
:10BBD0005B6823F4C0017B689A6C7B681B680A432E
:10BBE0005A607B689B6A03F08003002B0AD07B6855
:10BBF0001B685B6823F400217B68DA6C7B681B6838
:10BC00000A435A6000BF0C37BD465DF8047B70479D
:10BC100080B598B002AF78607B680022C3F89020AE
:10BC2000FBF7B6F978657B681B681B6803F00803AF
:10BC3000082B2FD16FF07E4300937B6D00224FF4D1
:10BC40000011786800F08EF80346002B22D07B6844
:10BC50001B68BB63BB6B53E8003F7B637B6B23F0CC
:10BC600080033B657B681B681A463B6D7B643A64C6
:10BC7000396C7A6C41E80023FB63FB6B002BE6D147
:10BC80007B682022C3F888207B68002283F8842008
:10BC9000032363E07B681B681B6803F00403042B29
:10BCA00049D16FF07E4300937B6D00224FF48001F9
:10BCB000786800F057F80346002B3CD07B681B687F
:10BCC0007B627B6A53E8003F3B623B6A23F49073DC
:10BCD000FB647B681B681A46FB6C3B63FA62F96A7B
:10BCE0003A6B41E80023BB62BB6A002BE6D17B685C
:10BCF0001B6808333B613B6953E8003FFB60FB680E
:10BD000023F00103BB647B681B680833BA6CFA61DB
:10BD1000BB61B969FA6941E800237B617B69002B4B
:10BD2000E5D17B682022C3F88C207B68002283F851
:10BD30008420032312E07B682022C3F888207B68DC
:10BD40002022C3F88C207B680022DA667B68002200
:10BD50001A677B68002283F884200023184658372E
:10BD6000BD4680BD80B584B000AFF860B9603B606F
:10BD70001346FB714FE0BB69B3F1FF3F4BD0FBF7BC
:10BD800007F902463B68D31ABA699A4202D3BB69E3
:10BD9000002B01D103234EE0FB681B681B6803F0F6
:10BDA0000403002B37D0BB68802B34D0BB68402BFA
:10BDB00031D0FB681B68DB6903F00803082B10D146
:10BDC000FB681B6808221A62F86800F09CF9FB689F
:10BDD0000822C3F89020FB68002283F88420012306
:10BDE00029E0FB681B68DB6903F40063B3F5006FAF
:10BDF00011D1FB681B684FF400621A62F86800F00A
:10BE000082F9FB682022C3F89020FB68002283F8A7
:10BE1000842003230FE0FB681B68DA69BB681340CA
:10BE2000BA689A420CBF01230023DBB21A46FB79A1
:10BE30009A42A0D0002318461037BD4680BD0000AE
:10BE400080B4A3B000AFF860B9601346FB80FB6814
:10BE5000BA689A65FB68FA88A3F85C20FB68FA88E0
:10BE6000A3F85E20FB6800225A67FB689B68B3F565
:10BE7000805F0ED1FB681B69002B05D1FB6840F287
:10BE8000FF12A3F860202DE0FB68FF22A3F86020DA
:10BE900028E0FB689B68002B0DD1FB681B69002B19
:10BEA00004D1FB68FF22A3F860201BE0FB687F221F
:10BEB000A3F8602016E0FB689B68B3F1805F0DD1AA
:10BEC000FB681B69002B04D1FB687F22A3F860206C
:10BED00008E0FB683F22A3F8602003E0FB68002233
:10BEE000A3F86020FB680022C3F89020FB682222A0
:10BEF000C3F88C20FB681B6808337B667B6E53E8B5
:10BF0000003F3B663B6E43F00103C7F88430FB689B
:10BF10001B680833D7F884203A67FB66F96E3A6FDE
:10BF200041E80023BB66BB6E002BE3D1FB685B6E70
:10BF3000B3F1005F4FD1FB68B3F86830FA889A42DA
:10BF400049D3FB689B68B3F5805F07D1FB681B6929
:10BF5000002B03D1FB68474A5A6702E0FB68464A58
:10BF60005A67FB681B69002B1AD0FB681B683B658E
:10BF70003B6D53E8003FFB64FB6C43F48073C7F8F0
:10BF80008030FB681B681A46D7F88030FB65BA65BD
:10BF9000B96DFA6D41E800237B657B6D002BE4D120
:10BFA000FB681B680833FB63FB6B53E8003FBB6314
:10BFB000BB6B43F08053FB67FB681B680833FA6F69
:10BFC000BA647B64796CBA6C41E800233B643B6CD7
:10BFD000002BE5D146E0FB689B68B3F5805F07D195
:10BFE000FB681B69002B03D1FB68244A5A6702E0F7
:10BFF000FB68234A5A67FB681B69002B19D0FB6852
:10C000001B68BB62BB6A53E8003F7B627B6A43F4F8
:10C0100090737B67FB681B681A467B6F7B633A6390
:10C02000396B7A6B41E80023FB62FB6A002BE6D197
:10C0300018E0FB681B687B617B6953E8003F3B614C
:10C040003B6943F02003BB67FB681B681A46BB6F64
:10C050003B62FA61F9693A6A41E80023BB61BB6956
:10C06000002BE6D1002318468C37BD465DF8047BD3
:10C07000704700BF39CA0008D5C600081DC50008B2
:10C0800065C3000880B48FB000AF78607B681B6820
:10C090003B623B6A53E8003FFB61FB6923F0C0034E
:10C0A0007B637B681B681A467B6BFB62BA62B96A6A
:10C0B000FA6A41E800237B627B6A002BE6D17B6849
:10C0C0001B680833FB60FB6853E8003FBB60BB683C
:10C0D00023F400033B637B681B6808333A6BBA6147
:10C0E0007B617969BA6941E800233B613B69002BB8
:10C0F000E5D17B682022C3F8882000BF3C37BD46CD
:10C100005DF8047B704780B495B000AF78607B68C1
:10C110001B687B637B6B53E8003F3B633B6B23F403
:10C120009073FB647B681B681A46FB6C3B64FA6384
:10C13000F96B3A6C41E80023BB63BB6B002BE6D183
:10C140007B681B6808333B623B6A53E8003FFB6136
:10C15000FB6923F0805323F00103BB647B681B68F9
:10C160000833BA6CFA62BB62B96AFA6A41E8002322
:10C170007B627B6A002BE3D17B68DB6E012B18D1DD
:10C180007B681B68FB60FB6853E8003FBB60BB68D3
:10C1900023F010037B647B681B681A467B6CBB61D1
:10C1A0007A617969BA6941E800233B613B69002BF8
:10C1B000E6D17B682022C3F88C207B680022DA66F7
:10C1C0007B6800225A6700BF5437BD465DF8047B88
:10C1D000704780B590B000AF78607B689B6AFB6366
:10C1E0007B681B681B6803F02003002B33D1FB6BBB
:10C1F0001B6808337B627B6A53E8003F3B623B6A03
:10C2000023F08003BB63FB6B1B680833BA6B3A6394
:10C21000FB62F96A3A6B41E80023BB62BB6A002B00
:10C22000E5D1FB6B1B683B613B6953E8003FFB605A
:10C23000FB6843F040037B63FB6B1B681A467B6B18
:10C24000FB61BA61B969FA6941E800237B617B69E6
:10C25000002BE6D102E0F86BF6F78CFA00BF40370E
:10C26000BD4680BD80B584B000AF78607B689B6AB6
:10C27000FB60F868FFF7E2F900BF1037BD4680BDEC
:10C2800080B586B000AF78607B689B6A7B617B6914
:10C29000D3F888303B617B69D3F88C30FB607B69D5
:10C2A0001B689B6803F08003802B05D13B69212B21
:10C2B00002D17869FFF7E6FE7B691B689B6803F093
:10C2C0004003402B05D1FB68222B02D17869FFF790
:10C2D0001AFF7B69D3F8903043F010027B69C3F8F2
:10C2E00090207869FFF7B4F900BF1837BD4680BDCC
:10C2F00080B584B000AF78607B689B6AFB60F868AB
:10C30000FFF7A6F900BF1037BD4680BD80B588B0E5
:10C3100000AF78607B681B68FB60FB6853E8003FF8
:10C32000BB60BB6823F04003FB617B681B681A4657
:10C33000FB69BB617A617969BA6941E800233B61B5
:10C340003B69002BE6D17B682022C3F888207B68FC
:10C3500000229A677868F6F70DFA00BF2037BD46CD
:10C3600080BD000080B59CB000AF78607B68B3F8FA
:10C370006030A7F86E307B68D3F88C30222B40F009
:10C38000BE807B681B685B6AA7F86C30B7F86C30BE
:10C39000D9B2B7F86E30DAB27B689B6D0A40D2B280
:10C3A0001A707B689B6D5A1C7B689A657B68B3F832
:10C3B0005E309BB2013B9AB27B68A3F85E207B683B
:10C3C000B3F85E309BB2002B40F0A1807B681B6805
:10C3D000FB64FB6C53E8003FBB64BB6C23F49073BD
:10C3E000BB667B681B681A46BB6EBB657A65796D58
:10C3F000BA6D41E800233B653B6D002BE6D17B68BD
:10C400001B680833BB63BB6B53E8003F7B637B6BEC
:10C4100023F001037B667B681B6808337A6E7A64BD
:10C420003B64396C7A6C41E80023FB63FB6B002BA7
:10C43000E5D17B682022C3F88C207B6800225A67F4
:10C440007B6800221A677B681B68334A93421FD0BF
:10C450007B681B685B6803F40003002B18D07B68C3
:10C460001B687B627B6A53E8003F3B623B6A23F0B8
:10C4700080633B667B681B681A463B6E3B63FA62CF
:10C48000F96A3A6B41E80023BB62BB6A002BE6D134
:10C490007B68DB6E012B2ED17B680022DA667B681D
:10C4A0001B683B613B6953E8003FFB60FB6823F07E
:10C4B0001003FB657B681B681A46FB6DFB61BA6164
:10C4C000B969FA6941E800237B617B69002BE6D1F9
:10C4D0007B681B68DB6903F01003102B03D17B68BA
:10C4E0001B6810221A627B68B3F85C3019467868C2
:10C4F000FFF7B8F80BE07868F6F71EF907E07B68FD
:10C500001B689A697B681B6842F008029A6100BF49
:10C510007037BD4680BD00BF0080004080B59CB034
:10C5200000AF78607B68B3F86030A7F86E307B6846
:10C53000D3F88C30222B40F0BE807B681B685B6A8E
:10C54000A7F86C307B689B6DBB66B7F86C20B7F8BA
:10C550006E3013409AB2BB6E1A807B689B6D9A1C3A
:10C560007B689A657B68B3F85E309BB2013B9AB2F8
:10C570007B68A3F85E207B68B3F85E309BB2002B2B
:10C5800040F0A1807B681B68BB64BB6C53E8003F34
:10C590007B647B6C23F490737B667B681B681A4614
:10C5A0007B6E7B653A65396D7A6D41E80023FB64EB
:10C5B000FB6C002BE6D17B681B6808337B637B6BCD
:10C5C00053E8003F3B633B6B23F001033B667B6812
:10C5D0001B6808333A6E3A64FB63F96B3A6C41E8C6
:10C5E0000023BB63BB6B002BE5D17B682022C3F823
:10C5F0008C207B6800225A677B6800221A677B6860
:10C600001B68334A93421FD07B681B685B6803F446
:10C610000003002B18D07B681B683B623B6A53E821
:10C62000003FFB61FB6923F08063FB657B681B684F
:10C630001A46FB6DFB62BA62B96AFA6A41E80023E6
:10C640007B627B6A002BE6D17B68DB6E012B2ED1EF
:10C650007B680022DA667B681B68FB60FB6853E836
:10C66000003FBB60BB6823F01003BB657B681B68A1
:10C670001A46BB6DBB617A617969BA6941E80023EA
:10C680003B613B69002BE6D17B681B68DB6903F0EB
:10C690001003102B03D17B681B6810221A627B6881
:10C6A000B3F85C3019467868FEF7DCFF0BE0786879
:10C6B000F6F742F807E07B681B689A697B681B689D
:10C6C00042F008029A6100BF7037BD4680BD00BFCE
:10C6D0000080004080B5ACB000AF78607B68B3F8F4
:10C6E0006030A7F8AA307B681B68DB69C7F8AC30FC
:10C6F0007B681B681B68C7F8A4307B681B689B6855
:10C70000C7F8A0307B68D3F88C30222B40F08381AF
:10C710007B68B3F86830A7F89E3026E17B681B6819
:10C720005B6AA7F89C30B7F89C30D9B2B7F8AA304A
:10C73000DAB27B689B6D0A40D2B21A707B689B6D3F
:10C740005A1C7B689A657B68B3F85E309BB2013BEC
:10C750009AB27B68A3F85E207B681B68DB69C7F828
:10C76000AC30D7F8AC3003F00703002B53D0D7F828
:10C77000AC3003F00103002B11D0D7F8A43003F440
:10C780008073002B0BD07B681B6801221A627B68C8
:10C79000D3F8903043F001027B68C3F89020D7F8BB
:10C7A000AC3003F00203002B11D0D7F8A03003F017
:10C7B0000103002B0BD07B681B6802221A627B6886
:10C7C000D3F8903043F004027B68C3F89020D7F888
:10C7D000AC3003F00403002B11D0D7F8A03003F0E5
:10C7E0000103002B0BD07B681B6804221A627B6854
:10C7F000D3F8903043F002027B68C3F890207B6846
:10C80000D3F89030002B06D07868FEF721FF7B68C4
:10C810000022C3F890207B68B3F85E309BB2002BF7
:10C8200040F0A3807B681B683B673B6F53E8003F89
:10C83000FB66FB6E23F48073C7F898307B681B6837
:10C840001A46D7F89830FB67BA67B96FFA6F41E8B4
:10C8500000237B677B6F002BE4D17B681B68083368
:10C86000FB65FB6D53E8003FBB65BB6D23F0805358
:10C8700023F00103C7F894307B681B680833D7F8AE
:10C880009420BA667B66796EBA6E41E800233B66F7
:10C890003B6E002BE1D17B682022C3F88C207B68A3
:10C8A00000225A677B6800221A677B681B68604A0F
:10C8B000934221D07B681B685B6803F40003002B64
:10C8C0001AD07B681B68BB64BB6C53E8003F7B6479
:10C8D0007B6C23F08063C7F890307B681B681A4636
:10C8E000D7F890307B653A65396D7A6D41E8002361
:10C8F000FB64FB6C002BE4D17B68DB6E012B30D139
:10C900007B680022DA667B681B687B637B6B53E87D
:10C91000003F3B633B6B23F01003C7F88C307B6810
:10C920001B681A46D7F88C303B64FA63F96B3A6C93
:10C9300041E80023BB63BB6B002BE4D17B681B6821
:10C94000DB6903F01003102B03D17B681B681022F6
:10C950001A627B68B3F85C3019467868FEF782FE8D
:10C960000EE07868F5F7E8FE0AE0B7F89E30002B95
:10C9700006D0D7F8AC3003F02003002B7FF4CEAE06
:10C980007B68B3F85E30A7F88A30B7F88A30002B9E
:10C9900049D07B68B3F86830B7F88A209A4242D20F
:10C9A0007B681B6808333B623B6A53E8003FFB61CE
:10C9B000FB6923F08053C7F884307B681B68083319
:10C9C000D7F88420FA62BB62B96AFA6A41E80023A8
:10C9D0007B627B6A002BE3D17B68164A5A677B68CF
:10C9E0001B68FB60FB6853E8003FBB60BB6843F01B
:10C9F0002003C7F880307B681B681A46D7F8803060
:10CA0000BB617A617969BA6941E800233B613B699E
:10CA1000002BE4D107E07B681B689A697B681B6880
:10CA200042F008029A6100BFB037BD4680BD00BF2A
:10CA30000080004065C3000880B5AEB000AF7860EC
:10CA40007B68B3F86030A7F8B2307B681B68DB699D
:10CA5000C7F8B4307B681B681B68C7F8AC307B68CC
:10CA60001B689B68C7F8A8307B68D3F88C30222BF2
:10CA700040F087817B68B3F86830A7F8A6302AE1D8
:10CA80007B681B685B6AA7F8A4307B689B6DC7F85E
:10CA9000A030B7F8A420B7F8B23013409AB2D7F854
:10CAA000A0301A807B689B6D9A1C7B689A657B68B6
:10CAB000B3F85E309BB2013B9AB27B68A3F85E206C
:10CAC0007B681B68DB69C7F8B430D7F8B43003F073
:10CAD0000703002B53D0D7F8B43003F00103002B29
:10CAE00011D0D7F8AC3003F48073002B0BD07B68E7
:10CAF0001B6801221A627B68D3F8903043F0010270
:10CB00007B68C3F89020D7F8B43003F00203002B01
:10CB100011D0D7F8A83003F00103002B0BD07B68AD
:10CB20001B6802221A627B68D3F8903043F004023B
:10CB30007B68C3F89020D7F8B43003F00403002BCF
:10CB400011D0D7F8A83003F00103002B0BD07B687D
:10CB50001B6804221A627B68D3F8903043F002020B
:10CB60007B68C3F890207B68D3F89030002B06D008
:10CB70007868FEF76DFD7B680022C3F890207B6823
:10CB8000B3F85E309BB2002B40F0A5807B681B6839
:10CB90007B677B6F53E8003F3B673B6F23F48073F9
:10CBA000C7F89C307B681B681A46D7F89C30C7F8DA
:10CBB0008030FA67F96FD7F8802041E80023BB671F
:10CBC000BB6F002BE2D17B681B6808333B663B6E72
:10CBD00053E8003FFB65FB6D23F0805323F0010316
:10CBE000C7F898307B681B680833D7F89820FA6636
:10CBF000BB66B96EFA6E41E800237B667B6E002B44
:10CC0000E1D17B682022C3F88C207B6800225A6720
:10CC10007B6800221A677B681B68604A934221D0B8
:10CC20007B681B685B6803F40003002B1AD07B68E9
:10CC30001B68FB64FB6C53E8003FBB64BB6C23F0D8
:10CC40008063C7F894307B681B681A46D7F8943025
:10CC5000BB657A65796DBA6D41E800233B653B6D34
:10CC6000002BE4D17B68DB6E012B30D17B68002286
:10CC7000DA667B681B68BB63BB6B53E8003F7B6372
:10CC80007B6B23F01003C7F890307B681B681A4653
:10CC9000D7F890307B643A64396C7A6C41E80023B1
:10CCA000FB63FB6B002BE4D17B681B68DB6903F043
:10CCB0001003102B03D17B681B6810221A627B685B
:10CCC000B3F85C3019467868FEF7CCFC0EE0786863
:10CCD000F5F732FD0AE0B7F8A630002B06D0D7F8FA
:10CCE000B43003F02003002B7FF4CAAE7B68B3F8A6
:10CCF0005E30A7F88E30B7F88E30002B49D07B68B5
:10CD0000B3F86830B7F88E209A4242D27B681B682D
:10CD100008337B627B6A53E8003F3B623B6A23F047
:10CD20008053C7F888307B681B680833D7F88820A1
:10CD30003A63FB62F96A3A6B41E80023BB62BB6A63
:10CD4000002BE3D17B68164A5A677B681B683B61FE
:10CD50003B6953E8003FFB60FB6843F02003C7F8E2
:10CD600084307B681B681A46D7F88430FB61BA614F
:10CD7000B969FA6941E800237B617B69002BE4D142
:10CD800007E07B681B689A697B681B6842F00802B1
:10CD90009A6100BFB837BD4680BD00BF008000402B
:10CDA0001DC5000880B483B000AF786000BF0C37A9
:10CDB000BD465DF8047B704780B483B000AF7860F7
:10CDC00000BF0C37BD465DF8047B704780B483B06C
:10CDD00000AF786000BF0C37BD465DF8047B70473C
:10CDE00080B485B000AF78607B6893F88430012B05
:10CDF00001D1022327E07B68012283F884207B682D
:10CE00002422C3F888207B681B681B68FB607B6852
:10CE10001B681A687B681B6822F001021A60FB68B5
:10CE200023F00053FB607B6800225A667B681B6816
:10CE3000FA681A607B682022C3F888207B68002289
:10CE400083F88420002318461437BD465DF8047B20
:10CE5000704780B584B000AF786039607B6893F824
:10CE60008430012B01D102232DE07B68012283F85D
:10CE700084207B682422C3F888207B681B681B6899
:10CE8000FB607B681B681A687B681B6822F00102E4
:10CE90001A607B681B689B6823F060417B681B6895
:10CEA0003A680A439A60786800F050F87B681B681B
:10CEB000FA681A607B682022C3F888207B68002209
:10CEC00083F88420002318461037BD4680BD80B506
:10CED00084B000AF786039607B6893F88430012BB0
:10CEE00001D102232DE07B68012283F884207B6836
:10CEF0002422C3F888207B681B681B68FB607B6862
:10CF00001B681A687B681B6822F001021A607B6844
:10CF10001B689B6823F060617B681B683A680A4362
:10CF20009A60786800F012F87B681B68FA681A60EB
:10CF30007B682022C3F888207B68002283F8842045
:10CF4000002318461037BD4680BD000080B485B070
:10CF500000AF78607B685B6E002B08D17B68012294
:10CF6000A3F86A207B680122A3F8682031E0082337
:10CF7000FB730823BB737B681B689B685B0EDBB28B
:10CF800003F007037B737B681B689B685B0FDBB256
:10CF900003F007033B73BB7B3A7B11498A5C02FBBE
:10CFA00003F33A7B0F498A5C93FBF2F39AB27B68F6
:10CFB000A3F86A20FB7B7A7B09498A5C02FB03F3B6
:10CFC0007A7B08498A5C93FBF2F39AB27B68A3F8F8
:10CFD000682000BF1437BD465DF8047B704700BF72
:10CFE000705301087853010880B588B000AF002362
:10CFF000FB7107F1080318220021184601F0F0FC2C
:10D000003F233B8181237B81FB1DBB610123FB61AE
:10D0100007F108030021184601F0A0FB0346002B8E
:10D0200001DAFF2300E0FB7918462037BD4680BDBA
:10D03000B0B5CEB000AF05460C461046194607F510
:10D040009C73A3F231132A461A7007F59C73A3F55B
:10D050009A7322461A8007F59C73A3F59B730246C8
:10D060001A8007F59C73A3F599730A461A7007F1A5
:10D070001003C7F8343197F84C31083307F1100228
:10D080001344C7F8303197F84C2197F854311344C2
:10D09000093307F110021344C7F82C3107F59C73CC
:10D0A000A3F2291300221A700023C7F82831D7F8F9
:10D0B000343107F59C72A2F2311212781A70D7F847
:10D0C00028310133C7F82831D7F8343107F59C727D
:10D0D000A2F59A721288A3F80120D7F828310233FA
:10D0E000C7F82831D7F8343107F59C72A2F59B7246
:10D0F0001288A3F80320D7F828310233C7F8283163
:10D10000D7F8343107F59C72A2F5997212785A71EA
:10D11000D7F828310133C7F82831D7F8343197F8D8
:10D1200048219A71D7F828310133C7F82831D7F848
:10D13000343197F84C21DA71D7F828310133C7F828
:10D140002831D7F83431083397F84C21D7F85011EB
:10D15000184601F035FC97F84C31D7F828211344D4
:10D16000C7F82831D7F8303197F854211A70D7F81A
:10D1700028310133C7F82831D7F83031013397F817
:10D180005421D7F85811184601F01AFC97F8543179
:10D19000D7F828211344C7F82831D7F82C31B7F82D
:10D1A0005C211A80D7F828310233C7F82831D7F824
:10D1B0002C31B7F860215A80D7F828310233C7F8EC
:10D1C000283107F5887318220021184601F008FC61
:10D1D0003F23A7F810318323A7F8123107F110037A
:10D1E000C7F81831D7F82831C7F81C3107F10F03F9
:10D1F000C7F820310123C7F8243107F588730021CF
:10D20000184601F0ABFA0346002B01DAFF2304E0D5
:10D2100007F59C73A3F229131B78184607F59C7732
:10D22000BD46B0BD80B5CCB000AF024607F59873DF
:10D23000A3F229131A7007F11003C7F82C3107F570
:10D240009873A3F2211300221A700023C7F8283123
:10D25000D7F82C3107F59872A2F2291212781A70B9
:10D26000D7F828310133C7F8283107F58873182219
:10D270000021184601F0B4FB3F23A7F810318523A5
:10D28000A7F8123107F11003C7F81831D7F8283181
:10D29000C7F81C3107F10F03C7F820310123C7F885
:10D2A000243107F588730021184601F057FA034628
:10D2B000002B01DAFF2304E007F59873A3F2211392
:10D2C0001B78184607F59877BD4680BDB0B5CCB041
:10D2D00000AF05460C461046194607F59873A3F2B1
:10D2E00029132A461A7007F59873A3F595732246F9
:10D2F0001A7007F59873A3F22B1302461A7007F5FC
:10D300009873A3F596730A461A7007F11003C7F8CD
:10D310002C3107F59873A3F2211300221A70002311
:10D32000C7F82831D7F82C3107F59872A2F22912E4
:10D3300012781A70D7F828310133C7F82831D7F896
:10D340002C3107F59872A2F5957212785A70D7F8B9
:10D3500028310133C7F82831D7F82C3107F59872F6
:10D36000A2F22B1212789A70D7F828310133C7F83D
:10D370002831D7F82C3107F59872A2F596721278F9
:10D38000DA70D7F828310133C7F82831D7F82C31B3
:10D3900097F840211A71D7F828310133C7F828319E
:10D3A000D7F82C3197F844215A71D7F82831013336
:10D3B000C7F82831D7F82C3197F848219A71D7F857
:10D3C00028310133C7F82831D7F82C31D7F84C2150
:10D3D000C3F80720D7F828310433C7F82831D7F825
:10D3E0002C3197F85021DA72D7F828310133C7F879
:10D3F000283107F5887318220021184601F0F0FA49
:10D400003F23A7F810318623A7F8123107F1100344
:10D41000C7F81831D7F82831C7F81C3107F10F03C6
:10D42000C7F820310123C7F8243107F5887300219C
:10D43000184601F093F90346002B01DAFF2304E0BC
:10D4400007F59873A3F221131B78184607F5987710
:10D45000BD46B0BD80B5CCB000AF024607F59873AD
:10D46000A3F59873196007F59873A3F595731A805F
:10D4700007F11003C7F82C3107F59873A3F22113B5
:10D4800000221A700023C7F82831D7F82C3107F58D
:10D490009872A2F5957212881A80D7F82831023353
:10D4A000C7F82831D7F82C3107F59872A2F5987291
:10D4B0001268C3F80220D7F828310433C7F828319E
:10D4C00007F5887318220021184601F089FA3F23D6
:10D4D000A7F810318823A7F8123107F11003C7F815
:10D4E0001831D7F82831C7F81C3107F10F03C7F8F6
:10D4F00020310123C7F8243107F58873002118462D
:10D5000001F02CF90346002B01DAFF2304E007F5B4
:10D510009873A3F221131B78184607F59877BD4638
:10D5200080BD90B5CDB000AF04460846114607F562
:10D530009872A2F59872136007F59873A3F22913F5
:10D5400022461A7007F59873A3F5957302461A7070
:10D5500007F59873A3F22B130A461A7007F110030C
:10D56000C7F82C3107F1080307220021184601F003
:10D5700037FA0023C7F82831D7F82C3107F598720D
:10D58000A2F2291212781A70D7F828310133C7F89D
:10D590002831D7F82C3107F59872A2F595721278D8
:10D5A0005A70D7F828310133C7F82831D7F82C3111
:10D5B00007F59872A2F22B1212789A70D7F82831D8
:10D5C0000133C7F8283107F588731822002118465F
:10D5D00001F006FA3F23A7F810318A23A7F8123189
:10D5E00007F11003C7F81831D7F82831C7F81C31F4
:10D5F00007F10803C7F820310723C7F8243107F5DE
:10D6000088730021184601F0A9F80346002B01DABF
:10D61000FF232EE007F59873A3F594731B78002B76
:10D6200005D007F59873A3F594731B7821E007F5EF
:10D630009873A3F59473B3F801309AB207F5987311
:10D64000A3F598731B681A8007F59873A3F5947374
:10D65000B3F803309AB2D7F840311A8007F59873BF
:10D66000A3F59473B3F805309AB2D7F844311A8011
:10D670000023184607F59A77BD4690BD80B5CCB01B
:10D6800000AF024607F59873A3F59873196007F584
:10D690009873A3F229131A7007F11003C7F82C31FD
:10D6A00007F59873A3F2211300221A700023C7F81C
:10D6B0002831D7F82C3107F59872A2F22912127886
:10D6C0001A70D7F828310133C7F82831D7F82C3130
:10D6D000581C07F59873A3F229131A7807F5987365
:10D6E000A3F59873196801F06BF907F59873A3F225
:10D6F00029131B78D7F828211344C7F8283107F5D8
:10D70000887318220021184601F06AF93F23A7F810
:10D7100010318E23A7F8123107F11003C7F8183122
:10D72000D7F82831C7F81C3107F10F03C7F82031AB
:10D730000123C7F8243107F588730021184601F04A
:10D740000DF80346002B01DAFF2304E007F5987378
:10D75000A3F221131B78184607F59877BD4680BDC4
:10D7600080B588B000AF0023FB7107F108031822D1
:10D770000021184601F034F93F233B8192237B813D
:10D78000FB1DBB610123FB6107F108030021184663
:10D7900000F0E4FF0346002B01DAFF2300E0FB79F1
:10D7A00018462037BD4680BD80B5CCB000AF0246DC
:10D7B00007F59873A3F595731A8007F11003C7F85E
:10D7C0002C3107F59873A3F2211300221A7000235D
:10D7D000C7F82831D7F82C3107F59872A2F5957261
:10D7E00012881A80D7F828310233C7F8283107F594
:10D7F000887318220021184601F0F2F83F23A7F899
:10D8000010319523A7F8123107F11003C7F818312A
:10D81000D7F82831C7F81C3107F10F03C7F82031BA
:10D820000123C7F8243107F588730021184600F05A
:10D8300095FF0346002B01DAFF2304E007F59873F8
:10D84000A3F221131B78184607F59877BD4680BDD3
:10D8500080B5CCB000AF024607F59873A3F5957379
:10D860001A8007F59873A3F22B130A461A7007F172
:10D870001003C7F82C3107F59873A3F22113002287
:10D880001A700023C7F82831D7F82C3107F59872A1
:10D89000A2F5957212881A80D7F828310233C7F89A
:10D8A0002831D7F82C3107F59872A2F22B12127892
:10D8B0009A70D7F828310133C7F8283107F58873F3
:10D8C00018220021184601F08BF83F23A7F81031E9
:10D8D000A523A7F8123107F11003C7F81831D7F8BC
:10D8E0002831C7F81C3107F10F03C7F82031012395
:10D8F000C7F8243107F588730021184600F02EFF81
:10D900000346002B01DAFF2304E007F59873A3F226
:10D9100021131B78184607F59877BD4680BD80B562
:10D9200088B000AF0023FB7107F108031822002123
:10D93000184601F055F83F233B8140F201137B81EB
:10D94000FB1DBB610123FB6107F1080300211846A1
:10D9500000F004FF0346002B01DAFF2300E0FB790F
:10D9600018462037BD4680BD90B5CFB000AF044605
:10D9700007F59C70A0F59C7001601046194607F5EC
:10D980009C73A3F2311322461A7007F59C73A3F51A
:10D99000997302461A7007F59C73A3F233130A4673
:10D9A0001A7007F11003C7F8303107F59C73A3F222
:10D9B00031131B78012B0AD007F59C73A3F23113A6
:10D9C0001B78022B01D1112302E0012300E0032385
:10D9D00007F110021344C7F82C3107F10C0303229E
:10D9E0000021184600F0FCFF0023C7F82831D7F8C3
:10D9F000303107F59C72A2F2311212781A70D7F802
:10DA000028310133C7F8283107F59C73A3F231138D
:10DA10001B78012B02D0022B04D007E0022387F8E9
:10DA2000373105E0102387F8373101E097236CE0A8
:10DA3000D7F83031581C97F8372107F59C73A3F5B8
:10DA40009C73196800F0BCFF97F83731D7F828218C
:10DA50001344C7F82831D7F82C3107F59C72A2F58A
:10DA6000997212781A70D7F828310133C7F8283123
:10DA7000D7F82C3107F59C72A2F2331212785A7043
:10DA8000D7F828310133C7F8283107F588731822F1
:10DA90000021184600F0A4FF3F23A7F810314FF4EF
:10DAA0008173A7F8123107F11003C7F81831D7F8BE
:10DAB0002831C7F81C3107F10C03C7F820310323C4
:10DAC000C7F8243107F588730021184600F046FE98
:10DAD0000346002B01DAFF2317E007F59C73A3F53B
:10DAE00096731B78002B05D007F59C73A3F59673EE
:10DAF0001B780AE007F59C73A3F59673B3F8013021
:10DB00009AB2D7F848311A800023184607F59E7755
:10DB1000BD4690BD90B5D1B000AF0446084607F5AC
:10DB2000A071A1F59C710A60194607F5A073A3F5D1
:10DB3000997322461A8007F5A073A3F233130246A5
:10DB40001A7007F5A073A3F59D730A461A8007F1B2
:10DB50001803C7F8383107F5A073A3F233131B7805
:10DB6000012B0AD007F5A073A3F233131B78022B05
:10DB700001D1132302E0032300E0052307F118027B
:10DB80001344C7F8343107F1140303220021184667
:10DB900000F026FF0023C7F83031D7F8383107F5F9
:10DBA000A072A2F5997212881A80D7F83031023328
:10DBB000C7F83031D7F8383107F5A072A2F2331226
:10DBC00012789A70D7F830310133C7F8303107F541
:10DBD000A073A3F233131B78012B02D0022B04D0C5
:10DBE00007E0022387F83F3105E0102387F83F3133
:10DBF00001E0972391E0D7F83831D81C97F83F21FE
:10DC000007F5A073A3F59C73196800F0D9FE97F887
:10DC10003F31D7F830211344C7F83031D7F83431C9
:10DC200007F5A072A2F59D7212881A80D7F83031DC
:10DC30000233C7F83031D7F8343197F850219A7051
:10DC4000D7F830310133C7F83031D7F8343197F88D
:10DC50005421DA70D7F830310133C7F83031D7F8B2
:10DC6000343197F858211A71D7F830310133C7F899
:10DC70003031D7F8343197F85C215A71D7F8303108
:10DC80000133C7F83031D7F8343197F860219A71F1
:10DC9000D7F830310133C7F8303107F58C731822CB
:10DCA0000021184600F09CFE3F23A7F818314FF4DE
:10DCB0008273A7F81A3107F11803C7F82031D7F893
:10DCC0003031C7F8243107F11403C7F82831032392
:10DCD000C7F82C3107F58C730021184600F03EFD83
:10DCE0000346002B01DAFF2317E007F5A073A3F525
:10DCF00096731B78002B05D007F5A073A3F59673D8
:10DD00001B780AE007F5A073A3F59673B3F801300A
:10DD10009AB2D7F864311A800023184607F5A27723
:10DD2000BD4690BDB0B5CCB000AF05460C46104620
:10DD3000194607F59873A3F595732A461A8007F5D7
:10DD40009873A3F5967322461A8007F59873A3F289
:10DD50002D1302461A7007F59873A3F597730A46B8
:10DD60001A7007F11003C7F82C3107F59873A3F266
:10DD7000211300221A700023C7F82831D7F82C315C
:10DD800007F59872A2F5957212881A80D7F8283193
:10DD90000233C7F82831D7F82C3107F59872A2F56D
:10DDA000967212885A80D7F828310233C7F8283182
:10DDB000D7F82C3107F59872A2F22D1212781A7149
:10DDC000D7F828310133C7F82831D7F82C3107F5B7
:10DDD0009872A2F5977212785A71D7F828310133E8
:10DDE000C7F82831D7F82C31981D07F59873A3F59B
:10DDF00097731B781A46D7F8401100F0E1FD07F53C
:10DE00009873A3F597731B78D7F828211344C7F8A4
:10DE1000283107F5887318220021184600F0E0FD2C
:10DE20003F23A7F810314FF48373A7F8123107F19D
:10DE30001003C7F81831D7F82831C7F81C3107F19B
:10DE40000F03C7F820310123C7F8243107F5887381
:10DE50000021184600F082FC0346002B01DAFF2364
:10DE600004E007F59873A3F221131B78184607F511
:10DE70009877BD46B0BD80B5CCB000AF024607F57F
:10DE80009873A3F595731A8007F11003C7F82C3126
:10DE900007F59873A3F2211300221A700023C7F824
:10DEA0002831D7F82C3107F59872A2F595721288AF
:10DEB0001A80D7F828310233C7F8283107F588735C
:10DEC00018220021184600F08BFD3F23A7F81031DF
:10DED00040F22513A7F8123107F11003C7F81831E3
:10DEE000D7F82831C7F81C3107F10F03C7F82031E4
:10DEF0000123C7F8243107F588730021184600F084
:10DF00002DFC0346002B01DAFF2304E007F598738C
:10DF1000A3F221131B78184607F59877BD4680BDFC
:10DF200080B5CCB000AF07F59873A3F598731A606D
:10DF300007F59873A3F2291302461A7007F5987330
:10DF4000A3F595730A461A7007F11003C7F82C3130
:10DF500007F59873A3F2211300221A700023C7F863
:10DF60002831D7F82C3107F59872A2F229121278CD
:10DF70001A70D7F828310133C7F82831D7F82C3177
:10DF800007F59872A2F5957212785A70D7F8283171
:10DF90000133C7F82831D7F82C31981C07F598734E
:10DFA000A3F595731A7807F59873A3F59873196814
:10DFB00000F006FD07F59873A3F595731B78D7F865
:10DFC00028211344C7F8283107F588731822002147
:10DFD000184600F005FD3F23A7F810310C23A7F8E1
:10DFE000123107F11003C7F81831D7F82831C7F8F4
:10DFF0001C3107F10F03C7F820310123C7F8243182
:10E0000007F588730021184600F0A8FB0346002B93
:10E0100001DAFF2304E007F59873A3F221131B78BC
:10E02000184607F59877BD4680BD80B5CCB000AFE7
:10E03000024607F59873A3F229131A7007F598732F
:10E04000A3F595730A461A7007F11003C7F82C312F
:10E0500007F59873A3F2211300221A700023C7F862
:10E060002831D7F82C3107F59872A2F229121278CC
:10E070001A70D7F828310133C7F82831D7F82C3176
:10E0800007F59872A2F5957212785A70D7F8283170
:10E090000133C7F8283107F5887318220021184684
:10E0A00000F09EFC3F23A7F810310F23A7F8123190
:10E0B00007F11003C7F81831D7F82831C7F81C3119
:10E0C00007F10F03C7F820310123C7F8243107F502
:10E0D00088730021184600F041FB0346002B01DA4B
:10E0E000FF2304E007F59873A3F221131B78184669
:10E0F00007F59877BD4680BD80B5CCB000AF02462D
:10E1000007F59873A3F595731A8007F11003C7F804
:10E110002C3107F59873A3F2211300221A70002303
:10E12000C7F82831D7F82C3107F59872A2F5957207
:10E1300012881A80D7F828310233C7F8283107F53A
:10E14000887318220021184600F04AFC3F23A7F8E4
:10E1500010311823A7F8123107F11003C7F818314E
:10E16000D7F82831C7F81C3107F10F03C7F8203161
:10E170000123C7F8243107F588730021184600F001
:10E18000EDFA0346002B01DAFF2304E007F598734C
:10E19000A3F221131B78184607F59877BD4680BD7A
:10E1A00080B588B000AF0023FB7107F10803182287
:10E1B0000021184600F014FC03233B8103237B81DC
:10E1C000FB1DBB610123FB6107F108030021184619
:10E1D00000F0C4FA0346002B01DAFF2300E0FB79CC
:10E1E00018462037BD4680BD80B5CEB000AF07F5DC
:10E1F0009C73A3F59873196007F59C73A3F59A7344
:10E200001A6007F59C73A3F5957302461A8007F10F
:10E210001803C7F8343107F110030522002118460E
:10E2200000F0DEFB0023C7F83031D7F8343107F5B2
:10E230009C72A2F5957212881A80D7F83031023399
:10E24000C7F8303107F58C7318220021184600F00A
:10E25000C7FB0823A7F818313023A7F81A3107F1B4
:10E260001803C7F82031D7F83031C7F8243107F147
:10E270001003C7F828310523C7F82C3107F58C7334
:10E280000021184600F06AFA0346002B01DAFF234A
:10E2900023E007F59C73A3F594731B78002B05D03E
:10E2A00007F59C73A3F594731B7816E007F59C7330
:10E2B000A3F59473DA7807F59C73A3F598731B683C
:10E2C0001A7007F59C73A3F594731A7907F59C737C
:10E2D000A3F59A731B681A700023184607F59C77FC
:10E2E000BD4680BD90B5CDB000AF0446084611468E
:10E2F00007F59873A3F2291322461A7007F598734D
:10E30000A3F5957302461A7007F59873A3F22B13C1
:10E310000A461A7007F11003C7F82C3107F59873F5
:10E32000A3F2211300221A700023C7F82831D7F86E
:10E330002C3107F59872A2F2291212781A70D7F8C8
:10E3400028310133C7F82831D7F82C3107F59872F6
:10E35000A2F5957212785A70D7F828310133C7F8B0
:10E360002831D7F82C3107F59872A2F22B121278C7
:10E370009A70D7F828310133C7F8283107F5887328
:10E3800018220021184600F02BFB0823A7F81031B3
:10E390003123A7F8123107F11003C7F81831D7F865
:10E3A0002831C7F81C3107F10F03C7F820310123CA
:10E3B000C7F8243107F588730021184600F0CEF91C
:10E3C0000346002B01DAFF2304E007F59873A3F25C
:10E3D00021131B78184607F59A77BD4690BDB0B556
:10E3E000CCB000AF05460C461046194607F59873A9
:10E3F000A3F595732A461A8007F59873A3F59673CB
:10E4000022461A8007F59873A3F5977302461A807F
:10E4100007F59873A3F598730A461A8007F110035D
:10E42000C7F82C3107F59873A3F2211300221A7054
:10E430000023C7F82831D7F82C3107F59872A2F5D8
:10E44000957212881A80D7F828310233C7F828311C
:10E45000D7F82C3107F59872A2F5967212885A8077
:10E46000D7F828310233C7F82831D7F82C3107F50F
:10E470009872A2F5977212889A80D7F828310233E1
:10E48000C7F82831D7F82C3107F59872A2F59872A1
:10E490001288DA80D7F828310233C7F82831D7F844
:10E4A0002C31B7F840211A81D7F828310233C7F848
:10E4B000283107F5887318220021184600F090FAD9
:10E4C0003F23A7F8103140F28113A7F812310F2330
:10E4D000C7F8143107F11003C7F81831D7F82831FD
:10E4E000C7F81C3107F10F03C7F820310123C7F823
:10E4F000243107F588730021184600F02FF90346F0
:10E50000002B01DAFF2304E007F59873A3F221132F
:10E510001B78184607F59877BD46B0BD80B586B024
:10E5200000AFEFF31083FB60FB687B6172B600BF46
:10E53000BB1C1946124801F0F7F8BB1C19461048DD
:10E5400001F0E1F938613B69002B0CD07B69BB60BD
:10E55000BB6883F3108800BF7B880A4A1946386974
:10E56000F2F7FFFD08E0084B01221A707B697B601F
:10E570007B6883F3108800BF00BF1837BD4680BD9D
:10E58000980B00201DE50008A900002080B582B08E
:10E5900002AFF2F7E0FD0223009300234FF4805214
:10E5A0000349044800F068FE00BFBD4680BD00BFBF
:10E5B000B80B0020980B002080B584B000AFF86045
:10E5C000B9607A607A68B968F86800F005F80346BF
:10E5D00018461037BD4680BD80B58AB000AFF860E0
:10E5E000B9607A6000237B62EFF31083BB61BB6983
:10E5F0003B62FB68B3F1FF3F02D100237B6237E04F
:10E60000FB68012B06D0FB68022B03D04FF0FF33D1
:10E610007B622DE07B68002B2AD07B687B6272B620
:10E6200000BF7B689AB20123B968144800F056FE17
:10E63000F861FB69002B15D0114B1B78DBB2002B66
:10E6400010D00F4B00221A703B6A7B617B6983F309
:10E65000108800BF7B689BB20A4A1946F869F2F736
:10E6600080FD05E03B6A3B613B6983F3108800BF96
:10E670007B6A18462837BD4680BD00BF980B002036
:10E68000A90000201DE5000880B582B000AF7860C9
:10E6900039603B685B68084A1360084A7B68D3614D
:10E6A000064800F079F93B681B68184600F0DAF874
:10E6B00000BF0837BD4680BDE01B0020B81B00200E
:10E6C00080B584B000AF224800F028FD0346002B3F
:10E6D0002BD1204B1B78002B27D007F10C031946B8
:10E6E0001B4800F0AAFD1C4BDB69002B0CD0FB681B
:10E6F000BB6001233B71184BDB693A1D10469847FC
:10E700003A79144B1A7002E0124B01221A70114B25
:10E710001B78002B04D0FB68184601F04FFC04E086
:10E72000FB6819460A4800F01BFD094800F0F6FC9A
:10E730000346002B07D1074B1B78002B03D004485E
:10E74000F5F7ECFE00BF00BF1037BD4680BD00BF2F
:10E750008802002094020020B81B002080B588B0F9
:10E7600000AF78600B46FB70002000F0D1F800236A
:10E77000FB777B685B881BB2C3F309031AB27B6823
:10E780001B881BB29B021BB213431BB2BB83334BD0
:10E7900001221A707B68DB68D9B27B689A68BB8BF0
:10E7A000184600F08FF84EE048F2E800F5F7CDFE8D
:10E7B00043E007F10C031946294800F03EFDFB68D1
:10E7C0005B7A0F2B14D1FB680B333B613B695B8891
:10E7D0009BB2BA8B9A4204D17B681B693A69127862
:10E7E0001A703B695B78002B27D00123FB7724E06C
:10E7F000FB680B33BB61BB69B3F801309BB2BA8BCA
:10E800009A4214D1FB689B7A033BFB757B685A697B
:10E81000FB7D9A42A8BF1A467B685A617B681869DB
:10E82000BB69D91C7B685B691A4603F0C6F9BB69F2
:10E830001B78002B01D00123FB77094800F06EFC08
:10E840000346002BB5D0FB7F002BADD0012000F09C
:10E850005FF8002318462037BD4680BDE41B00202A
:10E86000D81B002080B586B000AF78600F4800F05C
:10E8700045FC0F4A7B6813600E4800F03FFC0E4BCE
:10E8800001221A700D4B1B68002B0AD07B683B617C
:10E890000B4BBB60094B1B6807F1080210469847F9
:10E8A00000BF00BF1837BD4680BD00BFD81B002089
:10E8B000900200208802002094020020B81B002053
:10E8C00051E9000880B582B000AF03463A60FB8092
:10E8D0000B467B710C4B1B68FA88A3F809200A4B86
:10E8E0001B687A79DA72084B1B680C337A793968BD
:10E8F000184603F062F9054B1B6900210020984778
:10E9000000BF0837BD4680BD90020020B81B002024
:10E9100080B582B000AF0346FB71FB79002B08D1B4
:10E920000A4B1B68002B0DD0084B1B680020984732
:10E9300008E0064B1B68002B04D0044B1B68012029
:10E94000984700BF00BF0837BD4680BDE01B0020D0
:10E9500080B582B000AF78607B685B7A0F2B03D004
:10E960007B685B7A0E2B07D17968094800F01EFCA2
:10E970000020F5F7DFFD06E07968064800F016FC98
:10E980000448F5F7CBFD00BF0837BD4680BD00BF8A
:10E99000D81B00208802002080B483B000AF7860CC
:10E9A0007B68054A1A607B68044A1A6100BF0C370D
:10E9B000BD465DF8047B70472DFD000895FD0008FD
:10E9C00080B584B000AFF860B9607A607A68B968E1
:10E9D000F86803F0F2F8034618461037BD4680BDCC
:10E9E00080B584B000AFF860B9607A607A68B968C1
:10E9F000F86803F063F8034618461037BD4680BD3B
:10EA000080B485B000AF0346FB710F4BFB6002E0A2
:10EA1000FB68083BFB60FB6807331B78FA799A4276
:10EA200003D0FB68094A9342F2D1FB6807331B7895
:10EA3000FA799A4201D00023FB60FB68184614372C
:10EA4000BD465DF8047B7047F873FF1F0070FF1F21
:10EA500080B58AB000AF7860002387F827307B68E4
:10EA600001333B623B6A1B78FF2B4FD13B6A023379
:10EA7000FB61FB691B889BB21A4640F601439A4230
:10EA800040D1FB690233BB61BB695B889BB21A460C
:10EA9000224B9B8802339A4218D1012387F82730F2
:10EAA000BB691B7A03F00103002B07D000233B72E4
:10EAB00007F108031846F5F78BFD25E001233B72AB
:10EAC00007F108031846F5F783FD1DE0BB695B8875
:10EAD0009BB21A46114B5B8801339A4214D11048FD
:10EAE00002F0EAFE03233B72BB69DB889BB2DBB218
:10EAF0003B74BB690833FB6007F108031846F5F760
:10EB000067FD01E000BF02E000BF00E000BF97F832
:10EB1000273018462837BD4680BD00BF9802002028
:10EB2000D450010880B58AB006AF4A4801F050F8C9
:10EB30008F233B70E5237B70B323BB70D523FB7021
:10EB40002E233B717F237B714A23BB719823FB717A
:10EB50002A233B7248237B727A23BB72CC23FB723D
:10EB600040233B73FE237B730023BB730023FB73A3
:10EB70003946394B0093062301220220FEF7F4FEAA
:10EB800019233B70ED237B708223BB70AE23FB7097
:10EB9000ED233B7121237B714C23BB719D23FB71C2
:10EBA00041233B7245237B722223BB728E23FB726F
:10EBB00041233B73FE237B730023BB730023FB7352
:10EBC000254B18883A46254B0593012304930A23C5
:10EBD000039301230293002301930623009302234E
:10EBE0000221FEF797FF19233B70ED237B708223F0
:10EBF000BB70AE23FB70ED233B7121237B714C2353
:10EC0000BB719D23FB7141233B7245237B72222301
:10EC1000BB728E23FB7242233B73FE237B73002364
:10EC2000BB730023FB730C4B18883A460C4B0593BF
:10EC3000012304930A2303930123029300230193E6
:10EC40001023009302230221FEF764FF00BF103758
:10EC5000BD4680BD51EA0008980200209A020020BB
:10EC60009C02002080B586B002AF03463960FB806D
:10EC70009223FB73FB884FF6426293420CD1094BFF
:10EC80001888084B99883B68009302230022FFF7FD
:10EC900049F80346FB7300E000BFFB7B18461037C2
:10ECA000BD4680BD9802002080B588B000AF786076
:10ECB00007F10C03FB617B6803F10C02FB69372150
:10ECC0004FF6664000F04CF9FB690B33DB781846D1
:10ECD0002037BD4680BD80B588B000AF786007F1B1
:10ECE0000C03FB617B6803F10C02FB690F214FF6FB
:10ECF000684000F035F9FB690B33DB7818462037A4
:10ED0000BD4680BD80B588B000AF786007F10C03C8
:10ED1000FB61FB697A6810214FF6754000F020F91D
:10ED2000FB690B33DB7818462037BD4680BD0000F9
:10ED300080B48BB000AF786000233B610023FB60A0
:10ED400000237B6200233B620023FB610023BB6046
:10ED50000023BB6100237B614A4BDB6BC3F30D03D4
:10ED60003B613B699B0003F1005303F540331B6893
:10ED7000BB60BB681B68444A93420FD1BB685B69A8
:10ED80007B62BB689B693B62BB68DB69FB61BB68FC
:10ED9000DB68BB61BB681B697B611AE03B699B0058
:10EDA00003F1005303F54033FB60FB681B681B69EC
:10EDB0007B62FB681B685B693B62FB681B689B6945
:10EDC000FB61FB681B685B68BB61FB681B689B6839
:10EDD0007B617B6A1B0EDAB27B681A707B6A1B0C44
:10EDE000DAB27B685A707B6A1B0ADAB27B689A7067
:10EDF0007B6A1B09DBB203F00F03DAB27B68DA70BF
:10EE00007B6ADBB203F00F03DAB27B681A713B6AEC
:10EE10001B0EDAB27B685A713B6A1B0CDAB27B6854
:10EE20009A713B6A1B0ADAB27B68DA713B6ADAB222
:10EE30007B681A72FB69DAB27B685A72BB691B0E77
:10EE4000DAB27B689A72BB691B0CDAB27B68DA7241
:10EE5000BB691B0ADAB27B681A737B691B0EDAB2D4
:10EE60007B685A737B691B0CDAB27B689A737B6987
:10EE7000DAB27B68DA73002318462C37BD465DF89A
:10EE8000047B704700400058B95646A980B582B04F
:10EE900000AF786039603B685B68084A1360084AD5
:10EEA0007B68D361064800F015F93B681B6818467B
:10EEB00000F098F800BF0837BD4680BD081C002050
:10EEC000E81B002080B584B000AF224800F026F98E
:10EED0000346002B2BD1204B1B78002B27D007F1AA
:10EEE0000C0319461B4800F0A8F91C4BDB69002BEA
:10EEF0000CD0FB68BB6001233B71184BDB693A1DEA
:10EF0000104698473A79144B1A7002E0124B0122CE
:10EF10001A70114B1B78002B04D0FB68184601F0C7
:10EF20004DF804E0FB6819460A4800F019F9094851
:10EF300000F0F4F80346002B07D1074B1B78002B99
:10EF400003D00448F2F752FC00BF00BF1037BD46A3
:10EF500080BD00BFAC020020BC020020E81B0020E6
:10EF600080B584B000AFBA607B600346FB810B467E
:10EF70007B73002000F068F8174B1B68FA89A3F830
:10EF80000920154B1B687A7BDA72134B1B680C3314
:10EF90007A7BB968184602F010FE104B01221A70F5
:10EFA0000F4B1B6900210020984748F2E800F2F758
:10EFB00034FC7B6803F10800074B1968064B1B689B
:10EFC0009B7803331A4602F0F8FD012000F03CF86C
:10EFD00000BF1037BD4680BDB80200200C1C0020C9
:10EFE000E81B002080B586B000AF7860104A7B68CF
:10EFF0001360104800F082F8012000F025F80E4B55
:10F0000001221A700D4B1B68002B0CD07B687B61B2
:10F010000B4BFB600B4B3B61084B1B6807F10C0271
:10F020001046984700BF00BF1837BD4680BD00BFDF
:10F03000B8020020AC020020BC020020E81B002027
:10F0400099F00008B1F0000880B582B000AF034627
:10F05000FB71FB79002B0BD10D4B1B68002B03D0F0
:10F060000B4B1B68002098470A4B00221A700BE0DC
:10F07000084B01221A70064B1B68002B04D0044B6E
:10F080001B680120984700BF00BF0837BD4680BD00
:10F09000081C0020B402002080B582B000AF786068
:10F0A0000020F2F7AFFB00BF0837BD4680BD00006F
:10F0B00080B582B000AF78607968054800F076F8D6
:10F0C0000348F2F793FB00BF0837BD4680BD00BF81
:10F0D000AC02002080B483B000AF78607B68054A42
:10F0E0001A607B68044A1A6100BF0C37BD465DF8A0
:10F0F000047B704749FE00089DFE000880B483B081
:10F1000000AF78607B687A681A607B687A685A60BA
:10F1100000BF0C37BD465DF8047B704780B487B0F4
:10F1200000AF7860EFF31083FB60FB683B6172B661
:10F1300000BF7B681B687A689A4202D10123FB7585
:10F1400001E00023FB753B69BB60BB6883F310885B
:10F1500000BFFB7D18461C37BD465DF8047B704739
:10F1600080B487B000AF78603960EFF31083FB6044
:10F17000FB687B6172B600BF7B681A683B681A60E7
:10F180003B687A685A607B683A681A603B681B681B
:10F190003A685A607B693B613B6983F3108800BF22
:10F1A00000BF1C37BD465DF8047B704780B487B054
:10F1B00000AF78603960EFF31083FB60FB687B6120
:10F1C00072B600BF3B687A681A607B685A683B6811
:10F1D0005A607B683A685A603B685B683A681A60B4
:10F1E0007B693B613B6983F3108800BF00BF1C371C
:10F1F000BD465DF8047B704780B487B000AF78608F
:10F20000EFF31083FB60FB687B6172B600BF7B6825
:10F210005B687A6812681A607B681B687A68526853
:10F220005A607B693B613B6983F3108800BF00BF74
:10F230001C37BD465DF8047B704780B586B000AFD3
:10F2400078603960EFF31083FB60FB687B6172B616
:10F2500000BF7B681A683B681A607B681B681846A9
:10F26000FFF7CAFF7B693B613B6983F3108800BFEE
:10F2700000BF1837BD4680BD80B485B000AFF860D0
:10F28000B9607A607B80FB68BA681A60FB6800220C
:10F29000DA60FB6800221A61FB6800225A61FB6891
:10F2A00000229A61FB687A685A60FB687A881A8142
:10F2B000FB683A7E1A773B7E03F00203002B06D0F0
:10F2C000FB681B89002B02D04FF0FF3300E00023C6
:10F2D00018461437BD465DF8047B704780B58EB084
:10F2E00000AFF860B9603B601346FB8000233B62CF
:10F2F0000023FB860023FB770023BB6200237B6295
:10F300000023BB770023BB83FB681B89002B01D143
:10F31000022300E00023FB77FB685B69002B29D008
:10F32000FB681B89002B22D1FB681A68FB681B69EC
:10F3300013441B781846FB681A68FB681B69591C44
:10F34000FB685B68994206D3FB681969FB685B68D8
:10F35000CB1A013302E0FB681B69013313441B78AD
:10F360001B029BB203449BB202339BB201E0FB68D9
:10F370001B89FB86FB681B89002B02D0FB681B895D
:10F38000FB80FB681A69FB68DB689A4207D3FB685D
:10F390005A68FB681969FB8E0B44D31A00E00023FE
:10F3A000BB61FA88FB7F13441A463B6802FB03F3F8
:10F3B000BA699A420BD8FA88FB7F13441A46BB6994
:10F3C000B3FBF2F101FB02F29B1ADBB200E0002377
:10F3D000FB75FA7DFB7F9A428CBF01230023DBB2D1
:10F3E000BB77BB7F002B08D0FB681B7F03F00103BA
:10F3F000002B02D0FB7D9BB200E0BB8BBB83BB7FAD
:10F40000002B08D0FB681B7F03F00203002B02D007
:10F41000FB7F9BB200E0BB8BBB83FB88002B00F023
:10F420007E81FB685A69F988FB7F0B4419463B686B
:10F4300001FB03F31A44BB8B1A44FB685B689A42D6
:10F4400000F26D810023FB624AE1FB681A69FB8EC2
:10F450001A44FB685B689A4207D3FB681A69FB8E03
:10F460001A44FB685B68D31A03E0FB681A69FB8ED9
:10F470001344FA681361FB681B693B63FB681B89D3
:10F48000002B30D1FB681A683B6B591C396313445D
:10F49000FA88D2B21A70FB685B683A6B9A4204D35E
:10F4A000FB685B683A6BD31A00E03B6B3B63FB88FD
:10F4B0001B0A98B2FB681A683B6B591C39631344EA
:10F4C000C2B21A70FB685B683A6B9A4204D3FB685D
:10F4D0005B683A6BD31A00E03B6B3B63FB685B698C
:10F4E0009A1CFB685A61FA88FB6859683B6BCB1A17
:10F4F000934228BF1346BB62FB88BA6A9A4207D080
:10F50000FB88BA6A9A4225D2FB681B7F002B21D167
:10F51000FB681A683B6BD018FB88FA6A02FB03F39E
:10F52000BA681344BA6A194602F047FBFB685A6985
:10F53000BB6A1A44FB685A6100233B63BB6A7B6267
:10F54000FA88BB6AD31ABB62FB7F9AB2FB8813446A
:10F55000FB86A4E0BB6A002B00F0A180FB681B7F48
:10F5600003F00103002B3AD0FB681B89002B0DD15F
:10F57000FB681A683B6B023B1344FF221A70FB685E
:10F580001A683B6B013B1344FF221A70FB685A69EF
:10F59000BB6A1A44FB685A6100237B62FB88BB622A
:10F5A00000233B63FB681B89002B6FD1FB681A6843
:10F5B0003B6B591C39631344BA6AD2B21A70BB6AE6
:10F5C000180AFB681A683B6B591C39631344C2B2B2
:10F5D0001A70FB685B699A1CFB685A6156E0FB680D
:10F5E0001B7F03F00203002B50D0FB681B89002B0C
:10F5F0004AD1FB681A683B6B023B1344BA6AD2B229
:10F600001A70BB6A190AFB681A683B6B013B13440A
:10F61000CAB21A70FB681A683B6BD018FB88FA6A8A
:10F6200002FB03F3BA681344BA6A194602F0C5FA3A
:10F63000FB685A69BB6A1A44FB685A61BB6A7B6201
:10F64000FA88BB6AD31ABB62FB689B695A1CFB68C9
:10F650009A6100233B63FB681A683B6B591C396352
:10F660001344BA6AD2B21A70BB6A180AFB681A68E5
:10F670003B6B591C39631344C2B21A70FB685B6957
:10F680009A1CFB685A6101E0002349E0FB7F9AB2B3
:10F69000BB6A9BB21344FB86FB6800221A61BB6AFB
:10F6A000002B15D0FB681A683B6BD018FB88FA6AF0
:10F6B00003FB02F27B6A1344BA681344BA6A194620
:10F6C00002F07BFAFB685A69BB6A1A44FB685A610C
:10F6D000FB689B695A1CFB689A61FB6A0133FB62F9
:10F6E000FA6A3B689A42FFF4B0AEFB681A68FB689E
:10F6F0001969FB7F1944FB685B68994207D3FB6873
:10F700001969FB7F1944FB685B68CB1A03E0FB684F
:10F710001969FB7F0B4413443B623B6A00E0002302
:10F7200018463837BD4680BD80B485B000AF7860DC
:10F73000396000237B720023FB607B681B89002BF0
:10F7400001D1022300E000237B7200237B817B68D0
:10F750005B69002B00F0CA807B681B89002B20D1DD
:10F760007B681A687B68DB6813441B7818467B68E3
:10F770001A687B68DB68591C7B685B68994206D312
:10F780007B68D9687B685B68CB1A013302E07B68D1
:10F79000DB68013313441B781B029BB203449BB20A
:10F7A00001E07B681B897B817B681B7F03F0010381
:10F7B000002B56D07B681B7F03F00203002B50D137
:10F7C0007B894FF6FF72934203D17B681B89002B24
:10F7D00012D07B68DA687B681B699A4241D97B68E2
:10F7E0001B89002B3DD07B685A687B68DB68D31A85
:10F7F0007A681289934234D27B685A697B68D968E7
:10F800007B685B68CB1A1A447B685A617B6800226C
:10F81000DA607B681B89002B20D17B681A687B68C3
:10F82000DB6813441B7818467B681A687B68DB68C2
:10F83000591C7B685B68994206D37B68D9687B68F2
:10F840005B68CB1A013302E07B68DB680133134449
:10F850001B781B029BB203449BB201E07B681B89AF
:10F860007B817B681A687B68D9687B7A19447B68DE
:10F870005B68994207D37B68D9687B7A19447B68B7
:10F880005B68CB1A03E07B68D9687B7A0B4413442E
:10F89000FB607B685B6979897A7A0A449A1A7B688B
:10F8A0005A617B685B69002B1BD07B68DA687B89B7
:10F8B0001A447B7A1A447B685B689A4209D37B6856
:10F8C000DA687B891A447B7A1A447B685B68D31AAE
:10F8D00005E07B68DA687B891A447B7A13447A688E
:10F8E000D3607B689B695A1E7B689A613B68002BDA
:10F8F00002D03B687A891A80FB6818461437BD46E7
:10F900005DF8047B704780B487B000AF78603960E1
:10F910000023FB7200237B617B681B89002B01D1D4
:10F92000022300E00023FB7200237B820023FB60A4
:10F930007B685B69002B00F08E807B68DB68FB6076
:10F940007B681B89002B20D17B681A687B68DB6889
:10F9500013441B7818467B681A687B68DB68591C5F
:10F960007B685B68994206D37B68D9687B685B6873
:10F97000CB1A013302E07B68DB68013313441B7848
:10F980001B029BB203449BB201E07B681B897B8214
:10F990007B681B7F03F00103002B47D07B681B7F34
:10F9A00003F00203002B41D17B8A4FF6FF72934292
:10F9B00003D17B681B89002B12D07B68DA687B68D7
:10F9C0001B699A4232D97B681B89002B2ED07B6839
:10F9D0005A687B68DB68D31A7A681289934225D209
:10F9E0000023FB607B681B89002B1CD17B681A6895
:10F9F000FB6813441B7818467B681A68FB68591C1F
:10FA00007B685B68994205D37B685B68F968CB1AB1
:10FA1000013301E0FB68013313441B781B029BB2E6
:10FA200003449BB201E07B681B897B827B681A6878
:10FA3000F97AFB6819447B685B68994206D3F97AC6
:10FA4000FB6819447B685B68CB1A02E0F97AFB68B3
:10FA50000B4413447B613B68002B02D03B687A8ADD
:10FA60001A807B6918461C37BD465DF8047B7047D9
:10FA700080B400AF00BFBD465DF8047B704780B422
:10FA800000AF00BFBD465DF8047B704780B400AF97
:10FA900000BFBD465DF8047B704780B400AF00BF77
:10FAA000BD465DF8047B704780B400AF00BFBD4623
:10FAB0005DF8047B704780B400AF00BFBD465DF8C1
:10FAC000047B704780B400AF00BFBD465DF8047B87
:10FAD000704780B400AF00BFBD465DF8047B70473F
:10FAE00080B400AF00BFBD465DF8047B704780B4B2
:10FAF00000AF00BFBD465DF8047B704780B400AF27
:10FB000000BFBD465DF8047B704780B400AF00BF06
:10FB1000BD465DF8047B704780B400AF00BFBD46B2
:10FB20005DF8047B704780B400AF00BFBD465DF850
:10FB3000047B704780B400AF00BFBD465DF8047B16
:10FB4000704780B400AF00BFBD465DF8047B7047CE
:10FB500080B400AF00BFBD465DF8047B7047000075
:10FB600080B500AF044B00221A71044B00221A70BA
:10FB700000F006F800BF80BDA0020020A80200200F
:10FB800080B500AFFFF774FFFFF779FFFFF77EFF47
:10FB9000FFF783FFFFF788FFFFF78DFFFFF792FF67
:10FBA000FFF797FFFFF79CFFFFF7A1FFFFF7A6FF07
:10FBB000FFF7ABFFFEF7B6FFFFF7AEFFFFF7B3FFB0
:10FBC000FFF7BFFFFFF7B6FFFFF7C2FF00BF80BD23
:10FBD00080B483B000AF7860094B1B791946084A9E
:10FBE0007B6842F82130064B1B790133DAB2044BB3
:10FBF0001A7100BF0C37BD465DF8047B704700BF2B
:10FC0000A002002080B586B000AF78607B68013329
:10FC10003B610023FB753B691B78FF2B25D13B69BA
:10FC20000233FB60FB681B889BB203F47F43B3F590
:10FC3000406F18D100237B750DE07B7D1A4A52F886
:10FC40002330786898470346FB75FB7D002B08D16D
:10FC50007B7D01337B75144B1B797A7D9A42ECD303
:10FC600002E000BF00E000BF00E000BFFB7D022B10
:10FC70000FD0022B10DC002B02D0012B06D00BE0A2
:10FC80007868F3F7CFFD0346BB7508E00123BB7529
:10FC900005E00023BB7502E00123BB7500BFBB7DFF
:10FCA00018461837BD4680BDA002002080B500AFC1
:10FCB000F4F72EFF00BF80BD80B500AF104B114A96
:10FCC0001A600F4B104A5A600D4B104A9A600C4B49
:10FCD0000F4A1A620A4B0F4A5A62094B0E4ADA60FF
:10FCE000074B0E4A1A61064B0D4A5A61044B0D4AE6
:10FCF0009A61034B0C4ADA61F4F71EFF00BF80BD26
:10FD00000000032034010320540103206401032078
:10FD1000740103207C010320840103208C01032053
:10FD2000A8010320AC010320B801032080B584B0F2
:10FD300000AF78607B68FB601148FFF7DFF9114B7B
:10FD40005B68BB60FB689A68BB681A60FB68DA682E
:10FD5000BB68DA60BB680C4A5A60BB68084A9A60A4
:10FD6000F4F700FFFB681B68084A1360FB685B68D8
:10FD7000074A1360002318461037BD4680BD00BFF8
:10FD8000D401032000000320580A0320181C00207F
:10FD90001C1C002080B582B000AF78600B467B80D1
:10FDA000094B5B681B6801221A72074B5B681B6872
:10FDB0001946012000F070F9F4F7EEFE0023184612
:10FDC0000837BD4680BD00BF0000032080B582B06B
:10FDD00000AF1CE03B1D19461248FFF72EFA7B6866
:10FDE0005B7A0F2B03D07B685B7A0E2B05D17B6887
:10FDF0001946022000F050F904E07B6819460520FE
:10FE000000F04AF9084B1B687A6810469847054885
:10FE1000FFF784F90346002BDCD000BF0837BD464E
:10FE200080BD00BFD4010320181C002080B500AFA6
:10FE30000021042000F030F9024B1B68984700BFF6
:10FE400080BD00BF1C1C002080B584B000AF78606E
:10FE50007B68FB600D48FFF751F90D4BDB68BB6019
:10FE6000FB689A68BB681A60BB68084A5A60F4F776
:10FE7000C5FEFB681B68074A1360FB685B68064A9F
:10FE80001360002318461037BD4680BDDC010320F7
:10FE900000000320201C0020241C002080B582B01C
:10FEA00000AF78600B467B80094BDB681B68102233
:10FEB0001A72074BDB681B681946062000F0ECF845
:10FEC000F4F7B6FE002318460837BD4680BD00BFD4
:10FED0000000032080B500AF074BDB681B681946A4
:10FEE000072000F0D9F8054B1B68034AD268126856
:10FEF0001046984700BF80BD00000320201C002052
:10FF000080B582B000AF0EE03B1D19460B48FFF7ED
:10FF100094F97B681946082000F0BEF8084B1B686E
:10FF20007A68104698470548FFF7F8F80346002B13
:10FF3000EAD000BF0837BD4680BD00BFDC0103200A
:10FF4000241C002080B582B000AF78601748FFF70E
:10FF5000D5F81748FFF7D2F8164B1B69164A1360FD
:10FF6000154B1B687A6892689A60134B1B687A6815
:10FF7000D268DA60104B1B680C4A1A610E4B1B6882
:10FF80007A6812681A600C4B1B687A6852685A606B
:10FF9000094B1B687A6812695A61074B1B687A68BB
:10FFA00052699A6100BF0837BD4680BDC401032075
:10FFB000101C002000000320281C002080B582B007
:10FFC00000AF786079680748FFF7F0F8796800209B
:10FFD00000F062F80448F4F771FE00BF0837BD4630
:10FFE00080BD00BF101C0020EDFF000880B582B06E
:10FFF00000AF0CE03B1D19460A48FFF71EF90A4BFB
:020000040801F1
:100000001B691B697A6811461846FFF7CFF8054847
:10001000FFF784F80346002BECD000BF0837BD463D
:1000200080BD00BF101C00200000032080B500AF81
:100030000548FFF763F8054B5B69034A1A60F4F75C
:100040008FFE00BF80BD00BFCC0103200000032055
:1000500080B582B000AF08E03B1D19460848FFF7A5
:10006000ECF87B68184600F00DF80548FFF756F8E5
:100070000346002BF0D000BF0837BD4680BD00BF4F
:10008000CC01032080B483B000AF786000BF0C3790
:10009000BD465DF8047B704780B487B000AF03466F
:1000A0003960FB71FB79082B4CD801A252F823F080
:1000B000D5000108F900010805010108FF00010849
:1000C0004501010819010108250101082B0101085A
:1000D000390101083B687B617B695B7AFF2B05D0A6
:1000E000FF2B05DC0E2B05D00F2B01E000BF2AE013
:1000F00000BF28E000BF26E03B68FB6023E03B68D0
:10010000BB6020E03B687B617B695B7A0E2B01D092
:100110000F2B00E000BF16E03B687B617B695B7AD8
:10012000FF2B10E03B68FB600DE03B683B613B69E7
:100130005B780E2B00BF06E03B687B617B695B7AD6
:10014000FF2B00E000BF00BF1C37BD465DF8047BFD
:10015000704700BF80B582B000AF78607B681B68D5
:10016000224A13607B685B68204A53607B689B6807
:100170001E4A93607B68DB681C4AD3607B681B69FE
:100180001A4A13617B685B69184A53617B689B69F3
:10019000164A93617B68DB69144AD3617B681B6AEA
:1001A000124A13627B685B6A104A53627B689B6ADF
:1001B0000E4A93620E4B0022DA600D4B00221A6148
:1001C0000A4BDB690B4A114600209847074B1B6A14
:1001D000094A114600209847044B9B6A074A11467A
:1001E0000020984700BF0837BD4680BD6C1C00202A
:1001F0002C1C0020401C0020441C0020481C002017
:1002000080B582B000AF7860094A7B681361094B02
:10021000DB69094A114678689847064B1B6A074A0A
:1002200011467868984700BF0837BD4680BD00BFBB
:100230002C1C00206C1C0020401C0020441C0020B2
:1002400080B483B000AF7860064BDB68054A5B0181
:1002500013447A681A6000BF0C37BD465DF8047B12
:10026000704700BF2C1C002080B483B000AF7860C2
:10027000064BDB68054A5B01134404337A681A6055
:1002800000BF0C37BD465DF8047B70472C1C002076
:1002900080B483B000AF7860064BDB68054A5B0131
:1002A000134408337A681A6000BF0C37BD465DF806
:1002B000047B70472C1C002080B400AF054BDB682A
:1002C000044A5B01134408331B681846BD465DF8B9
:1002D000047B70472C1C002090B587B002AFF860FB
:1002E000B9607A603B60084B5C68084B18693B6AF0
:1002F00001933B6800937B68BA68F968A04700BF28
:100300001437BD4690BD00BF6C1C00202C1C002083
:1003100080B584B000AFF860B9601346FB71164B2E
:10032000DB68154A5B01134408331B681A68FB79C4
:10033000203B1149C9681048490101440831096846
:10034000C98803FB01F10C4BDB680B485B010344DC
:1003500008331B689B880733002B00DA0733DB1058
:1003600001FB03F313441A46B968F86800F0B4F8C7
:1003700000BF1037BD4680BD2C1C002080B58AB060
:1003800000AFF860B9607A60FB7001237B620023E4
:100390003B620023FB6100237B617B68BB6102E061
:1003A000FB690133FB61BB695A1CBA611B78002BE6
:1003B000F6D1484B5B69474AD268464952010A4424
:1003C000083212689288B3FBF2F37B61FB78032B4F
:1003D00018D0032B2ADC012B02D0022B15D025E0EC
:1003E0007A69FB69D31A3B4AD2683A4952010A44F6
:1003F00008321268928802FB03F35B08FA68134420
:100400007B6216E0FB687B6213E07A69FB69D31AB2
:10041000304AD2682F4952010A4408321268928841
:1004200003FB02F2FB68D31A7B6202E0FB687B628B
:1004300000BF7B6A002B03D07B6AB3F5004F1BD350
:1004400001237B6218E07B681B781A46B968786ADA
:10045000FFF75EFF1F4BDB681E4A5B011344083346
:100460001B689B881A467B6A13447B627B68013356
:100470007B603B6A01333B627B681B78002B14BFB7
:1004800001230023DAB2134B5969124BDB68114880
:100490005B01034408331B689B8818463B6A00FBDA
:1004A00003F3CB1A9BB20B49C9680A4849010144BE
:1004B0000831096889888B422CBF01230023DBB2F5
:1004C0001340DBB2002BBED100BF00BF2837BD46B2
:1004D00080BD00BF2C1C002080B5B2B002AFF86018
:1004E000B9607A600023C7F8BC300023C7F8B83081
:1004F000A54BDB68A44A5B01134408331B68DB8807
:10050000C7F8B030A04BDB689F4A5B011344083347
:100510001B689B88C7F8AC30D7F8AC30073323F0A2
:100520000702D7F8AC30D31AC7F8A8300023C7F8B1
:10053000BC301CE1D7F8AC300733DB08D7F8BC205F
:1005400002FB03F37A681344C7F8A430D7F8AC3041
:100550000733DB08012B02D0022B06D011E0D7F8BD
:10056000A4301B78C7F8B4301DE0D7F8A4301B784E
:100570001B02D7F8A420013212781343C7F8B43015
:1005800011E0D7F8A4301B781A04D7F8A43001334F
:100590001B781B021343D7F8A420023212781343AE
:1005A000C7F8B43000BF784BDB68774A5B0113446F
:1005B0001C331B68022B40F08C800023C7F8B83036
:1005C00074E0D7F8AC20D7F8B830D21AD7F8A830F2
:1005D0001344013B012202FA03F31A46D7F8B43060
:1005E0001340002B2DD0684BDB68674A5B01134436
:1005F0001B68DB089BB203F01F039AB2624BDB68F7
:1006000061495B010B441B689B0A9BB25B019BB277
:1006100003F4FC639BB213439AB25B4BDB685A4909
:100620005B010B441B68DB0C9BB2DB029BB21343E8
:100630009AB2D7F8B8305B00C0333B4423F84C2C57
:100640002FE0514BDB68504A5B01134404331B68B5
:10065000DB089BB203F01F039AB24B4BDB684A499D
:100660005B010B4404331B689B0A9BB25B019BB28A
:1006700003F4FC639BB213439AB2434BDB684249D9
:100680005B010B4404331B68DB0C9BB2DB029BB2A7
:1006900013439AB2D7F8B8305B00C0333B4423F819
:1006A0004C2CD7F8B8300133C7F8B830D7F8B82099
:1006B000D7F8AC309A4284D3B9684B1CBB6007F1C1
:1006C000740201230093D7F8AC30F868FFF704FEFA
:1006D00048E00023C7F8B83032E0D7F8AC20D7F8AC
:1006E000B830D21AD7F8A8301344013B012202FADD
:1006F00003F31A46D7F8B4301340002B0DD0224B29
:10070000DB68214A5B0113441A68D7F8B8309B00B4
:10071000C0333B4443F8AC2C0DE01B4BDB681A4A5A
:100720005B01134404331A68D7F8B8309B00C03318
:100730003B4443F8AC2CD7F8B8300133C7F8B83095
:10074000D7F8B820D7F8AC309A42C6D3B9684B1C5A
:10075000BB6007F1140201230093D7F8AC30F868AE
:10076000FFF7BAFDD7F8BC300133C7F8BC30D7F873
:10077000BC20D7F8B0309A42FFF4DCAE00BF00BF17
:10078000C037BD4680BD00BF2C1C002080B400AF28
:10079000054B00221A60054B00221A6000BFBD46BF
:1007A0005DF8047B704700BF981C00209C1C002053
:1007B00080B487B000AF78600B46FB70EFF3108316
:1007C0003B613B697B6172B600BFFB78002B08D0B0
:1007D000012B0ED10D4B1A687B6813430B4A136033
:1007E00008E07B68DA43094B1B681340074A136033
:1007F00000E000BF7B69FB60FB6883F3108800BFEB
:1008000000BF1C37BD465DF8047B70479C1C002070
:1008100080B594B000AF7860894B1B68FB62884B51
:100820001A687B681340864A1360864B1B687B649A
:10083000854B1B683B64854B1B68FB63844B1B68C3
:10084000BB6312E10023FB6402E0FB6C0133FB6439
:10085000804AFB6C52F83320FB6B1A40784B1B68C4
:100860001340002BF1D07B4AFB6C52F83320FB6B1A
:100870001A40734B1B681340BB64764AFB6CDB0069
:1008800013445A68BB6C1340002B06D1714AFB6CB1
:10089000DB0013444FF0FF325A606A4B1B68BB62A7
:1008A0006C4AFB6CDB0013445B68DA436A4B1B68E1
:1008B0001343694A1360684B1B68DB43BA6A1340F1
:1008C000BB62BA6ABB6C1340002B03D0BA6CBB6A24
:1008D0001340BB64BB6A002B02D15F4B00221A603D
:1008E0005C4AFB6CDB0013445A68BB6C134018462F
:1008F00000F043FA03461A46584B1A60EFF3108390
:10090000FB61FB697B6272B600BF544B1B6801221E
:1009100002FA03F3DA434B4B1B681340494A136056
:100920000123FB6413E0FB6C013B4A4A52F833108D
:100930004A4B1B68012202FA03F3DA43FB6C013BCA
:100940000A40444941F83320FB6C013BFB64FB6CDB
:10095000002BE8D17B6ABB61BB6983F3108800BFC1
:100960003E4B1B68184600F0E9F93C4B1B681F2BF7
:1009700078D83A4B1B683A4A52F82330002B71D092
:1009800000237B631EE0334A7B6BDB0013445A6811
:10099000324B1B68012101FA03F3DB431A402D4956
:1009A0007B6BDB000B445A602A4A7B6BDB001344F1
:1009B0005A687B6B9B0050333B4443F8442C7B6B61
:1009C00001337B637B6B002BDDD0244B1B68244AF7
:1009D00052F82330984700233B6313E01D4A3B6BDA
:1009E000DB0013445A683B6B9B0050333B4453F885
:1009F000443C1A4017493B6BDB000B445A603B6B8D
:100A000001333B633B6B002BE8D0144B1B6818464B
:100A100000F09EF90B4B1B687B640B4B1B683B641F
:100A20000A4B1B68FB630A4B1B68BB630B4B1B68C1
:100A300001229A40084B1B681343074A136014E0D5
:100A4000B8000020A01C0020A41C0020B40000203E
:100A5000A81C0020301D0020381D0020AC1C0020E8
:100A6000B01C0020002000F07DF97A6CFB6B1A406E
:100A7000224B1B681340002B05D03A6CBB6B134014
:100A8000002B3FF4DFAE1E4B4FF0FF321A601D4BC0
:100A90001A683B6C1340002B29D100F041F9EFF3A9
:100AA00010837B617B693B6272B600BF164B1B688B
:100AB0007B64164B1B683B64154B1B68FB637A6CAD
:100AC000FB6B1A400D4B1B681340002B07D10D4BDD
:100AD0001A683B6C1340002B01D1F0F780FE3B6A93
:100AE0003B613B6983F3108800BF00F020F9034AA3
:100AF000FB6A136000BF5037BD4680BDB8000020C0
:100B0000AC1C0020A81C0020A01C0020A41C00205D
:100B1000B400002080B588B000AFF860B9607A609A
:100B2000EFF310837B617B69FB6172B600BFF868ED
:100B300000F023F903461946064A7B6842F8213043
:100B4000FB69BB61BB6983F3108800BF00BF20371E
:100B5000BD4680BDB01C002080B487B000AF786077
:100B60003960EFF31083FB60FB687B6172B600BFF6
:100B70000D4B1A687B6813430B4A13600B4A3B68A2
:100B800052F833207B681A4308493B6841F8332008
:100B90007B693B613B6983F3108800BF00BF1C3752
:100BA000BD465DF8047B7047A01C0020301D00206E
:100BB00080B487B000AF7860EFF31083FB60FB6810
:100BC0007B6172B600BF7B68DA43084B1B68134039
:100BD000064A13607B693B613B6983F3108800BF61
:100BE00000BF1C37BD465DF8047B7047B400002091
:100BF00080B487B000AF7860EFF31083FB60FB68D0
:100C00007B6172B600BF094B1A687B681343074AC1
:100C100013607B693B613B6983F3108800BF00BFB1
:100C20001C37BD465DF8047B704700BFB400002050
:100C300080B487B000AF7860EFF31083FB60FB688F
:100C40007B6172B600BF094B1A687B681343074A81
:100C500013607B693B613B6983F3108800BF00BF71
:100C60001C37BD465DF8047B704700BFA41C002004
:100C700080B588B000AF78601F4B1B68BB611E4B0E
:100C80001B68B3F1FF3F02D10023FB6105E01A4B63
:100C90001B68012202FA03F3FB61184B1B687B619E
:100CA000164A7B68136003E07968F86900F02AF857
:100CB000134B1A687B681340002BF5D00E4ABB69B2
:100CC0001360EFF31083BB60BB683B6172B600BF7B
:100CD0007B68DA430A4B1B681340094A13603B697F
:100CE000FB60FB6883F3108800BF044A7B691360D4
:100CF00000BF2037BD4680BDAC1C0020A81C0020D2
:100D0000A41C002080B582B000AF786039607B6899
:100D1000DB431846FFF77CFD00BF0837BD4680BDAA
:100D200080B400AF00BFBD465DF8047B704780B45F
:100D300000AF00BFBD465DF8047B704780B483B050
:100D400000AF786000BF0C37BD465DF8047B70478C
:100D500080B483B000AF786000BF0C37BD465DF84B
:100D6000047B704780B483B000AF0346FB7100BFC3
:100D70000C37BD465DF8047B704780B485B000AF8A
:100D800078607B68FB60FB68002B01D1202303E0C7
:100D9000FB68B3FA83F3DBB2C3F11F03DBB218467F
:100DA0001437BD465DF8047B70472DE9FF4757ECCB
:100DB000106B002F0C4619463B46BBBF07F10043A2
:100DC0001F4600232D230B700D9BDDF830A09146AC
:100DD00023F02008BCBF32461646B8F1460F05D0B6
:100DE000B8F1450F00D10134022100E0032103AB2B
:100DF000019302AB009347EC106B5346224600F080
:100E000073FFB8F1470F054619D119F0010F0ED045
:100E100000EB04090022002330463946EFF73CFE80
:100E200008B1CDF80C903022039B4B451ED3039B99
:100E30000E9A5B1B2846136004B0BDE8F087B8F13A
:100E4000460F00EB0409E5D10378302B0AD10022CC
:100E5000002330463946EFF71FFE18B9C4F10104EC
:100E6000CAF80040DAF800309944D3E7591C0391DE
:100E70001A70D9E7F7B50029BABF49422D232B23B1
:100E800009290270437029DD0DF107031D460A2769
:100E90001A46B1FBF7F607FB1614303402F8014C82
:100EA0000C46632C03F1FF333146F1DC3031941EE4
:100EB00003F8011C411C2346AB420AD30DF1090380
:100EC0009B1AAC4288BF002302330344181A03B0B4
:100ED000F0BD13F8016B01F8016FEDE730233031FD
:100EE0008370C170031DF1E72DE9F04F8DB00C4602
:100EF000DDF8588016461F46054600F0E7FD0368FA
:100F000004931846EFF79CF900230A93D8F80030B1
:100F10000590073323F0070303F1080294F818A0A3
:100F2000D4F800B0C8F80020D3E9008929F00043C4
:100F30000793CDF81880C4E91289DDE906019C4BBE
:100F40004FF0FF32EFF7DAFD70BBDDE90601984B99
:100F50004FF0FF32EFF7B4FD30BB002200234046D4
:100F60004946EFF7A3FD10B12D2384F84330914A91
:100F7000914BBAF1470F8CBF9046984603232361EB
:100F80002BF0040323604FF00009009733460BAAAF
:100F90002146284600F0D2F9013040F08D804FF014
:100FA000FF300DB0BDE8F08F42464B464046494603
:100FB000EFF7A4FD40B14B46002BBCBF2D2384F8B6
:100FC00043307E4A7E4BD4E763680AF0DF02069224
:100FD0005A1C3BD1062363604BF4806200232260DD
:100FE00003930AABCDE901A309AB0093616849EC17
:100FF000108B0DF123032846FFF7D7FE069B0999B6
:10100000472B804629D1C81C02DB6368994241DD29
:10101000AAF1020A5FFA8AFA0139524604F1500035
:101020000991FFF727FF0A9A1318012A81462361C5
:1010300002DC2268D20701D5013323619DF82330F9
:10104000002BA2D02D2384F843309EE7069A472A2E
:10105000C2D1002BC0D10123BDE7BAF1650FDBD9A6
:10106000BAF1660F18D1002963680BDD216113B94D
:101070002268D00702D501330B442361A1654FF0EC
:101080000009DBE713B92268D20701D50233F4E780
:101090000123F2E74FF0670A0A9B994205DB2368B8
:1010A0002161D807EAD54B1CE7E70029D4BFC1F17D
:1010B000020201221344E0E723685A0507D423699A
:1010C000424631462846B84701302BD167E7BAF18E
:1010D000650F40F2DD80D4E9120100220023EFF712
:1010E000DBFC002833D0374A012331462846B84775
:1010F00001303FF454AFDDE90938434502DB236892
:10110000D8070FD5DDE9042331462846B84701301A
:101110003FF445AF4FF0000908F1FF3804F11A0A17
:10112000C84509DC23689B0700F10381E0680B9B3D
:101130009842B8BF184634E7012352463146284644
:10114000B84701303FF42BAF09F10109E8E7099BEB
:10115000002B39DC1B4A012331462846B8470130B1
:101160003FF41DAFDDE9093959EA030302D12368D1
:10117000D907D7D5DDE9042331462846B8470130E1
:101180003FF40DAF4FF0000A04F11A0B099B5B42CC
:10119000534501DC4B4693E701235A463146284626
:1011A000B84701303FF4FBAE0AF1010AEEE700BF99
:1011B000FFFFEF7FF8570108F457010800580108B6
:1011C000FC57010804580108A36DDDF828A0534519
:1011D000A8BF5346002B994636DC4FF0000B29EA96
:1011E000E97904F11A02A36D0693A3EB09035B45A9
:1011F00031DC099B9A453ADC2368DA0737D4099B2E
:10120000AAEB0309069BAAEB03039945A8BF9946DD
:10121000B9F1000F33DC4FF0000829EAE97904F155
:101220001A0B099BAAEB0303A3EB090343457FF7C2
:1012300079AF01235A4631462846B84701303FF47A
:10124000AEAE08F10108ECE7424631462846B84701
:101250000130C2D1A3E60123314628460692B847A1
:1012600001303FF49CAE069A0BF1010BBBE7DDE9C0
:10127000042331462846B8470130C0D18FE6069A8C
:101280004B46424431462846B8470130C3D186E632
:10129000DDF828A0BAF1010F01DCDB0736D5012308
:1012A000424631462846B84701303FF478AEDDE982
:1012B000042331462846B84701303FF470AED4E9E4
:1012C0001201002200230AF1FF3AEFF7E5FBC0B953
:1012D000534608F1010231462846B84701300CD187
:1012E0005DE601235A4631462846B84701303FF4AF
:1012F00056AE08F10108D045F3DB4B4604F150022D
:10130000DFE64FF0000804F11A0BF4E70123424630
:10131000E1E701234A4631462846B84701303FF409
:101320003EAE08F10108E3680B995B1A4345F0DC17
:10133000FCE64FF0000804F11909F4E72DE9F04745
:10134000164698468A680B69DDF820909342B8BF2C
:101350001346336091F8432007460C460AB1013327
:1013600033602368990642BF3368023333602568CF
:1013700015F0060506D104F1190AE36832689B1AD4
:10138000AB4226DC94F843302268003B18BF0123AF
:1013900092062BD404F1430241463846C847013037
:1013A0001ED02368226903F00603042B02BFE56800
:1013B0003368ED1AA3680CBF25EAE5750025934252
:1013C000C4BF9B1AED1800261A34B5421AD100206A
:1013D00008E00123524641463846C847013003D150
:1013E0004FF0FF30BDE8F0870135C6E7E1185A1C21
:1013F000302081F84300224494F8451082F84310CD
:101400000233C7E70123224641463846C847013028
:10141000E6D00136D9E700002DE9FF470F7E0C9E8C
:10142000782F914680460C469A4601F1430207D830
:10143000622F0AD8002F00F0D180582F00F0B8801A
:1014400004F1420684F842703AE0A7F16303152BD9
:10145000F6D801A151F823F0B1140108C514010810
:101460004114010841140108411401084114010804
:10147000C514010841140108411401084114010870
:1014800041140108C3150108EF1401087D15010876
:101490004114010841140108E5150108411401082F
:1014A000EF140108411401084114010885150108D1
:1014B00033681A1D1B68326004F1420684F842301A
:1014C00001239CE033682068191D3160060601D5B0
:1014D0001D6803E04506FBD5B3F90050002D03DA83
:1014E0002D236D4284F8433058480A2311E02168C7
:1014F0003368080653F8045B02D4490648BFADB20E
:101500006F2F5248336014BF0A230823002184F848
:1015100043106668A660002E05DB21682E4321F08B
:10152000040121604BD01646B5FBF3F103FB1157C4
:10153000C75D06F8017D2F46BB420D46F4D9082B46
:101540000BD12368DF0708D5236961689942DEBFA4
:10155000302306F8013C06F1FF36921B2261CDF8DC
:1015600000A04B4603AA21464046FFF7E7FE0130A4
:101570004AD14FF0FF3004B0BDE8F087236843F054
:10158000200323603248782784F845702368316847
:101590001F0651F8045B02D45F0648BFADB231604C
:1015A000D90744BF43F0200323601DB11023ADE7EA
:1015B0002648E9E7236823F020032360F6E7164670
:1015C000BDE7336825686169181D30602E061B6809
:1015D00001D5196002E06806FBD51980002323615C
:1015E0001646BCE733681A1D32601E686268002127
:1015F0003046EEF7D5FD08B1801B6060636823615B
:10160000002384F84330AAE723693246494640461E
:10161000D0470130ADD023689B0713D4E068039B0B
:101620009842B8BF1846A6E70123324649464046CD
:10163000D04701309DD00135E36803995B1AAB4276
:10164000F2DCEBE7002504F11906F5E7065801087E
:1016500017580108002310B50446C0E90033C0E95B
:101660000433836081814366C28183611946082205
:101670005C3000F023FA0D4B63620D4BA3620D4BFF
:10168000E3620D4B23630D4B24629C4206D003F1B1
:101690006802944202D0D0339C4205D104F1580034
:1016A000BDE8104000F086BA10BD00BF0D1901085A
:1016B0002F190108671901088B1901083C1D00202A
:1016C000024A0349034800F069B800BFBC0000208B
:1016D000B9370108CC00002041680C4B994210B585
:1016E000044601D002F068F8A168094B994202D083
:1016F000204602F061F8E168064B994204D020468A
:10170000BDE8104002F058B810BD00BF3C1D0020DD
:10171000A41D00200C1E002010B50B4B0B4C0C4AD6
:101720001A60204600220421FFF794FF04F16800AC
:1017300001220921FFF78EFF04F1D0000222BDE84B
:1017400010401221FFF786BF741E00203C1D0020B0
:10175000C1160108014800F02EBA00BF7D1E00200E
:10176000014800F029BA00BF7D1E002010B50446D4
:10177000FFF7F0FF236A1BB1BDE81040FFF7F0BF91
:10178000044B2362044B1B68002BF5D1FFF7C4FF09
:10179000F2E700BFD9160108741E00202DE9F843B6
:1017A0000746884614460026D4E90195B9F1010997
:1017B00005D52468002CF7D13046BDE8F883AB8905
:1017C000012B07D9B5F90E30013303D0294638462D
:1017D000C04706436835E9E70FB407B5064904ABCF
:1017E000086853F8042B8168019301F049FE03B0A7
:1017F0005DF804EB04B07047C8000020024B0146BE
:101800001868826802F062B8C8000020036A70B5E8
:10181000846805460E460BB9FFF7A8FF636EDB0729
:1018200005D4A389980502D4A06D00F0C4F9A3895A
:10183000190702D52369002B35D12146284600F02F
:10184000E7F880B34FF0FF35636EDA0705D4A3895C
:101850009B0502D4A06D00F0AFF9284670BD002BA7
:1018600004DAA2699A4217DC0A2915D023685A1CA7
:1018700022601970A36816F8011F013BA3600029BC
:10188000EDD1002B11DA22460A21284600F081F81A
:101890000130D7D00A25D7E72246284600F079F84C
:1018A0000130E7D1CEE7013EE4E723685A1C22600D
:1018B0000A221A70EEE70000024B01461868FFF793
:1018C000A5BF00BFC80000200EB410B59DB01FAB6F
:1018D000029006906FF000410A48079104910A496E
:1018E00053F8042B0591002402A9006801931B946E
:1018F00001F0A0FC029B1C701DB0BDE8104003B0BD
:10190000704700BFC80000200802FFFF10B50C465A
:10191000B1F90E1000F000F90028ABBF636DA38988
:101920001B1823F48053ACBF6365A38110BD2DE960
:10193000F0411F468B89DB0505460C46164605D54A
:10194000B1F90E100223002200F0D4F8A389B4F9F3
:101950000E1023F48053A38132463B462846BDE84F
:10196000F04100F0EBB810B50C46B1F90E1000F0E4
:10197000C1F8431CA38915BF606523F4805343F469
:101980008053A38118BFA38110BDB1F90E1000F0E0
:10199000A1B8F8B50E461446054618B1036A0BB94E
:1019A000FFF7E4FEA369A360A3891A0701D52369A1
:1019B00043B92146284600F02BF818B14FF0FF3705
:1019C0003846F8BD23682269981A6369F6B28342E3
:1019D000374605DC2146284601F0EEFE0028EDD111
:1019E000A368013BA36023685A1C22601E706269D1
:1019F000431C9A4204D0A389DB07E1D50A2EDFD12C
:101A00002146284601F0D8FE0028D9D0D6E70000AC
:101A100038B5294B054618680C4618B1036A0BB94E
:101A2000FFF7A4FEB4F90C30190722D4DA0607D464
:101A300009222A6043F04003A3814FF0FF3033E0D6
:101A4000580712D5616B41B104F14403994202D0A9
:101A5000284600F019FF00236363A38923F02403C1
:101A6000A3810023636023692360A38943F00803F3
:101A7000A38123694BB9A38903F42073B3F5007FD5
:101A800003D02146284601F0E5FEB4F90C3013F0EE
:101A900001020AD00022A26062695242A261226958
:101AA00042B913F08000C5D138BD990758BF6269AB
:101AB000A260F4E70020F7E7C800002002440346D4
:101AC000934200D1704703F8011BF9E700487047C3
:101AD0000802002038B5064D0023044608462B6056
:101AE000F1F73CFC431C02D12B6803B1236038BDE5
:101AF000781E002038B5074D0446084611460022DE
:101B00002A601A46F1F751FC431C02D12B6803B13D
:101B1000236038BD781E002038B5074D04460846BE
:101B2000114600222A601A46F1F7FBFB431C02D142
:101B30002B6803B1236038BD781E002038B5074DEF
:101B400004460846114600222A601A46FCF734FD76
:101B5000431C02D12B6803B1236038BD781E0020DE
:101B6000014B1868704700BFC800002070B50D4DCC
:101B70000D4C641BA4100026A64209D10B4D0C4C41
:101B800002F00AF8641BA4100026A64205D170BD1D
:101B900055F8043B98470136EEE755F8043B984763
:101BA0000136F2E7745B0108745B0108745B01089D
:101BB000785B01087047704770470A44914200F112
:101BC000FF3300D1704710B511F8014B03F8014FF6
:101BD0009142F9D110BD2DE9F74F03690C69A34279
:101BE00007467EDB013C01F11408A30000F1140557
:101BF000009305EB8403019358F8243055F8242012
:101C000001339A4208EB8409B2FBF3F62ED34FF06E
:101C1000000AC446AE46D3465CF8043B98B206FBC5
:101C200000A0020C1B0C06FB0323DEF8002080B290
:101C300092B2121A5A44DEF800004FEA134A9BB2DD
:101C4000C3EB224303EB104392B242EA0342E14565
:101C50004EF8042B4FEA234BDED2009BEB582BB9F6
:101C6000019B043B9D421A462FD33C61384601F04C
:101C70007DF9002825DB2946002058F8042BD1F8EF
:101C800000C01FFA82FE1FFA8CF3A3EB0E0303447D
:101C9000120CC2EB234202EB1C429BB243EA02430A
:101CA000C14541F8043B4FEA2240E6D255F82420D2
:101CB00005EB840322B9043B9D421A460BD33C61D9
:101CC0000136304603B0BDE8F08F1268043B002AAD
:101CD000CBD1013CC6E71268043B002AEFD1013C9E
:101CE000EAE70020EEE700002DE9F04FC76997B062
:101CF0008DED040B55EC104B209E079181460C9204
:101D000011937FB9102000F009FE0246C9F81C00AB
:101D100020B9A94BEF21A94801F058FEC0E901778D
:101D20000760C760D9F81C30196859B15A684A6011
:101D3000012393408B60484600F0E6FED9F81C3042
:101D400000221A602B1EB9BF23F000430593002325
:101D50003360059F9A4BBCBF01223260BB4312D156
:101D6000119A42F20F731360C7F31303234300F079
:101D70005A85219BDFF85CA2002B00F05C850AF1FC
:101D8000030300F056BD9DED047B002251EC170BC0
:101D900000238DED0A7BEEF77FFE804658B1119A45
:101DA00001231360219B13B1219A864B1360DFF846
:101DB00028A200F040BD9DED0A0B14AA15A94846C3
:101DC00001F084F9C7F30A560290002E78D00B9BDD
:101DD000CDF84880C3F31303DDE90A0143F07F53D4
:101DE00043F44013A6F2FF3619460022764BEEF775
:101DF00033FA6BA3D3E90023EEF7E6FB6AA3D3E93A
:101E00000023EEF72BFA044630460D46EEF772FB40
:101E100067A3D3E90023EEF7D7FB02460B46204623
:101E20002946EEF71BFA04460D46EEF77DFE00222A
:101E30000746002320462946EEF738FE40B13846D3
:101E4000EEF758FB22462B46EEF726FE00B9013F7F
:101E5000162F52D85D4B03EBC703D3E90023DDE90E
:101E60000A01EEF723FE002849D0013F002310931A
:101E7000149B9B1B5A1E45BFC3F101030093002313
:101E80000023069254BF00930693002F39DB069B74
:101E90000D973B44069300230893079B092B63D8B7
:101EA000052BC4BF043B0793079BA3F10203CCBFE0
:101EB00000240124032B63D8DFE803F05254372BAE
:101EC000DDE914631E4406F23243202BC1BFC3F187
:101ED00040039F4006F2124324FA03F3D6BFC3F136
:101EE000200347EA030004FA03F0EEF7F3FA0122B5
:101EF000A1F1F873013E129276E70123B7E7109043
:101F0000B6E7009BDB1B00937B42089300230D93F5
:101F1000C3E7012309930C9B07EB030B0BF10103B0
:101F2000012B0393B8BF012306E0012309930C9B07
:101F3000002B28DD9B460393D9F81C0000210422C6
:101F400002F114059D4226D94160484600F09CFDEF
:101F50008246002842D11E4B024640F2AF11DAE61B
:101F60000023E3E70023D5E7012400230793099426
:101F70004FF0FF3B0022CDF80CB012230C92DBE7B0
:101F800001230993F4E74FF0010BCDF80CB05B4649
:101F9000CDF830B0D0E701315200D1E7AFF3008087
:101FA00061436F63A787D23FB3C8608B288AC63F5F
:101FB000FB799F501344D33F355801084C58010812
:101FC0000000F07F055801080000F83FA059010803
:101FD000A45801083158010804580108D9F81C30E8
:101FE0001860039B0E2B00F2A180002C00F09E8055
:101FF000002F33DD9C4B07F00F0203EBC20393ED80
:10200000007BF8058DED0E7B4FEA271416D5974B14
:10201000DDE90A01D3E90823EEF700FCCDE904016C
:1020200004F00F040326914D54B9DDE90E23DDE9D8
:102030000401EEF7F3FBCDE9040128E00226F2E704
:10204000E10708D5DDE90E01D5E90023EEF7BCFA7A
:10205000CDE90E01013664100835E5E700F0AF80E8
:102060007C42814B814D04F00F0203EBC203D3E9A4
:102070000023DDE90A01EEF7A7FACDE904012411F6
:1020800000230226002C40F08F80002BD3D1109B20
:10209000DDE90445002B00F09480754B00222046BA
:1020A0002946EEF703FD002800F08B80039B002BF0
:1020B00000F08780BBF1000F34DD20466D4B00221D
:1020C0002946EEF781FACDE9040107F1FF38013620
:1020D0005C463046EEF70EFADDE90423EEF774FABB
:1020E000654B0022EEF7BAF80546A1F15076002CB8
:1020F0006AD1DDE90401614B0022EEF7ADF802463A
:102100000B46CDE904232A463346EEF7EDFC0028C2
:1021100040F09882DDE904012A4606F10043EEF71B
:10212000C5FC38BBDDE90A34CDE90434159B002B2E
:10213000C0F257810E2F00F354814B4B03EBC703C2
:1021400093ED007B0C9B002B8DED007B80F2E580F6
:10215000039B002B00F3E1800CD1484B002251EC93
:10216000170BEEF731FADDE90423EEF7B3FC002894
:1021700000F06682002425460C9B56466FEA030851
:1021800000272146484600F0BFFC002D00F0BD802E
:102190002FB1AF4203D03946484600F0B5FC29467E
:1021A000484600F0B1FCB0E0E20705D5D5E90023D0
:1021B000EEF70AFA013601236410083562E70226B9
:1021C00065E7039CB84684E7274B099903EBC403F2
:1021D00053E902235444002954D029490020EEF742
:1021E0001DFB33462A46EEF737F8CDE90E01564679
:1021F000DDE90401EEF798FC0546EEF77BF90246AF
:102200000B46DDE90401EEF727F8303502460B46B0
:10221000CDE9042306F8015BDDE90E23EEF746FC69
:10222000002872D1DDE9042311490020EEF714F8EB
:10223000DDE90E23EEF73AFC002840F0B480A64218
:102240003FF470AFDDE90E010A4B0022EEF7BCF956
:10225000084BCDE90E010022DDE90401EEF7B4F9E7
:10226000CDE90401C4E700BFA0590108785901086D
:102270000000F03F0000244000001C40000014401B
:102280000000E03F31462846EEF79EF9CDE90E0109
:1022900013945646DDE90401EEF746FC0546EEF7D9
:1022A00029F902460B46DDE90401EDF7D5FF30358B
:1022B00006F8015B02460B46A642CDE904234FF027
:1022C000000224D1AF4BDDE90E01EDF7C7FF024656
:1022D0000B46DDE90401EEF707FC002863D1DDE9D8
:1022E0000E23A8490020EDF7B7FF02460B46DDE9B3
:1022F0000401EEF7DBFB00283FF414AF139E731EBE
:10230000139316F8013C302BF8D047463BE09E4B28
:10231000EEF75AF9CDE90401BCE7DDE9044556467C
:10232000DDE9002320462946EEF778FAEEF7FCFBBC
:102330008046EEF7DFF8DDE90023EEF745F90246C7
:102340000B462046294608F13004EDF785FF06F8D4
:10235000014B039DA6EB0A04A54202460B4633D16E
:10236000EDF77CFFDDE9002304460D46EEF7BCFBEC
:10237000C0B9DDE9002320462946EEF78DFB10B1F8
:1023800018F0010F0ED10299484600F0BDFB002362
:102390003370119B01371F60219B002B00F04B8293
:1023A0001E6048E2B84633461E4613F8012D392A0E
:1023B00006D19A45F8D1302208F101088AF80020A8
:1023C0001A7801321A70A0E76F4B0022EEF7FCF882
:1023D0000022002304460D46EEF75EFB00289FD046
:1023E000D1E7099A002A00F0EA80079A012A00F34F
:1023F000CD80129A002A00F0C18003F23343089C7A
:10240000009E009A1A440092069A01211A444846F6
:10241000069200F02DFC054666B1069B002B09DDF7
:10242000B342009AA8BF3346D21A0092069AF61A0F
:10243000D31A0693089B0BB3099B002B00F0C680B0
:10244000002C00F0C08029462246484600F0C8FC17
:10245000029A01460546484600F020FC0299804653
:10246000484600F051FB089B1B1B089300F0B1800D
:10247000089A4146484600F0B3FC029001214846C4
:1024800000F0F6FB0D9B0446002B00F0D8811A46A5
:102490000146484600F0A4FC079B012B044600F3CC
:1024A0009F80049B002B40F09780059BC3F3130390
:1024B000002B40F09380059B23F000431B0D1B0570
:1024C00033B1009B01330093069B01330693012334
:1024D00008930D9B002B00F0B881236904EB830364
:1024E000186900F079FBC0F12000069B184410F039
:1024F0001F0000F08280C0F12003042B73DD009BDD
:10250000C0F11C0003440093069B03440644069359
:10251000009B002B05DD02991A46484600F0BAFCE4
:102520000290069B002B05DD21461A46484600F026
:10253000B1FC0446109B002B61D00298214600F0AC
:1025400015FD00285BDA002302990A22484600F0B4
:10255000FDFA099B029007F1FF38002B00F077810C
:10256000294600230A22484600F0F0FABBF1000F8A
:1025700005466FDC079B022B49DC6BE0149BC3F123
:1025800036033CE70000E03F00002440039B5C1E54
:10259000089BA34209DB1C1B039B002BBFF630AF3B
:1025A000009B039A9E1A00232BE7089B0D9A089420
:1025B000E31A1A44009E039B0D92002421E7089C15
:1025C000009E099D28E7DDF8088051E7089A0299E6
:1025D00050E7CDF8088051E7002379E7049B77E7BF
:1025E0000023089379E793D0009A1C331A44009291
:1025F000069A1A441E4406928AE70346F4E7039BB0
:10260000002BB84620DC9B46079B022B1EDDBBF14E
:10261000000F7FF4B1AD21465B460522484600F02D
:1026200095FA01460446029800F0A0FC00287FF7C6
:10263000A3AD5646312306F8013B08F101089FE59A
:10264000039CB8462546F4E7DDF80CB0099B002B47
:1026500000F00181002E05DD29463246484600F093
:1026600019FC0546089B002B5CD06968484600F0C1
:102670000BFA064628B9824B024640F2EF21FFF7DB
:102680004ABB2A690232920005F10C010C30FFF7B7
:1026900094FA01223146484600F0FCFB0AF101039E
:1026A00000930AEB0B030893049B03F001032F46EE
:1026B00006930546009B0298214603F1FF3BFFF776
:1026C0008AFA03463033039039460298099300F0A2
:1026D0004DFC2A4604902146484600F063FCC2683F
:1026E000099B064602BB0146029800F03FFC099B8D
:1026F0000246314648460C92099300F005FA079BC2
:102700000C9A009E42EA0301069B1943099B0DD1D6
:10271000392B27D0049A002A01DD039B31338BF833
:1027200000302EE52846B9E70122E2E704990029A6
:1027300004DB079801430698014320D1002AEEDD0F
:10274000029900930122484600F0A4FB2146029022
:1027500000F00CFC0028009B02DCE0D1DA07DED59B
:10276000392BDAD139238BF8003033461E46013B32
:1027700016F8012C392A4ED001321A7001E5002AD0
:1027800003DD392BEED00133C9E7009A089902F82E
:10279000013C8A4228D0029900230A22484600F0D0
:1027A000D5F9AF4202904FF000034FF00A023946CC
:1027B000484607D100F0CAF907460546009B013399
:1027C000009377E700F0C2F92946074600230A2262
:1027D000484600F0BBF90546F0E7BBF1000FCCBF5F
:1027E0005E4601265644002702990093012248467E
:1027F00000F050FB2146029000F0B8FB0028B4DC4A
:1028000002D1009BDB07B0D433461E4613F8012DDE
:10281000302AFAD0B5E49A45A8D1312308F101084D
:102820008AF80030ADE4219BDFF858A01BB10AF113
:102830000803219A1360504617B0BDE8F08F079B3C
:10284000012B7FF72EAE0D9B089301204DE6BBF1C7
:10285000000F7FF7D9AE564602982146FFF7BBF925
:1028600000F1300306F8013BA6EB0A029345B4DD04
:10287000029900230A22484600F068F90290EBE72B
:10288000A45801082858010838B50546002941D048
:1028900051F8043C0C1F002BB8BFE41800F0E8F816
:1028A0001D4A136833B9636014602846BDE8384098
:1028B00000F0E4B8A34208D9206821188B4201BF78
:1028C00019685B6809182160EDE71A465B680BB16F
:1028D000A342FAD911685018A0420BD120680144D4
:1028E000501883421160E0D118685B685360084457
:1028F0001060DAE702D90C232B60D6E72068211894
:102900008B4204BF19685B68636004BF09182160CB
:102910005460CAE738BD00BF841E0020024B014648
:10292000186800F025B800BFC800002070B50F4E31
:102930000C463168054611B901F038F8306021467F
:10294000284601F033F8431C03D14FF0FF342046F2
:1029500070BDC41C24F00304A042F8D0211A2846FC
:1029600001F024F80130F2D1EFE700BF801E002013
:102970002DE9F843CD1C25F0030508350C2D38BF93
:102980000C25002D064601DBA94204D90C23336037
:102990000020BDE8F883DFF8D48000F069F8D8F8AB
:1029A00000301C4644BB29463046FFF7BFFF431C9E
:1029B000044658D1D8F800402746002F43D1002CB8
:1029C0004BD023683946304604EB030900F0EEFF94
:1029D000814542D121686D1A29463046FFF7A6FF8E
:1029E00001303AD023682B442360D8F800305A686D
:1029F00062BBC8F800700FE02268521B20D40B2A7B
:102A000017D96119A342256018BF5960636808BFD0
:102A1000C8F8001062514B60304600F02FF804F106
:102A20000B00231D20F00700C21A1CBF1B1AA35065
:102A3000AFE76268A3420CBFC8F800205A60EBE71A
:102A400023466468AEE73C467F68B6E71A465B6893
:102A5000A342FBD100235360DEE70C2333603046F2
:102A600000F00CF894E70560D6E700BF841E002054
:102A70000148FFF7A0B800BF7C1E00200148FFF707
:102A80009BB800BF7C1E002070B5C66904460D4689
:102A900076B91020FFF742FF0246E06120B9184BDB
:102AA00018486B2100F092FFC0E901660660C6601D
:102AB000E669F36883B1E369DB6853F82500B8B9C8
:102AC000012101FA05F6721D9200204600F09CFFDC
:102AD00060B1C0E901560EE021220421204600F039
:102AE00093FFE369F060DB68002BE4D1002070BD48
:102AF000026843F825200023C0E90333F7E700BF4D
:102B000035580108B558010870B5C66905460C4628
:102B100076B91020FFF702FF0246E86120B9094BA1
:102B200009488F2100F052FFC0E901660660C660C7
:102B30003CB1EB696268DB6853F82210216043F80E
:102B4000224070BD35580108B55801082DE9F04103
:102B50000D6907460C461E4601F1140C0020DCF8F6
:102B6000003099B202FB01611E0C0B0C02FB063314
:102B700089B2013001EB034185424CF8041B4FEA56
:102B80001346ECDC0EB3A368AB4219DC616838462F
:102B90000131FFF779FF804628B902460C4B0D48FA
:102BA000BA2100F013FF2269023204F10C019200F5
:102BB0000C30FFF702F821463846FFF7A5FF4446E0
:102BC00004EB850301355E6125612046BDE8F08197
:102BD000A4580108B5580108B0F5803F034636BF38
:102BE000030400201020B3F1807F3CBF1B0208309B
:102BF000B3F1805F3CBF1B010430B3F1804F3CBF99
:102C00009B000230002B05DB13F0804F00F1010028
:102C100008BF202070470368024613F007000BD05E
:102C2000D90721D4980749BF5B089B08012013608E
:102C30005CBF13600220704799B209B91B0C1020C9
:102C4000D9B209B908301B0A190704BF1B0904309F
:102C5000990704BF9B080230D90703D45B0800F131
:102C6000010003D013607047002070472020704798
:102C700010B50C460121FFF707FF024628B9054BA6
:102C8000054840F2451100F0A1FE012344610361B3
:102C900010BD00BFA4580108B55801082DE9F04F38
:102CA00017460A693B699A42A8BF3B468946A4BFBA
:102CB0000F4699463D69D9F810A0BB68796805EBC5
:102CC0000A06B34285B0B8BF0131FFF7DDFE30B967
:102CD0000246414B41484FF4B17100F077FE00F1DC
:102CE000140404EB860E23460022734520D307F11B
:102CF000140809F1140108EB850501EB8A0302931E
:102D0000EB1B153B23F0030304331537BD4238BFDB
:102D100004230193029B03918B420CD8002E03DD08
:102D20005EF8043D002B55D0066105B0BDE8F08F7C
:102D300043F8042BD9E7B1F800A0BAF1000F1FD077
:102D4000C446A14600275CF8042BD9F800301FFACE
:102D500082FB9BB20AFB0B333B44D9F80070120C88
:102D60003F0C0AFB027202EB13429BB243EA02439E
:102D7000654549F8043B4FEA1247E4D8019BE75008
:102D8000039BB3F802900431B9F1000F20D02368FF
:102D90004746A4464FF0000AB7F800B0BCF802203E
:102DA00009FB0B2252449BB243EA02434CF8043B1A
:102DB00057F8043B4FEA134ABCF8003009FB0A33CA
:102DC00003EB1243BD424FEA134AE5D8019AA350E0
:102DD00004349FE7013EA1E7A4580108B558010853
:102DE0002DE9F843154612F0030207460E4607D0B8
:102DF000254C013A002354F82220FFF7A7FE06468F
:102E0000AD103DD0FC697CB91020FFF787FD02466C
:102E1000F86128B91D4B1E4840F2B31100F0D6FDF1
:102E2000C0E901440460C460D7F81C80D8F80840A9
:102E30004CB940F271213846FFF71AFF0023C8F859
:102E40000800044603604FF00009EB070AD531463D
:102E500022463846FFF722FF314680463846FFF7C4
:102E600053FE46466D100BD0206838B922462146E5
:102E70003846FFF713FF2060C0F800900446E4E7EF
:102E80003046BDE8F88300BF68590108355801088D
:102E9000B55801082DE9F0470C464968236903EB52
:102EA0006218A368074691464FEA621A08F10106C4
:102EB000B3420BDB3846FFF7E7FD054648B902464B
:102EC000284B29484FF4EF7100F080FD01315B0081
:102ED000EEE7002300F1140100F1100218465345FB
:102EE00033DB20692AEAEA7A04F1140319F01F0996
:102EF00001EB8A0103EB800C2BD0C9F1200E8A462E
:102F00000022186800FA09F010434AF8040B53F83D
:102F1000042B9C4522FA0EF2F3D8ACEB0403153BCC
:102F200023F00303043304F11500604588BF042334
:102F3000CA500AB108F10206013E38462E61214608
:102F4000FFF7E2FD2846BDE8F08742F8040F0133A1
:102F5000C5E7043953F8042B41F8042F9C45F9D8F0
:102F6000EAE700BFA4580108B55801080A690346FA
:102F70000069801A30B50ED11433143103EB82048A
:102F800001EB820154F8045D51F8042D954203D001
:102F900005D24FF0FF3030BDA342F3D3FBE7012051
:102FA000F9E700002DE9F74F8946064611464846E5
:102FB0001446FFF7DBFF051E12D129463046FFF706
:102FC00063FD024628B93F4B40F237213E4800F0EE
:102FD000FDFC0123C0E90435104603B0BDE8F08FC5
:102FE000BCBF4B46A1463046D9F80410BABF1C46B8
:102FF00001250025FFF748FD024618B9314B40F284
:103000004521E3E7D9F810702669C56009F110037E
:1030100009F1140504F1140E00F1140B05EB8708F7
:103020000EEB86060193D9464FF0000C019B5EF82B
:10303000040B53F804AF01931FFA8AF3194683B2C5
:10304000CB1A000C6344C0EB1A4000EB23409BB248
:1030500043EA0043764549F8043B4FEA204CE5D863
:10306000331B153B23F0030315340433A64238BF4A
:1030700004231D445B441E462C4644450ED308F1F0
:103080000301491B21F00301033DA84538BF00217E
:103090000B4453F8041D91B117619DE754F8041BCC
:1030A000E646080C1CFA81FC714400EB2C4089B206
:1030B00041EA004146F8041B4FEA204CDDE7013F9E
:1030C000E7E700BFA4580108B55801082DE9F74308
:1030D0000F46012159EC108B1646FFF7D5FC04462C
:1030E00030B90246234B244840F20F3100F06EFC09
:1030F000C9F30A55C9F313030DB143F480130193C7
:10310000B8F1000323D068460093FFF784FDDDE9A2
:103110000012D0B1C0F1200302FA03F30B43C24006
:1031200063610192019BA361002B0CBF012202226B
:103130002261A5B1A5F2334505443D60C0F13500DB
:103140003060204603B0BDE8F0836161EAE701A882
:10315000FFF761FD019B636120300122E8E704EB8A
:103160008203A0F2324038601869FFF735FDC0EBEA
:103170004210E5E7A4580108B55801082DE9F047C9
:103180008E681F46BE420B6882460C4690462DD87C
:10319000B1F90C2012F4906F26D06569096905EB2E
:1031A0004505A3EB010905EBD5757B1C4B446D1060
:1031B0009D4238BF1D46530527D52946FFF7D8FB4A
:1031C000064660B321694A46FEF7F7FCA38923F45B
:1031D000906343F08003A381266165614E44A5EBB3
:1031E00009052660A5603E46BE4200D93E462068DD
:1031F0003246414600F09EFBA3689B1BA3602368F8
:10320000334423600020BDE8F0872A4600F022FC0A
:1032100006460028E0D121695046FFF735FB0C2314
:10322000CAF80030A38943F04003A3814FF0FF3078
:10323000E9E700002DE9F04F98468B891B069DB009
:1032400007460D46144610D50B6973B94021FFF7A8
:103250008FFB2860286130B90C233B604FF0FF30B2
:103260001DB0BDE8F08F40236B610023099320233C
:103270008DF82930CDF80C803023DFF89C818DF853
:103280002A304FF0010923469A4613F8012B0AB160
:10329000252AF9D1BAEB040B0BD05B46224629460E
:1032A0003846FFF76BFF013000F0A780099A5A44B7
:1032B00009929AF80030002B00F09F8000234FF015
:1032C000FF32CDE905230AF1010A049307938DF833
:1032D00053301A935446052214F8011B4E48ECF75C
:1032E0005FFF049AD8B9D00644BF20238DF853302D
:1032F000110744BF2B238DF853309AF800302A2B46
:1033000015D0079A544600204FF00A0C214611F8B8
:10331000013B303B092B4BD9B0B1079214E0A0EB35
:10332000080309FA03F313430493A246D2E7039B6D
:10333000191D1B680391002BBBBF5B4242F00202C8
:1033400007930793B8BF049223782E2B0AD1637892
:103350002A2B32D1039B1A1D1B68039243EAE373A5
:1033600002340593DFF8C0A0217803225046ECF721
:1033700017FF38B1049BA0EB0A00402282401343A0
:103380000134049314F8011B24488DF828100622F8
:10339000ECF706FF002836D0214B1BBB039B0733FD
:1033A00023F0070308330393099B334409936AE727
:1033B0000CFB02320C460120A8E7002301340593E0
:1033C00019464FF00A0C204610F8012B303A092A12
:1033D00003D9002BC6D00591C4E70CFB012104469C
:1033E0000123F0E703AB00932A460E4B04A93846AD
:1033F000FDF77AFD421C0646D6D1AB895B063FF548
:103400002DAF09982CE703AB00932A46054B04A97E
:103410003846FEF701F8EDE70E5901081859010882
:10342000E90E01087D310108145901089368013B38
:10343000002B10B4936008DA9469A34201DB0A29D7
:1034400003D15DF8044BFEF7A4BA1368581C106052
:10345000197008465DF8044B7047F8B506460F46EC
:103460001446D518AC4201D1002007E014F8011B26
:103470003A463046FFF7DAFF431CF3D1F8BD0000AF
:103480002DE9F04F0D469DB014469846064618B1FA
:10349000036A0BB9FEF76AF96B6ED90705D4AB89DD
:1034A0009A0502D4A86DFEF786FBAB891B0701D5F0
:1034B0002B699BB929463046FEF7AAFA70B16B6EAC
:1034C000DC0704D54FF0FF301DB0BDE8F08FAB89AD
:1034D0009805F7D4A86DFEF76FFBF3E70023099377
:1034E00020238DF82930CDF80C803023DFF8AC8113
:1034F0008DF82A304FF0010923469A4613F8012B24
:103500000AB1252AF9D1BAEB040B0BD05B4622464F
:1035100029463046FFF7A1FF013000F0A780099A45
:103520005A4409929AF80030002B00F09F80002343
:103530004FF0FF32CDE905230AF1010A0493079306
:103540008DF853301A935446052214F8011B534842
:10355000ECF726FE049AD8B9D10644BF20238DF893
:103560005330130744BF2B238DF853309AF80030A3
:103570002A2B15D0079A544600204FF00A0C2146FA
:1035800011F8013B303B092B4BD9B0B1079214E045
:10359000A0EB080309FA03F313430493A246D2E70E
:1035A000039B191D1B680391002BBBBF5B4242F0BC
:1035B000020207930793B8BF049223782E2B0AD1F7
:1035C00063782A2B32D1039B1A1D1B68039243EAAE
:1035D000E37302340593DFF8D4A021780322504628
:1035E000ECF7DEFD38B1049BA0EB0A0040228240DC
:1035F00013430134049314F8011B29488DF8281053
:103600000622ECF7CDFD00283FD0264B1BBB039BC9
:10361000073323F0070308330393099B3B440993C3
:103620006AE70CFB02320C460120A8E700230134B4
:10363000059319464FF00A0C204610F8012B303A3A
:10364000092A03D9002BC6D00591C4E70CFB012140
:1036500004460123F0E703AB00932A46124B04A96A
:103660003046FDF741FC0746781CD6D16B6ED90772
:1036700005D4AB899A0502D4A86DFEF79DFAAB89F3
:103680005B063FF51FAF09981EE703AB00932A4680
:10369000054B04A93046FDF7BFFEE4E70E590108CB
:1036A00018590108E90E01085B3401081459010892
:1036B000B1F90C202DE9F041160705460C4654D40B
:1036C0004B68002B02DC0B6C002B48DDE66A002EF9
:1036D00045D0002312F480522F68216A2B6030D02D
:1036E000626DA389590705D56368D21A636B0BB164
:1036F000236CD21A0023E66A216A2846B047431C8D
:10370000A38906D129681D292BD82A4ACA40D60781
:1037100027D500226260D9042269226004D5421CA8
:1037200001D12B6803B96065616B2F60B9B104F1F9
:103730004403994202D02846FFF7A6F800236363AA
:103740000DE001232846B0470246501CC9D12B6822
:10375000002BC6D01D2B01D0162B1ED12F600020B0
:1037600022E043F040031BB21BE00F69002FF6D0AC
:1037700093070E6808BF4B690F6018BF0023A6EBC4
:1037800007088B60B8F1000FE9DD216AA66A43469D
:103790003A462846B047002808DCB4F90C3043F01C
:1037A0004003A3814FF0FF30BDE8F0810744A8EB50
:1037B0000008E7E70100402038B50B6905460C46D4
:1037C00013B90025284638BD18B1036A0BB9FDF7B7
:1037D000CDFFB4F90C30002BF3D0626ED00704D4C7
:1037E000990502D4A06DFEF7E6F928462146FFF7B9
:1037F0005FFF636EDA070546E4D4A3899B05E1D435
:10380000A06DFEF7D9F9DDE770B50C46B1F90E10E1
:10381000002996B015461E460DDAA38913F0800FD5
:103820004FF0000114BF40234FF48063002031604B
:103830002B6016B070BD6A4600F096F80028ECDBED
:10384000019901F47041A1F50053594259414FF4D7
:103850008063EBE78B89F7B59D0706460C4607D5D5
:1038600004F14703236023610123636103B0F0BDCA
:1038700001AB6A46FFF7C8FF009F05463946304650
:10388000FFF776F848B9B4F90C309A05EED423F076
:10389000030343F00203A381E2E7A389206043F01E
:1038A0008003A381019BC4E904075BB1B4F90E1046
:1038B000304600F06BF828B1A38923F0030343F0EE
:1038C0000103A381A3891D43A581CFE770B50D46F0
:1038D0001446064618B1036A0BB9FDF747FF636E3D
:1038E000D80705D4A389990502D4A06DFEF763F922
:1038F000A368013B002BA36005DAA269934212DBA7
:10390000EBB20A2B0FD023685A1C22601D70EDB257
:10391000636EDA0705D4A3899B0502D4A06DFEF778
:103920004BF9284670BD294622463046FEF731F84D
:103930000546EDE7884210B501EB020402D9844246
:10394000234607D8431EA14208D011F8012B03F8E3
:10395000012FF8E7024401468A4200D110BD13F856
:10396000014D02F8014DF7E738B5074D0023044635
:10397000084611462B60EFF7FDFC431C02D12B6873
:1039800003B1236038BD00BF781E002038B5064D56
:103990000023044608462B60EFF7FCFC431C02D1D1
:1039A0002B6803B1236038BD781E002038B5064D62
:1039B0000023044608462B60EFF704FD431C02D1A8
:1039C0002B6803B1236038BD781E00201FB5144654
:1039D0001A46094B1B680546D8684CB1074B009145
:1039E000CDE9013406492B4600F070F800F080F86C
:1039F000044B1C46F3E700BFC8000020295901080A
:103A0000365901086459010870B5A1FB025434B954
:103A10002946FEF7ADFF064628B9304670BD0C2298
:103A200002600026F9E72A462146FEF747F8F4E748
:103A300082B001B901A942B14BB113780B60127881
:103A4000101E18BF012002B070471046FBE76FF050
:103A50000100F8E72DE9F041074614460D4621B96B
:103A6000BDE8F0411146FEF783BF2AB9FEF70CFF0F
:103A700025462846BDE8F08100F041F8844206461C
:103A800002D8B4EB500FF4D821463846FEF770FF49
:103A9000804608B94546ECE7B4422246294628BF8D
:103AA0003246FEF78AF829463846FEF7EDFEF1E782
:103AB0000346084641B1FF2A04D98A221A604FF012
:103AC000FF3070470A700120704700000EB403B544
:103AD000014603AB054853F8042B00680193FFF738
:103AE000CFFC02B05DF804EB03B07047C8000020C3
:103AF00008B5062000F034F80120EFF707FC51F874
:103B0000043C181F002BBCBF0B58C01870471F295E
:103B100038B505460C4604D9162303604FF0FF3034
:103B200038BDC26B12B152F821304BB9284600F0B3
:103B300031F8224601462846BDE8384000F018B862
:103B4000012B0AD0591C03D1162303600120E7E79B
:103B5000002142F82410204698470020E0E70000AA
:103B6000024B01461868FFF7D2BF00BFC800002013
:103B700038B5074D00230446084611462B60EFF781
:103B8000B5FB431C02D12B6803B1236038BD00BFD5
:103B9000781E0020EFF7A2BBF8B500BFF8BC08BC48
:103BA0009E467047F8B500BFF8BC08BC9E467047FB
:103BB000000000000000000000000000FC500108B0
:103BC000E4010320E80103202604040053542042AA
:103BD0004C452050325020536572766572000000CB
:103BE000576972656C657373204669726D7761728F
:103BF000652076657273696F6E2025642E25642EAC
:103C000025640A00576972656C6573732046697292
:103C10006D77617265206275696C642025640A00A5
:103C20004655532076657273696F6E2025642E2584
:103C3000642E25640A0000003E3E3D3D205348436B
:103C4000495F5355425F4556545F434F44455F5269
:103C5000454144590A0D00003E3E3D3D2053484336
:103C6000495F5355425F4556545F4552524F525F2C
:103C70004E4F544946200A0D000000003E3E3D3D97
:103C800020534843495F5355425F4556545F424C69
:103C9000455F4E564D5F52414D5F5550444154452E
:103CA000202D2D20424C45204E564D2052414D2076
:103CB000484153204245454E2055504441544544C7
:103CC000204259204350553220000000202020205F
:103CD000202D205374617274416464726573732083
:103CE0003D20256C78202C2053697A65203D2025C5
:103CF0006C640A003D3D3E3E20534843495F5355A6
:103D0000425F4556545F4E564D5F53544152545F87
:103D10005752495445203A204E756D6265724F6680
:103D2000576F726473203D20256C640A0000000008
:103D30003E3E3D3D20534843495F5355425F455603
:103D4000545F4E564D5F454E445F57524954450AA5
:103D50000D0000003D3D3E3E534843495F535542F0
:103D60005F4556545F4E564D5F53544152545F4524
:103D700052415345203A204E756D6265724F66532D
:103D80006563746F7273203D20256C640A00000027
:103D90003E3E3D3D20534843495F5355425F4556A3
:103DA000545F4E564D5F454E445F45524153450A60
:103DB0000D0000003E3E3D3D20534843495F5355B2
:103DC000425F4556545F4552524F525F4E4F5449E1
:103DD00046205749544820524541534F4E2025789C
:103DE000200A0D003E3E3D3D20534843495F535558
:103DF000425F4556545F4552524F525F4E4F5449B1
:103E000046205749544820524541534F4E202D20BB
:103E10004552525F424C455F494E495420000000D4
:103E20003E3E3D3D20534843495F5355425F455612
:103E3000545F4552524F525F4E4F544946205749A6
:103E4000544820524541534F4E202D20424C45208E
:103E50004552524F522000003E3E3D3D20574952B0
:103E6000454C4553535F46575F52554E4E494E475A
:103E7000200000003E3E3D3D204442474D43555FFB
:103E80004765745265766973696F6E49443D2025B4
:103E90006C78200A0D0000003E3E3D3D2044424724
:103EA0004D43555F47657444657669636549443D94
:103EB00020256C78200A0D003E3E3D3D20534843AE
:103EC000495F5355425F4556545F434F44455F52E7
:103ED00045414459202D204655535F46575F525562
:103EE0004E4E494E47200A0D000000003E3E3D3D2B
:103EF00020534843495F5355425F4556545F434FF3
:103F000044455F5245414459202D20554E45585057
:103F100045435445442043415345200A0D000000C9
:103F200072656365697665642025730A0000000088
:103F300053573100535731204F4B00005357320035
:103F4000535732204F4B00004E4F54205245434FA1
:103F5000474E495A454420434F4D4D414E44203A27
:103F60002025730A0000000020204661696C202093
:103F7000203A20534843495F43325F424C455F49F2
:103F80006E697420636F6D6D616E642C2072657351
:103F9000756C743A203078253032780A0D000000B4
:103FA0002020537563636573733A20534843495F18
:103FB00043325F424C455F496E697420636F6D6D9B
:103FC000616E640A0D00000020204661696C2020AB
:103FD000203A206163695F68616C5F7365745F722A
:103FE0006164696F5F61637469766974795F6D613B
:103FF000736B20636F6D6D616E642C2072657375D9
:104000006C743A2030782578200A0D0020205375F2
:1040100063636573733A206163695F68616C5F73A2
:1040200065745F726164696F5F61637469766974F6
:10403000795F6D61736B20636F6D6D616E640A0DE6
:104040000000000042445F61643D25303278253035
:104050003278253032782530327825303278253064
:1040600032780000424C4520537461636B3D7625E5
:10407000642E25642E2564004272616E63683D25BE
:104080006420547970653D25640000004655532036
:104090007625642E25642E256400000053542042AA
:1040A0004C452050325020536572766572000000F6
:1040B0004144564552544953494E47003E3E3D3DCA
:1040C000204843495F444953434F4E4E454354496A
:1040D0004F4E5F434F4D504C4554455F4556545FDE
:1040E000434F44450000000020202020202D204385
:1040F0006F6E6E656374696F6E2048616E646C6587
:104100003A202020307825780A20202020202D20D9
:10411000526561736F6E3A20202020307825780A2E
:104120000D0000003E3E3D3D204843495F4C455F49
:10413000434F4E4E454354494F4E5F5550444154B2
:10414000455F434F4D504C4554455F53554245568E
:10415000545F434F4445000020202020202D204361
:104160006F6E6E656374696F6E20496E74657276EA
:10417000616C3A202020252E3266206D730A2020A3
:104180002020202D20436F6E6E656374696F6E2052
:104190006C6174656E63793A2020202025640A20C2
:1041A000202020202D205375706572766973696F09
:1041B0006E2054696D656F75743A202564206D73A7
:1041C0000A0D00003D3D3E3E204843495F4C455F9F
:1041D0005048595F5550444154455F434F4D504CF2
:1041E0004554455F5355424556545F434F4445201F
:1041F0002D200000737461747573206F6B200000B4
:10420000737461747573206E6F6B20003D3D3E3E8C
:10421000206863695F6C655F726561645F7068796F
:10422000203A206661696C0A0D0000003D3D3E3E6B
:10423000206863695F6C655F726561645F7068794F
:10424000202D205375636365737320003D3D3E3E12
:104250002050485920506172616D202054583D20F3
:1042600025642C2052583D202564200A0D000000B2
:104270003E3E3D3D204843495F4C455F434F4E4ED7
:10428000454354494F4E5F434F4D504C4554455F55
:104290005355424556545F434F4445202D20436FAC
:1042A0006E6E656374696F6E2068616E646C653AEA
:1042B00020307825780A000020202020202D20435F
:1042C0006F6E6E656374696F6E2065737461626C86
:1042D000697368656420776974682043656E7472D9
:1042E000616C3A20403A253032783A253032783ABB
:1042F000253032783A253032783A253032783A25EE
:104300003032780A00000000434F4E454354414488
:104310004F0000003E3E3D3D204143495F47415034
:104320005F4C494D495445445F444953434F5645BA
:104330005241424C455F56534556545F434F4445A6
:10434000200000003E3E3D3D204143495F47415033
:104350005F504153535F4B45595F5245515F565330
:104360004556545F434F4445200000003D3D3E3ECE
:10437000206163695F6761705F706173735F6B6514
:10438000795F72657370203A204661696C2C2072E7
:104390006561736F6E3A20307825780A000000005E
:1043A0003D3D3E3E206163695F6761705F70617390
:1043B000735F6B65795F72657370203A2053756324
:1043C00063657373200000003E3E3D3D204143493C
:1043D0005F4741505F415554484F52495A415449F3
:1043E0004F4E5F5245515F56534556545F434F44BD
:1043F000450000003D3D3E3E204143495F4741505E
:104400005F424F4E445F4C4F53545F565345565492
:104410005F434F44452000003D3D3E3E20616369BF
:104420005F6761705F616C6C6F775F7265626F6E02
:1044300064203A204661696C2C20726561736F6E4E
:104440003A20307825780A003D3D3E3E2061636980
:104450005F6761705F616C6C6F775F7265626F6ED2
:1044600064203A2053756363657373200000000075
:104470003E3E3D3D204143495F4741505F414444FA
:10448000525F4E4F545F5245534F4C5645445F5612
:10449000534556545F434F44452000003E3E3D3D4A
:1044A000204143495F4741505F4B45595052455366
:1044B000535F4E4F54494649434154494F4E5F560E
:1044C000534556545F434F44450000003E3E3D3D3A
:1044D000204143495F4741505F4E554D4552494346
:1044E0005F434F4D50415249534F4E5F56414C55DB
:1044F000455F56534556545F434F44450000000006
:1045000020202020202D206E756D657269635F76F6
:10451000616C7565203D20256C640A0020202020F8
:10452000202D204865785F76616C7565203D2025DB
:104530006C780A003D3D3E3E206163695F676170B3
:104540005F6E756D657269635F636F6D70617269CF
:10455000736F6E5F76616C75655F636F6E666972AF
:104560006D5F7965736E6F2D2D3E594553203A204E
:104570004661696C2C20726561736F6E3A203078E9
:1045800025780A003D3D3E3E206163695F676170AA
:104590005F6E756D657269635F636F6D706172697F
:1045A000736F6E5F76616C75655F636F6E6669725F
:1045B0006D5F7965736E6F2D2D3E594553203A20FE
:1045C0005375636365737320000000003E3E3D3DFC
:1045D000204143495F4741505F50414952494E474E
:1045E0005F434F4D504C4554455F56534556545FBD
:1045F000434F44450000000020202020202D205063
:10460000616972696E672053756363657373000037
:1046100020202020202D2050616972696E67204B78
:104620004F200A20202020202D20537461747573A0
:104630003A20307825780A20202020202D2052652D
:1046400061736F6E3A20307825780A003E3E3D3D1A
:10465000204143495F4741505F50524F435F434FB2
:104660004D504C4554455F56534556545F434F4457
:1046700045200D003E3E3D3D204143495F474154AA
:10468000545F494E4449434154494F4E5F56534548
:1046900056545F434F4445200D0000003D3D3E3ED3
:1046A00020537461727420426C655F4863695F4790
:1046B00061705F476174745F496E69742066756EDE
:1046C0006374696F6E00000020204661696C2020D1
:1046D000203A206863695F726573657420636F6D4B
:1046E0006D616E642C20726573756C743A2030783D
:1046F0002578200A0000000020205375636365734D
:10470000733A206863695F726573657420636F6DC7
:104710006D616E640000000020204661696C2020FD
:10472000203A206163695F68616C5F7772697465C4
:104730005F636F6E6669675F6461746120636F6D4C
:104740006D616E64202D20434F4E4649475F4441C2
:1047500054415F5055424C49435F41444452455394
:10476000535F4F46465345542C20726573756C74E5
:104770003A2030782578200A000000002020537568
:1047800063636573733A206163695F68616C5F7727
:10479000726974655F636F6E6669675F6461746197
:1047A00020636F6D6D616E64202D20434F4E46492E
:1047B000475F444154415F5055424C49435F414437
:1047C00044524553535F4F46465345540000000042
:1047D00020205075626C696320426C7565746F6F40
:1047E000746820416464726573733A2025303278AE
:1047F0003A253032783A253032783A253032783AD4
:10480000253032783A253032780A0000202046617F
:10481000696C2020203A206163695F68616C5F7772
:10482000726974655F636F6E6669675F6461746106
:1048300020636F6D6D616E64202D20434F4E46499D
:10484000475F444154415F49525F4F464653455488
:104850002C20726573756C743A2030782578200AA4
:10486000000000002020537563636573733A206174
:1048700063695F68616C5F77726974655F636F6EAF
:104880006669675F6461746120636F6D6D616E64FA
:10489000202D20434F4E4649475F444154415F49D4
:1048A000525F4F46465345540000000020204661A9
:1048B000696C2020203A206163695F68616C5F77D2
:1048C000726974655F636F6E6669675F6461746166
:1048D00020636F6D6D616E64202D20434F4E4649FD
:1048E000475F444154415F45525F4F4646534554EC
:1048F0002C20726573756C743A2030782578200A04
:10490000000000002020537563636573733A2061D3
:1049100063695F68616C5F77726974655F636F6E0E
:104920006669675F6461746120636F6D6D616E6459
:10493000202D20434F4E4649475F444154415F4537
:10494000525F4F4646534554000000002020466108
:10495000696C2020203A206163695F68616C5F7335
:1049600065745F74785F706F7765725F6C6576658C
:104970006C20636F6D6D616E642C20726573756C55
:10498000743A2030782578200A00000020205375E2
:1049900063636573733A206163695F68616C5F7319
:1049A00065745F74785F706F7765725F6C6576654C
:1049B0006C20636F6D6D616E6400000020204661A5
:1049C000696C2020203A206163695F676174745FBD
:1049D000696E697420636F6D6D616E642C20726501
:1049E00073756C743A2030782578200A0000000036
:1049F0002020537563636573733A206163695F6751
:104A00006174745F696E697420636F6D6D616E644B
:104A100000000000503250535256310020204661B1
:104A2000696C2020203A206163695F6761705F696B
:104A30006E697420636F6D6D616E642C2072657396
:104A4000756C743A2030782578200A002020537540
:104A500063636573733A206163695F6761705F695F
:104A60006E697420636F6D6D616E64002020466115
:104A7000696C2020203A206863695F6C655F73650C
:104A8000745F64656661756C745F70687920636FCC
:104A90006D6D616E642C20726573756C743A203094
:104AA000782578200A000000202053756363657321
:104AB000733A206863695F6C655F7365745F6465F2
:104AC0006661756C745F70687920636F6D6D616E7F
:104AD0006400000020204661696C2020203A20619B
:104AE00063695F6761705F7365745F696F5F63615E
:104AF000706162696C69747920636F6D6D616E6459
:104B00002C20726573756C743A2030782578200AF1
:104B1000000000002020537563636573733A2061C1
:104B200063695F6761705F7365745F696F5F63611D
:104B3000706162696C69747920636F6D6D616E6418
:104B40000000000020204661696C2020203A20618E
:104B500063695F6761705F7365745F6175746865D1
:104B60006E7469636174696F6E5F72657175697285
:104B7000656D656E7420636F6D6D616E642C20725F
:104B80006573756C743A2030782578200A0000002F
:104B90002020537563636573733A206163695F67AF
:104BA00061705F7365745F61757468656E74696365
:104BB0006174696F6E5F726571756972656D656E3E
:104BC0007420636F6D6D616E64000000202046618B
:104BD000696C2020203A206163695F6761705F63C0
:104BE0006F6E6669677572655F77686974656C6911
:104BF000737420636F6D6D616E642C2072657375C4
:104C00006C743A2030782578200A000020205375F3
:104C100063636573733A206163695F6761705F63A3
:104C20006F6E6669677572655F77686974656C69D0
:104C3000737420636F6D6D616E6400003D3D3E3E98
:104C400020456E6420426C655F4863695F47617010
:104C50005F476174745F496E69742066756E637432
:104C6000696F6E0A0D0000003D3D3E3E20616369A4
:104C70005F6761705F7365745F6E6F6E5F646973A9
:104C8000636F76657261626C65202D2053746F705E
:104C9000204164766572746973696E672046616944
:104CA0006C6564202C20726573756C743A202564E1
:104CB000200A00003D3D3E3E206163695F676170F0
:104CC0005F7365745F6E6F6E5F646973636F766543
:104CD0007261626C65202D20537563636573736622
:104CE000756C6C792053746F7070656420416476C4
:104CF0006572746973696E67200000003D3D3E3E39
:104D0000206163695F6761705F7365745F64697375
:104D1000636F76657261626C65202D206661696CD7
:104D20002C20726573756C743A2030782578200ACF
:104D3000000000003D3D3E3E206163695F67617099
:104D40005F7365745F646973636F76657261626CCB
:104D500065202D2053756363657373003D3D3E3EB2
:104D600020537461727420466173742041647665C7
:104D700072746973696E67204661696C6564202C82
:104D800020726573756C743A202564200A0D00004A
:104D90003D3D3E3E205374617274204C6F7720502D
:104DA0006F776572204164766572746973696E67A6
:104DB000204661696C6564202C20726573756C7483
:104DC0003A202564200A0D003D3D3E3E2053756388
:104DD000636573733A20537461727420466173740F
:104DE000204164766572746973696E67200A0D00EC
:104DF0003D3D3E3E20537563636573733A205374A3
:104E0000617274204C6F7720506F77657220416417
:104E1000766572746973696E67200A0D0000000080
:104E20002A2A2053544F5020414456455254495346
:104E3000494E47202A2A20204661696C6564200D6E
:104E40000A0D000020200D0A0D0000002A2A205320
:104E5000544F50204144564552544953494E4720DF
:104E60002A2A20200D0A0D00424C455F5356435F0D
:104E70004C324341505F436F6E6E5F557064617496
:104E80006528292C204661696C6564200D0A0D0097
:104E9000424C455F5356435F4C324341505F436F32
:104EA0006E6E5F55706461746528292C205375639C
:104EB0006365737366756C6C79200D0A0D000000D4
:104EC00052657120434F4E4E20494E543A203530A2
:104ED0006D73000052657120434F4E4E20494E5471
:104EE0003A203173202000002D2D205032502041D7
:104EF00050504C49434154494F4E2053455256451A
:104F000052203A204E4F54494649434154494F4E4E
:104F100020454E41424C454400000000200A0D004F
:104F20002D2D20503250204150504C49434154497E
:104F30004F4E20534552564552203A204E4F544929
:104F40004649434154494F4E2044495341424C4500
:104F5000440000002D2D20503250204150504C492B
:104F6000434154494F4E2053455256455220203A12
:104F7000204C454431204F4E000000002D2D205084
:104F80003250204150504C49434154494F4E2053D8
:104F9000455256455220203A204C454431204F4638
:104FA000460000002D2D20503250204150504C49D9
:104FB000434154494F4E20534552564552203120CB
:104FC0003A204C454431204F4E0000002D2D2050FA
:104FD0003250204150504C49434154494F4E205388
:104FE00045525645522031203A204C454431204FFD
:104FF00046460000425554544F4E2D3120535441E3
:105000005455533A20310000425554544F4E2D31DF
:10501000205354415455533A203000002D2D205038
:105020003250204150504C49434154494F4E205337
:10503000455256455220203A20494E464F524D2067
:10504000434C49454E5420425554544F4E20312034
:10505000505553484544200A200000002D2D205073
:105060003250204150504C49434154494F4E2053F7
:105070004552564552203A2043414E275420494E2E
:10508000464F524D20434C49454E54202D20204E32
:105090004F54494649434154494F4E204449534196
:1050A000424C45440A200000120000002400000089
:1050B0003600000040000000060000000C00000068
:1050C00010000000000000000100000002000000CD
:1050D000030000002D2D2047415454203A204C4518
:1050E0004420434F4E46494755524154494F4E2064
:1050F0005245434549564544000000000000004821
:10510000010000000000004801000000000000480D
:1051100001000000000000480100000000000048FD
:1051200001000000000000480100000000000048ED
:1051300001000000000000480100000000000048DD
:1051400001000000000000480100000000000048CD
:1051500001000000000000480100000000000048BD
:1051600001000000000000480100000000000048AD
:10517000010000000000004801000000000000489D
:10518000010000000000004801000000000000488D
:10519000010000000000004801000000000000487D
:1051A000010000000000004801000000000000486D
:1051B000010000000000004801000000000000485D
:1051C000010000000000004801000000000000484D
:1051D000010000000000004801000000000000483D
:1051E000010000000000004801000000000000482D
:1051F000010000000000004801000000000000481D
:10520000010000000000004801000000000000480C
:1052100001000000000000480100000000000048FC
:105220000100000000000048010000006C7AD8ACCA
:1052300057720000123456789ABCDEF01234567859
:105240009ABCDEF0FEDCBA0987654321FEDCBA09B0
:10525000876543210943454E5452414C00100020BC
:10526000282800000C0000160D00001600000000A9
:1052700008000000100000001800000020000000DE
:1052800028000000300000003800000051680008CD
:10529000B56800082169000889690008F1690008FB
:1052A000C16A0008116B0008C16600083167000878
:1052B00000000000916600080100000003000000EB
:1052C00005000000010000000100000006000000D1
:1052D0000A0000002000000002000000040000009E
:1052E00008000000100000004000000080000000E6
:1052F00000010000000200000000000000000000AB
:10530000000000000000000001000000020000009A
:105310000300000004000000A0860100400D03000F
:10532000801A060000350C0040420F0080841E00E9
:1053300000093D0000127A000024F40000366E01DE
:105340000048E801006CDC020000000000000000E2
:105350000000000000000000010002000400060040
:1053600008000A000C00100020004000800000012E
:105370000101010307010000080402040801010102
:1053800000000000000000000000000000101010ED
:105390001010000010000000006C484800000000E1
:1053A00000000000001414287C287C2850500000C5
:1053B0000010384040384870101000000020502085
:1053C0000C70081408000000000000182020544849
:1053D0003400000000101010100000000000000059
:1053E00000080810101010101008080000202010ED
:1053F000101010101020200000107C102828000031
:10540000000000000000101010FE1010100000003E
:105410000000000000000018103020000000000014
:10542000007C0000000000000000000000000030D0
:105430003000000000040408081010202040000084
:105440000038444444444444380000000030101004
:10545000101010107C000000003844040810204494
:105460007C000000003844041804044438000000A4
:10547000000C141424447E040E000000003C202084
:105480003804044438000000001C204078444444A0
:1054900038000000007C44040808081010000000D8
:1054A0000038444438444444380000000038444440
:1054B000443C040870000000000000303000003060
:1054C0003000000000000018180000183020000014
:1054D00000000C10608060100C0000000000000054
:1054E0007C007C00000000000000C0201804182090
:1054F000C000000000001824040810003000000064
:105500003844444C54544C40443800000030102877
:1055100028287C44EE00000000F8444478444444C9
:10552000F8000000003C4440404040443800000087
:1055300000F0484444444448F000000000FC44505B
:1055400070504044FC000000007E222838282020B3
:1055500070000000003C4440404E444438000000CD
:1055600000EE44447C444444EE000000007C1010F3
:10557000101010107C000000003C08080848484843
:105580003000000000EE444850704844E60000003F
:1055900000702020202024247C00000000EE6C6C91
:1055A00054544444EE00000000EE64645454544CDF
:1055B000EC000000003844444444444438000000F7
:1055C000007824242438202070000000003844444F
:1055D00044444444381C000000F84444447848449F
:1055E000E200000000344C4038040464580000001D
:1055F00000FE9210101010103800000000EE44441D
:10560000444444443800000000EE44442828281054
:105610001000000000EE444454545454280000008C
:1056200000C6442810102844C600000000EE44289C
:105630002810101038000000007C4408101020448E
:105640007C0000000038202020202020202038006E
:10565000004020202010100808080000003808082A
:105660000808080808083800001010284400000046
:10567000000000000000000000000000000000FE2C
:1056800000100800000000000000000000000038CA
:10569000443C44443E00000000C04058644444443C
:1056A000F80000000000003C444040443800000086
:1056B000000C04344C4444443E0000000000003818
:1056C000447C40403C000000001C207C2020202026
:1056D0007C000000000000364C4444443C04380088
:1056E00000C0405864444444EE00000000100070C4
:1056F000101010107C000000001000780808080846
:105700000808700000C0405C48705048DC00000091
:1057100000301010101010107C000000000000E895
:1057200054545454FE000000000000D86444444423
:10573000EE000000000000384444444438000000FB
:10574000000000D8644444447840E0000000003683
:105750004C4444443C040E000000006C30202020E7
:105760007C0000000000003C443804447800000045
:105770000000207C202020221C000000000000CC23
:105780004444444C36000000000000EE4444282805
:1057900010000000000000EE4454545428000000A3
:1057A000000000CC48303048CC000000000000EE83
:1057B00044242818101078000000007C4810204471
:1057C0007C000000000810101010201010100800BD
:1057D00000101010101010101010000000201010F9
:1057E00010100810101020000000000000245800C5
:1057F00000000000494E4600696E66004E414E00B2
:105800006E616E003000303132333435363738391E
:10581000414243444546003031323334353637381F
:105820003961626364656600496E66696E697479A0
:10583000004E614E005245454E54206D616C6C6FB8
:105840006320737563636565646564002F627569C1
:105850006C642F676E752D746F6F6C732D666F722D
:105860002D73746D33325F31332E332E72656C318C
:105870002E32303234303932362D313731352F73C4
:1058800072632F6E65776C69622F6E65776C6962E3
:105890002F6C6962632F7374646C69622F64746F18
:1058A000612E630042616C6C6F6320737563636586
:1058B00065646564002F6275696C642F676E752D71
:1058C000746F6F6C732D666F722D73746D33325FEE
:1058D00031332E332E72656C312E32303234303902
:1058E00032362D313731352F7372632F6E65776CF9
:1058F00069622F6E65776C69622F6C6962632F73C2
:1059000074646C69622F6D707265632E6300232D61
:10591000302B2000686C4C006566674546470043A5
:1059200000504F534958002E002C2066756E63744A
:10593000696F6E3A2000617373657274696F6E20CF
:1059400022257322206661696C65643A2066696C61
:105950006520222573222C206C696E652025642524
:105960007325730A00000000050000001900000004
:105970007D000000000000000080E03779C3414353
:10598000176E05B5B5B89346F5F93FE9034F384DA5
:10599000321D30F94877825A3CBF737FDD4F157551
:1059A000000000000000F03F000000000000244064
:1059B00000000000000059400000000000408F403F
:1059C000000000000088C34000000000006AF840AA
:1059D0000000000080842E4100000000D0126341CE
:1059E0000000000084D797410000000065CDCD4144
:1059F000000000205FA00242000000E87648374225
:105A0000000000A2941A6D42000040E59C30A242C2
:105A10000000901EC4BCD64200003426F56B0C4337
:105A20000080E03779C3414300A0D88557347643DE
:105A300000C84E676DC1AB43003D9160E458E1433F
:105A4000408CB5781DAF154450EFE2D6E41A4B44B4
:105A500092D54D06CFF08044F64AE1C7022DB544F9
:105A6000B49DD9794378EA440020202020202020CA
:105A700020202828282828202020202020202020FE
:105A8000202020202020202020881010101010100E
:105A9000101010101010101010040404040404045A
:105AA00004040410101010101010414141414141F4
:105AB00001010101010101010101010101010101D6
:105AC00001010101101010101010424242424242E6
:105AD00002020202020202020202020202020202A6
:105AE000020202021010101020000000000000004E
:105AF00000000000000000000000000000000000A6
:105B00000000000000000000000000000000000095
:105B10000000000000000000000000000000000085
:105B20000000000000000000000000000000000075
:105B30000000000000000000000000000000000065
:105B40000000000000000000000000000000000055
:105B50000000000000000000000000000000000045
:0C5B600000000000000000000000000039
:085B6C0014A6FE7F01000000F9
:045B740065010008BF
:045B780041010008DF
:105B7C000000484200007A440DFF01830000000041
:105B8C000000000000000000294E0008C14F000872
:105B9C00035000081D5000089950000815510008CA
:105BAC002F51000849510008635100089951000811
:105BBC00555A0008A15A0008235B0008315C000804
:105BCC00715C00087D510008AD520008D5540008E6
:105BDC0061570008F1570008415800089158000817
:105BEC007D590008E5580008F1590008235A0008AF
:105BFC000008004800080048C3600008D160000895
:105C0C000F0000000F00000000093D001000000014
:105C1C00010100008053010807000C00FFFFFFFF8B
:105C2C00FFFFFFFF00000000030000003C1D0020F0
:105C3C00CC000020000000003C1D0020A41D002012
:105C4C000C1E0020000000000000000000000000FE
:105C5C000000000000000000000000000000000038
:105C6C000000000000000000000000000000000028
:105C7C000000000000000000000000000000000018
:105C8C0043000000000000000000000000000000C5
:105C9C0000000000000000000000000000000000F8
:105CAC0043000000000000000000000000000000A5
:105CBC0000000000000000000000000000000000D8
:105CCC004300000000000000000000000000000085
:105CDC0000000000000000000000000000000000B8
:105CEC004300000000000000000000000000000065
:105CFC000000000000000000000000000000000098
:105D0C004300000000000000000000000000000044
:105D1C000000000000000000000000000000000077
:105D2C004300000000000000000000000000000024
:105D3C000000000000000000000000000000000057
:105D4C004300000000000000000000000000000004
:105D5C000000000000000000000000000000000037
:105D6C00B13A0108313A010800000000685A0108F4
:105D7C00275901086459010864590108645901083C
:105D8C0064590108645901086459010864590108EF
:105D9C006459010864590108FFFFFFFFFFFFFFFF73
:105DAC00FFFFFFFFFFFF0000010041534349490083
:105DBC0000000000000000000000000000000000D7
:105DCC00000000000000000000004153434949005E
:105DDC0000000000000000000000000000000000B7
:0C5DEC00000000000000000000000000AB
:105DF800000000000000000000000000000000009B
:105E0800000000000000000000000000000000008A
:055E1800000000000085
:105E1D000000000000000000000000000000000075
:015E2D000074
:0400000508000EBD24
:00000001FF
