2025-12-28 09:17:56,941 [INFO] Activator:176 - 


2025-12-28 09:17:56,947 [INFO] Activator:177 - !SESSION log4j initialized
2025-12-28 09:18:00,379 [INFO] LogOutputStream:77 - [STDOUT_REDIRECT] 
2025-12-28 09:18:02,953 [INFO] ApplicationProperties:184 - Using Application install path: C:\ST\STM32CubeIDE_1.19.0\STM32CubeIDE\plugins\com.st.stm32cube.common.mx_6.15.0.202507011659
2025-12-28 09:18:02,972 [INFO] DbMcusXml:78 - Set database path to: C:\ST\STM32CubeIDE_1.19.0\STM32CubeIDE\plugins\com.st.stm32cube.common.mx_6.15.0.202507011659\\db\/mcu/
2025-12-28 09:18:02,972 [INFO] ApiDb:274 - Set plugin database path to: C:\ST\STM32CubeIDE_1.19.0\STM32CubeIDE\plugins\com.st.stm32cube.common.mx_6.15.0.202507011659\\db\/plugins/boardmanager/
2025-12-28 09:18:02,973 [WARN] ApiDb:259 - Overriding images path with different value:  => C:\ST\STM32CubeIDE_1.19.0\STM32CubeIDE\plugins\com.st.stm32cube.common.mx_6.15.0.202507011659\\db\/plugins/mcufinder/images/
2025-12-28 09:18:02,981 [INFO] ApiDb:250 - Set database path to: C:\Users\kleyton\.stmcufinder\plugins\mcufinder//mcu/
2025-12-28 09:18:02,983 [INFO] DbMcusAds:125 - Set database path to: C:\Users\kleyton\.stmcufinder\plugins\mcufinder//mcu/
2025-12-28 09:18:02,985 [INFO] CrossReferenceDbSqlite:203 - Set database path to: C:\Users\kleyton\.stmcufinder\plugins\mcufinder//mcu/cs/
2025-12-28 09:18:03,110 [INFO] RulesReader:64 - Compatibility file has been processed (317 Rules)
2025-12-28 09:18:03,231 [INFO] DbMcusXml:78 - Set database path to: C:\ST\STM32CubeIDE_1.19.0\STM32CubeIDE\plugins\com.st.stm32cube.common.mx_6.15.0.202507011659\\db\/mcu/
2025-12-28 09:18:03,231 [INFO] ApiDb:274 - Set plugin database path to: C:\ST\STM32CubeIDE_1.19.0\STM32CubeIDE\plugins\com.st.stm32cube.common.mx_6.15.0.202507011659\\db\/plugins/boardmanager/
2025-12-28 09:18:03,231 [INFO] ApiDb:261 - Set plugin images path to: C:\ST\STM32CubeIDE_1.19.0\STM32CubeIDE\plugins\com.st.stm32cube.common.mx_6.15.0.202507011659\\db\/plugins/mcufinder/images/
2025-12-28 09:18:03,232 [WARN] DbFile:41 - Overriding database path with different value: C:\Users\kleyton\.stmcufinder\plugins\mcufinder/ => C:\Users\kleyton\.stmcufinder\plugins\mcufinder
2025-12-28 09:18:03,232 [INFO] ApiDb:250 - Set database path to: C:\Users\kleyton\.stmcufinder\plugins\mcufinder//mcu/
2025-12-28 09:18:03,232 [WARN] DbFile:41 - Overriding database path with different value: C:\Users\kleyton\.stmcufinder\plugins\mcufinder/ => C:\Users\kleyton\.stmcufinder\plugins\mcufinder
2025-12-28 09:18:03,232 [INFO] DbMcusAds:125 - Set database path to: C:\Users\kleyton\.stmcufinder\plugins\mcufinder//mcu/
2025-12-28 09:18:03,232 [WARN] DbFile:41 - Overriding database path with different value: C:\Users\kleyton\.stmcufinder\plugins\mcufinder/ => C:\Users\kleyton\.stmcufinder\plugins\mcufinder
2025-12-28 09:18:03,232 [WARN] DbFile:41 - Overriding database path with different value: C:\Users\kleyton\.stmcufinder\plugins\mcufinder/ => C:\Users\kleyton\.stmcufinder\plugins\mcufinder
2025-12-28 09:18:03,232 [INFO] CrossReferenceDbSqlite:203 - Set database path to: C:\Users\kleyton\.stmcufinder\plugins\mcufinder//mcu/cs/
2025-12-28 09:18:03,329 [INFO] MainPanel:274 - HeapMemory: 268435456
2025-12-28 09:18:03,452 [INFO] DbMcusXml:78 - Set database path to: C:\ST\STM32CubeIDE_1.19.0\STM32CubeIDE\plugins\com.st.stm32cube.common.mx_6.15.0.202507011659\\db\/mcu/
2025-12-28 09:18:03,453 [INFO] ApiDb:274 - Set plugin database path to: C:\ST\STM32CubeIDE_1.19.0\STM32CubeIDE\plugins\com.st.stm32cube.common.mx_6.15.0.202507011659\\db\/plugins/boardmanager/
2025-12-28 09:18:03,453 [INFO] ApiDb:261 - Set plugin images path to: C:\ST\STM32CubeIDE_1.19.0\STM32CubeIDE\plugins\com.st.stm32cube.common.mx_6.15.0.202507011659\\db\/plugins/mcufinder/images/
2025-12-28 09:18:03,453 [WARN] DbFile:41 - Overriding database path with different value: C:\Users\kleyton\.stmcufinder\plugins\mcufinder/ => C:\Users\kleyton\.stmcufinder\plugins\mcufinder
2025-12-28 09:18:03,453 [INFO] ApiDb:250 - Set database path to: C:\Users\kleyton\.stmcufinder\plugins\mcufinder//mcu/
2025-12-28 09:18:03,453 [WARN] DbFile:41 - Overriding database path with different value: C:\Users\kleyton\.stmcufinder\plugins\mcufinder/ => C:\Users\kleyton\.stmcufinder\plugins\mcufinder
2025-12-28 09:18:03,453 [INFO] DbMcusAds:125 - Set database path to: C:\Users\kleyton\.stmcufinder\plugins\mcufinder//mcu/
2025-12-28 09:18:03,454 [WARN] DbFile:41 - Overriding database path with different value: C:\Users\kleyton\.stmcufinder\plugins\mcufinder/ => C:\Users\kleyton\.stmcufinder\plugins\mcufinder
2025-12-28 09:18:03,454 [WARN] DbFile:41 - Overriding database path with different value: C:\Users\kleyton\.stmcufinder\plugins\mcufinder/ => C:\Users\kleyton\.stmcufinder\plugins\mcufinder
2025-12-28 09:18:03,454 [INFO] CrossReferenceDbSqlite:203 - Set database path to: C:\Users\kleyton\.stmcufinder\plugins\mcufinder//mcu/cs/
2025-12-28 09:18:03,475 [INFO] ApplicationProperties:184 - Using Application install path: C:\ST\STM32CubeIDE_1.19.0\STM32CubeIDE\plugins\com.st.stm32cube.common.mx_6.15.0.202507011659
2025-12-28 09:18:03,476 [INFO] PluginManage:196 - Search for loadable plugins [exclusion list=, ]
2025-12-28 09:18:03,478 [INFO] PluginManage:310 - Check plugin analytics
2025-12-28 09:18:03,707 [INFO] AnalyticsPlugin:253 - Accepted Software Licenses: STM32CubeMX.6.15.0,STM32CubeMX.6.16.0
2025-12-28 09:18:03,708 [INFO] AnalyticsPlugin:255 - Accepted CMSIS Pack Licenses: 
2025-12-28 09:18:03,708 [INFO] AnalyticsPlugin:257 - Accepted Firmware Licenses: FW.G0.1.6.0,FW.WB.1.24.0,FW.WB.1.23.0
2025-12-28 09:18:03,712 [INFO] PluginManage:359 - Loaded plugin analytics (category:tool,tabindex:-1)
2025-12-28 09:18:03,712 [INFO] PluginManage:310 - Check plugin cadmodel
2025-12-28 09:18:03,724 [INFO] CADModel:105 - Init CAD model plugin
2025-12-28 09:18:03,724 [INFO] PluginManage:359 - Loaded plugin cadmodel (category:power,tabindex:5)
2025-12-28 09:18:03,724 [INFO] PluginManage:310 - Check plugin clock
2025-12-28 09:18:03,734 [INFO] PluginManage:359 - Loaded plugin clock (category:base,tabindex:2)
2025-12-28 09:18:03,735 [INFO] PluginManage:310 - Check plugin ddr
2025-12-28 09:18:03,737 [INFO] PluginManage:359 - Loaded plugin ddr (category:tool,tabindex:6)
2025-12-28 09:18:03,737 [INFO] PluginManage:310 - Check plugin filemanager
2025-12-28 09:18:04,311 [INFO] PluginManage:359 - Loaded plugin filemanager (category:base,tabindex:10)
2025-12-28 09:18:04,311 [INFO] PluginManage:310 - Check plugin ipmanager
2025-12-28 09:18:04,320 [INFO] PluginManage:359 - Loaded plugin ipmanager (category:base,tabindex:5)
2025-12-28 09:18:04,321 [INFO] PluginManage:310 - Check plugin lpbam
2025-12-28 09:18:04,333 [INFO] PluginManage:359 - Loaded plugin lpbam (category:base,tabindex:0)
2025-12-28 09:18:04,333 [INFO] PluginManage:310 - Check plugin memorymap
2025-12-28 09:18:04,350 [INFO] PluginManage:359 - Loaded plugin memorymap (category:base,tabindex:4)
2025-12-28 09:18:04,351 [INFO] PluginManage:310 - Check plugin pinoutandconfiguration
2025-12-28 09:18:04,364 [INFO] PluginManage:359 - Loaded plugin pinoutandconfiguration (category:base,tabindex:1)
2025-12-28 09:18:04,364 [INFO] PluginManage:310 - Check plugin pinoutconfig
2025-12-28 09:18:04,478 [WARN] SupportedApi:132 - Cannot load RTOS API schema: s4s-elt-must-match.1: The content of 'definitions' must match (annotation?, (simpleType | complexType)?, (unique | key | keyref)*)). A problem was found starting at: attribute.
2025-12-28 09:18:04,643 [INFO] PluginManage:359 - Loaded plugin pinoutconfig (category:base,tabindex:0)
2025-12-28 09:18:04,643 [INFO] PluginManage:310 - Check plugin power
2025-12-28 09:18:04,654 [INFO] PluginManage:359 - Loaded plugin power (category:power,tabindex:4)
2025-12-28 09:18:04,654 [INFO] PluginManage:310 - Check plugin projectmanager
2025-12-28 09:18:04,671 [INFO] PluginManage:359 - Loaded plugin projectmanager (category:projectmanager,tabindex:4)
2025-12-28 09:18:04,671 [INFO] PluginManage:310 - Check plugin rif
2025-12-28 09:18:04,681 [INFO] PluginManage:359 - Loaded plugin rif (category:base,tabindex:3)
2025-12-28 09:18:04,681 [INFO] PluginManage:310 - Check plugin thirdparty
2025-12-28 09:18:04,835 [INFO] PluginManage:359 - Loaded plugin thirdparty (category:base,tabindex:-1)
2025-12-28 09:18:04,835 [INFO] PluginManage:310 - Check plugin tools
2025-12-28 09:18:04,835 [WARN] IntegrityCheckThread:84 - waiting for thirdparty lock release [integrity check]
2025-12-28 09:18:04,836 [INFO] IntegrityCheckThread:86 - entering critical section [integrity check]
2025-12-28 09:18:04,836 [INFO] ThirdPartyUpdaterWithRetryManager:70 - Updater plugin not ready yet. [1/15]
2025-12-28 09:18:04,840 [INFO] PluginManage:359 - Loaded plugin tools (category:base,tabindex:7)
2025-12-28 09:18:04,840 [INFO] PluginManage:310 - Check plugin tutovideos
2025-12-28 09:18:05,086 [INFO] PluginManage:359 - Loaded plugin tutovideos (category:base,tabindex:-1)
2025-12-28 09:18:05,087 [INFO] PluginManage:310 - Check plugin updater
2025-12-28 09:18:05,114 [INFO] PluginManage:359 - Loaded plugin updater (category:base,tabindex:12)
2025-12-28 09:18:05,114 [INFO] PluginManage:310 - Check plugin userauth
2025-12-28 09:18:05,119 [INFO] UserAuth:118 - Init User Auth plugin
2025-12-28 09:18:05,120 [INFO] PluginManage:359 - Loaded plugin userauth (category:base,tabindex:14)
2025-12-28 09:18:05,120 [INFO] PluginManage:283 - PluginManage : Loaded plugins [18]
2025-12-28 09:18:05,375 [INFO] PinOutPanel:1589 - setPackage(No Configuration,No Configuration)
2025-12-28 09:18:05,467 [INFO] CADModel:165 - CPN selected for project level
2025-12-28 09:18:05,468 [INFO] CADModel:114 - Register for checkConnection events
2025-12-28 09:18:05,486 [INFO] IPUIPlugin:80 - create IPUIPlugin
2025-12-28 09:18:05,486 [INFO] PluginManager:220 - loadIPPluginJar : add adc
2025-12-28 09:18:05,490 [INFO] IPUIPlugin:80 - create IPUIPlugin
2025-12-28 09:18:05,490 [INFO] PluginManager:220 - loadIPPluginJar : add aes
2025-12-28 09:18:05,494 [INFO] IPUIPlugin:80 - create IPUIPlugin
2025-12-28 09:18:05,494 [INFO] PluginManager:220 - loadIPPluginJar : add can
2025-12-28 09:18:05,498 [INFO] IPUIPlugin:80 - create IPUIPlugin
2025-12-28 09:18:05,498 [INFO] PluginManager:220 - loadIPPluginJar : add comp
2025-12-28 09:18:05,501 [INFO] IPUIPlugin:80 - create IPUIPlugin
2025-12-28 09:18:05,501 [INFO] PluginManager:220 - loadIPPluginJar : add cryp
2025-12-28 09:18:05,505 [INFO] IPUIPlugin:80 - create IPUIPlugin
2025-12-28 09:18:05,505 [INFO] PluginManager:220 - loadIPPluginJar : add ddr_ctrl_phy
2025-12-28 09:18:05,509 [INFO] IPUIPlugin:80 - create IPUIPlugin
2025-12-28 09:18:05,509 [INFO] PluginManager:220 - loadIPPluginJar : add dfsdm
2025-12-28 09:18:05,515 [INFO] IPUIPlugin:80 - create IPUIPlugin
2025-12-28 09:18:05,516 [INFO] PluginManager:220 - loadIPPluginJar : add dma
2025-12-28 09:18:05,519 [INFO] IPUIPlugin:80 - create IPUIPlugin
2025-12-28 09:18:05,519 [INFO] PluginManager:220 - loadIPPluginJar : add dma3
2025-12-28 09:18:05,522 [INFO] IPUIPlugin:80 - create IPUIPlugin
2025-12-28 09:18:05,523 [INFO] PluginManager:220 - loadIPPluginJar : add extmemmanager
2025-12-28 09:18:05,526 [INFO] IPUIPlugin:80 - create IPUIPlugin
2025-12-28 09:18:05,526 [INFO] PluginManager:220 - loadIPPluginJar : add fatfs
2025-12-28 09:18:05,531 [INFO] IPUIPlugin:80 - create IPUIPlugin
2025-12-28 09:18:05,532 [INFO] PluginManager:220 - loadIPPluginJar : add fmc
2025-12-28 09:18:05,542 [INFO] IPUIPlugin:80 - create IPUIPlugin
2025-12-28 09:18:05,542 [INFO] PluginManager:220 - loadIPPluginJar : add freertos
2025-12-28 09:18:05,544 [INFO] IPUIPlugin:80 - create IPUIPlugin
2025-12-28 09:18:05,544 [INFO] PluginManager:220 - loadIPPluginJar : add genericplugin
2025-12-28 09:18:05,546 [INFO] IPUIPlugin:80 - create IPUIPlugin
2025-12-28 09:18:05,547 [INFO] PluginManager:220 - loadIPPluginJar : add gfxmmu
2025-12-28 09:18:05,551 [INFO] IPUIPlugin:80 - create IPUIPlugin
2025-12-28 09:18:05,551 [INFO] PluginManager:220 - loadIPPluginJar : add gic
2025-12-28 09:18:05,557 [INFO] IPUIPlugin:80 - create IPUIPlugin
2025-12-28 09:18:05,557 [INFO] PluginManager:220 - loadIPPluginJar : add gpio
2025-12-28 09:18:05,560 [INFO] IPUIPlugin:80 - create IPUIPlugin
2025-12-28 09:18:05,560 [INFO] PluginManager:220 - loadIPPluginJar : add gtzc
2025-12-28 09:18:05,564 [INFO] IPUIPlugin:80 - create IPUIPlugin
2025-12-28 09:18:05,564 [INFO] PluginManager:220 - loadIPPluginJar : add hash
2025-12-28 09:18:05,567 [INFO] IPUIPlugin:80 - create IPUIPlugin
2025-12-28 09:18:05,567 [INFO] PluginManager:220 - loadIPPluginJar : add i2c
2025-12-28 09:18:05,570 [INFO] IPUIPlugin:80 - create IPUIPlugin
2025-12-28 09:18:05,570 [INFO] PluginManager:220 - loadIPPluginJar : add i2s
2025-12-28 09:18:05,573 [INFO] IPUIPlugin:80 - create IPUIPlugin
2025-12-28 09:18:05,573 [INFO] PluginManager:220 - loadIPPluginJar : add i3c
2025-12-28 09:18:05,577 [INFO] IPUIPlugin:80 - create IPUIPlugin
2025-12-28 09:18:05,577 [INFO] PluginManager:220 - loadIPPluginJar : add ipddr
2025-12-28 09:18:05,583 [INFO] IPUIPlugin:80 - create IPUIPlugin
2025-12-28 09:18:05,583 [INFO] PluginManager:220 - loadIPPluginJar : add linkedlist
2025-12-28 09:18:05,591 [INFO] IPUIPlugin:80 - create IPUIPlugin
2025-12-28 09:18:05,592 [INFO] PluginManager:220 - loadIPPluginJar : add lorawan
2025-12-28 09:18:05,594 [INFO] IPUIPlugin:80 - create IPUIPlugin
2025-12-28 09:18:05,594 [INFO] PluginManager:220 - loadIPPluginJar : add ltdc
2025-12-28 09:18:05,599 [INFO] IPUIPlugin:80 - create IPUIPlugin
2025-12-28 09:18:05,600 [INFO] PluginManager:220 - loadIPPluginJar : add mdma
2025-12-28 09:18:05,604 [INFO] IPUIPlugin:80 - create IPUIPlugin
2025-12-28 09:18:05,604 [INFO] PluginManager:220 - loadIPPluginJar : add nvic
2025-12-28 09:18:05,608 [INFO] IPUIPlugin:80 - create IPUIPlugin
2025-12-28 09:18:05,608 [INFO] PluginManager:220 - loadIPPluginJar : add opamp
2025-12-28 09:18:05,611 [INFO] IPUIPlugin:80 - create IPUIPlugin
2025-12-28 09:18:05,611 [INFO] PluginManager:220 - loadIPPluginJar : add openamp
2025-12-28 09:18:05,615 [INFO] IPUIPlugin:80 - create IPUIPlugin
2025-12-28 09:18:05,615 [INFO] PluginManager:220 - loadIPPluginJar : add pdm2pcm
2025-12-28 09:18:05,620 [INFO] IPUIPlugin:80 - create IPUIPlugin
2025-12-28 09:18:05,623 [INFO] PluginManager:220 - loadIPPluginJar : add plateformsettings
2025-12-28 09:18:05,625 [INFO] IPUIPlugin:80 - create IPUIPlugin
2025-12-28 09:18:05,625 [INFO] PluginManager:220 - loadIPPluginJar : add quadspi
2025-12-28 09:18:05,627 [INFO] IPUIPlugin:80 - create IPUIPlugin
2025-12-28 09:18:05,628 [INFO] PluginManager:220 - loadIPPluginJar : add radio
2025-12-28 09:18:05,632 [INFO] IPUIPlugin:80 - create IPUIPlugin
2025-12-28 09:18:05,632 [INFO] PluginManager:220 - loadIPPluginJar : add resmgrutility
2025-12-28 09:18:05,635 [INFO] IPUIPlugin:80 - create IPUIPlugin
2025-12-28 09:18:05,635 [INFO] PluginManager:220 - loadIPPluginJar : add sai
2025-12-28 09:18:05,638 [INFO] IPUIPlugin:80 - create IPUIPlugin
2025-12-28 09:18:05,638 [INFO] PluginManager:220 - loadIPPluginJar : add spi
2025-12-28 09:18:05,643 [INFO] IPUIPlugin:80 - create IPUIPlugin
2025-12-28 09:18:05,644 [INFO] PluginManager:220 - loadIPPluginJar : add stm32_wpan
2025-12-28 09:18:05,646 [INFO] IPUIPlugin:80 - create IPUIPlugin
2025-12-28 09:18:05,646 [INFO] PluginManager:220 - loadIPPluginJar : add tim
2025-12-28 09:18:05,650 [INFO] IPUIPlugin:80 - create IPUIPlugin
2025-12-28 09:18:05,650 [INFO] PluginManager:220 - loadIPPluginJar : add touchsensing
2025-12-28 09:18:05,653 [INFO] IPUIPlugin:80 - create IPUIPlugin
2025-12-28 09:18:05,653 [INFO] PluginManager:220 - loadIPPluginJar : add tracer_emb
2025-12-28 09:18:05,656 [INFO] IPUIPlugin:80 - create IPUIPlugin
2025-12-28 09:18:05,656 [INFO] PluginManager:220 - loadIPPluginJar : add ts
2025-12-28 09:18:05,658 [INFO] IPUIPlugin:80 - create IPUIPlugin
2025-12-28 09:18:05,658 [INFO] PluginManager:220 - loadIPPluginJar : add tsc
2025-12-28 09:18:05,660 [INFO] IPUIPlugin:80 - create IPUIPlugin
2025-12-28 09:18:05,660 [INFO] PluginManager:220 - loadIPPluginJar : add ucpd
2025-12-28 09:18:05,662 [INFO] IPUIPlugin:80 - create IPUIPlugin
2025-12-28 09:18:05,663 [INFO] PluginManager:220 - loadIPPluginJar : add usart
2025-12-28 09:18:05,667 [INFO] IPUIPlugin:80 - create IPUIPlugin
2025-12-28 09:18:05,667 [INFO] PluginManager:220 - loadIPPluginJar : add usbx
2025-12-28 09:18:05,802 [FATAL] Updater:351 - Updater called before beeing initialized
2025-12-28 09:18:05,834 [INFO] RulesReader:64 - Compatibility file has been processed (317 Rules)
2025-12-28 09:18:05,860 [INFO] RulesReader:64 - Compatibility file has been processed (317 Rules)
2025-12-28 09:18:05,892 [INFO] CADModel:165 - CPN selected for project level
2025-12-28 09:18:05,893 [INFO] CADModel:114 - Register for checkConnection events
2025-12-28 09:18:05,893 [FATAL] Updater:351 - Updater called before beeing initialized
2025-12-28 09:18:05,893 [ERROR] CADModel:125 - Updater not yet initialized, retry later 
2025-12-28 09:18:06,165 [FATAL] Updater:351 - Updater called before beeing initialized
2025-12-28 09:18:06,167 [INFO] CADModel:165 - CPN selected for project level
2025-12-28 09:18:06,167 [INFO] CADModel:114 - Register for checkConnection events
2025-12-28 09:18:06,168 [FATAL] Updater:351 - Updater called before beeing initialized
2025-12-28 09:18:06,168 [ERROR] CADModel:125 - Updater not yet initialized, retry later 
2025-12-28 09:18:06,171 [FATAL] Updater:351 - Updater called before beeing initialized
2025-12-28 09:18:06,384 [FATAL] Updater:351 - Updater called before beeing initialized
2025-12-28 09:18:06,438 [INFO] DbMcusAds:53 - JSON generation date=Mon Dec 08 11:28:09 BRT 2025 (1765204089911)
2025-12-28 09:18:06,438 [FATAL] Updater:351 - Updater called before beeing initialized
2025-12-28 09:18:06,509 [WARN] DetailPanel:346 - Failed to get advertising image, set to default
2025-12-28 09:18:06,604 [FATAL] Updater:351 - Updater called before beeing initialized
2025-12-28 09:18:06,606 [FATAL] Updater:351 - Updater called before beeing initialized
2025-12-28 09:18:06,606 [FATAL] Updater:351 - Updater called before beeing initialized
2025-12-28 09:18:06,606 [WARN] DetailPanel:346 - Failed to get advertising image, set to default
2025-12-28 09:18:06,607 [FATAL] Updater:351 - Updater called before beeing initialized
2025-12-28 09:18:06,662 [ERROR] Updater:1198 - MainUpdater not yet initialized. External WinMGr cannot be set.
2025-12-28 09:18:06,666 [INFO] Updater:1134 - Updater Version found : 6.15.0
2025-12-28 09:18:06,682 [INFO] ApplicationProperties:184 - Using Application install path: C:\ST\STM32CubeIDE_1.19.0\STM32CubeIDE\plugins\com.st.stm32cube.common.mx_6.15.0.202507011659
2025-12-28 09:18:07,419 [INFO] MainUpdater:2872 - connection check result : 10
2025-12-28 09:18:07,419 [INFO] MainUpdater:3604 - Updater definition file requires update
2025-12-28 09:18:07,420 [INFO] MainUpdater:289 - Updater Check For Update Now.
2025-12-28 09:18:07,420 [INFO] MicroXplorer:498 - Change Database Version : DB.6.0.150
2025-12-28 09:18:07,425 [INFO] McuFinderGlobals:63 - Set McuFinder mode to 2 (CubeIDE integrated)
2025-12-28 09:18:07,426 [INFO] UserAuth:171 - activating auth plugin
2025-12-28 09:18:07,427 [INFO] UserAuth:487 - Internet connection configuration mode: 1
2025-12-28 09:18:07,448 [INFO] JxBrowserEngine:152 - Initiate JxBrowser Engine with user profile folder
2025-12-28 09:18:07,477 [INFO] ServerAccessManage:452 - Complete download http(s) 200
2025-12-28 09:18:07,479 [INFO] ServerAccessManage:509 - Download File updaters.zip
2025-12-28 09:18:07,574 [INFO] FileExtend:248 - Unzip File : updaters.zip
2025-12-28 09:18:07,574 [INFO] FileExtend:263 - Standard Zip Deflate
2025-12-28 09:18:07,846 [WARN] MainUpdater:1193 - Updater busy. Cannot search thirdparties
2025-12-28 09:18:07,847 [INFO] ThirdPartyUpdaterWithRetryManager:96 - Updater plugin is busy. [1/15]
2025-12-28 09:18:08,022 [INFO] ServerAccessManage:452 - Complete download http(s) 200
2025-12-28 09:18:08,023 [INFO] ServerAccessManage:509 - Download File PacksControlFlags.xml
2025-12-28 09:18:08,100 [INFO] ServerAccessManage:452 - Complete download http(s) 200
2025-12-28 09:18:08,101 [INFO] ServerAccessManage:509 - Download File cubemx.pidx
2025-12-28 09:18:08,205 [INFO] LoadServerUpdatesThread:375 - End of LoadServerUpdate Thread
2025-12-28 09:18:08,369 [INFO] CheckServerUpdateThread:120 - End of CheckServer Thread
2025-12-28 09:18:09,331 [INFO] WebApp:169 - Instantiating new browser for Auth
2025-12-28 09:18:10,253 [INFO] WebApp:463 - Apply proxy settings
2025-12-28 09:18:10,253 [INFO] WebApp:548 - Chromium requires no authentication
2025-12-28 09:18:10,281 [INFO] WebApp:491 - Direct internet connection detected
2025-12-28 09:18:10,328 [INFO] WebApp:900 - Register for checkConnection events
2025-12-28 09:18:10,328 [INFO] WebApp:463 - Apply proxy settings
2025-12-28 09:18:10,328 [INFO] WebApp:548 - Chromium requires no authentication
2025-12-28 09:18:10,328 [INFO] WebApp:491 - Direct internet connection detected
2025-12-28 09:18:10,580 [INFO] WebApp:191 - Connection restablished
2025-12-28 09:18:10,605 [INFO] WebApp:225 - Starting web application
2025-12-28 09:18:10,606 [INFO] WebApp:593 - Web application path used C:\ST\STM32CubeIDE_1.19.0\STM32CubeIDE\plugins\com.st.stm32cube.common.mx_6.15.0.202507011659\db\plugins\mcufinder\reactClient1\index.html
2025-12-28 09:18:11,399 [WARN] PackLoader:240 - Cannot read IP mode file for STMicroelectronics.FP-SNS-MOTENVWB1.1.4.0
2025-12-28 09:18:11,417 [WARN] PackLoader:240 - Cannot read IP mode file for STMicroelectronics.FP-ATR-ASTRA1.2.0.2
2025-12-28 09:18:11,453 [WARN] PackLoader:240 - Cannot read IP mode file for STMicroelectronics.X-CUBE-SMBUS.2.1.0
2025-12-28 09:18:11,508 [WARN] PackLoader:240 - Cannot read IP mode file for STMicroelectronics.X-CUBE-AZRTOS-F7.1.1.0
2025-12-28 09:18:11,535 [WARN] PackLoader:240 - Cannot read IP mode file for STMicroelectronics.FP-SNS-MOTENV1.5.1.0
2025-12-28 09:18:11,568 [WARN] PackLoader:240 - Cannot read IP mode file for WES.I-CUBE-Cesium.1.4.0
2025-12-28 09:18:11,616 [WARN] PackLoader:240 - Cannot read IP mode file for STMicroelectronics.X-CUBE-AZRTOS-H7.3.4.0
2025-12-28 09:18:11,648 [WARN] PackLoader:240 - Cannot read IP mode file for STMicroelectronics.X-CUBE-DISPLAY.3.0.0
2025-12-28 09:18:11,680 [WARN] PackLoader:240 - Cannot read IP mode file for STMicroelectronics.X-CUBE-NFC10.1.0.0
2025-12-28 09:18:11,702 [WARN] PackLoader:240 - Cannot read IP mode file for STMicroelectronics.X-CUBE-ST60.1.1.0
2025-12-28 09:18:11,713 [WARN] PackLoader:240 - Cannot read IP mode file for emotas.I-CUBE-CANOPEN.1.3.0
2025-12-28 09:18:11,730 [WARN] PackLoader:240 - Cannot read IP mode file for STMicroelectronics.X-CUBE-GNSS1.7.1.0
2025-12-28 09:18:11,745 [WARN] PackLoader:240 - Cannot read IP mode file for STMicroelectronics.FP-SNS-STBOX1.2.1.0
2025-12-28 09:18:11,764 [WARN] PackLoader:240 - Cannot read IP mode file for STMicroelectronics.FP-SNS-SMARTAG2.1.2.0
2025-12-28 09:18:11,775 [WARN] PackLoader:240 - Cannot read IP mode file for STMicroelectronics.FP-SNS-FLIGHT1.5.1.0
2025-12-28 09:18:11,799 [INFO] LogOutputStream:77 - [STDOUT_REDIRECT] 1 : Invalid condition id : UX_CORESTACK_Condition cause : null
2025-12-28 09:18:11,801 [INFO] LogOutputStream:77 - [STDOUT_REDIRECT] 1 : Invalid condition id : UX_CORESTACK_Condition cause : null
2025-12-28 09:18:11,803 [INFO] LogOutputStream:77 - [STDOUT_REDIRECT] 1 : Invalid condition id : UX_CORESTACK_Condition cause : null
2025-12-28 09:18:11,805 [INFO] LogOutputStream:77 - [STDOUT_REDIRECT] 1 : Invalid condition id : UX_CORESTACK_Condition cause : null
2025-12-28 09:18:11,808 [INFO] LogOutputStream:77 - [STDOUT_REDIRECT] 1 : Invalid condition id : UX_CORESTACK_Condition cause : null
2025-12-28 09:18:11,812 [WARN] PackLoader:240 - Cannot read IP mode file for STMicroelectronics.X-CUBE-AZRTOS-WL.2.0.0
2025-12-28 09:18:11,876 [WARN] PackLoader:240 - Cannot read IP mode file for STMicroelectronics.X-CUBE-AZRTOS-H7RS.1.2.0
2025-12-28 09:18:11,892 [WARN] PackLoader:240 - Cannot read IP mode file for STMicroelectronics.X-CUBE-BLE2.3.3.0
2025-12-28 09:18:11,955 [WARN] PackLoader:240 - Cannot read IP mode file for Infineon.AIROC-Wi-Fi-Bluetooth-STM32.1.8.0
2025-12-28 09:18:11,981 [WARN] PackLoader:240 - Cannot read IP mode file for STMicroelectronics.X-CUBE-NFC9.1.0.0
2025-12-28 09:18:11,998 [WARN] PackLoader:240 - Cannot read IP mode file for wolfSSL.I-CUBE-wolfSSL.5.8.2
2025-12-28 09:18:12,015 [WARN] PackLoader:240 - Cannot read IP mode file for STMicroelectronics.X-CUBE-BLE1.7.1.0
2025-12-28 09:18:12,028 [WARN] PackLoader:240 - Cannot read IP mode file for wolfSSL.I-CUBE-wolfMQTT.1.19.2
2025-12-28 09:18:12,038 [WARN] PackLoader:240 - Cannot read IP mode file for STMicroelectronics.X-CUBE-FREERTOS.1.4.0
2025-12-28 09:18:12,048 [WARN] PackLoader:240 - Cannot read IP mode file for STMicroelectronics.X-CUBE-EEPRMA1.5.2.0
2025-12-28 09:18:12,061 [WARN] PackLoader:240 - Cannot read IP mode file for Cesanta.I-CUBE-Mongoose.7.20.0
2025-12-28 09:18:12,070 [WARN] PackLoader:240 - Cannot read IP mode file for STMicroelectronics.X-CUBE-ST67W61.1.1.0
2025-12-28 09:18:12,163 [WARN] PackLoader:240 - Cannot read IP mode file for STMicroelectronics.X-CUBE-MEMS1.12.0.0
2025-12-28 09:18:12,320 [WARN] PackLoader:240 - Cannot read IP mode file for STMicroelectronics.X-CUBE-AZRTOS-G0.1.1.0
2025-12-28 09:18:12,332 [WARN] PackLoader:240 - Cannot read IP mode file for STMicroelectronics.X-CUBE-NFC4.3.0.0
2025-12-28 09:18:12,347 [WARN] PackLoader:240 - Cannot read IP mode file for EmbeddedOffice.I-CUBE-FS-RTOS.1.0.1
2025-12-28 09:18:12,357 [WARN] PackLoader:240 - Cannot read IP mode file for STMicroelectronics.X-CUBE-WB05N.2.0.0
2025-12-28 09:18:12,363 [WARN] PackLoader:240 - Cannot read IP mode file for wolfSSL.I-CUBE-wolfTPM.3.8.0
2025-12-28 09:18:12,372 [WARN] PackLoader:240 - Cannot read IP mode file for STMicroelectronics.X-CUBE-TCPP.4.2.0
2025-12-28 09:18:12,381 [WARN] PackLoader:240 - Cannot read IP mode file for RealThread.X-CUBE-RT-Thread_Nano.4.1.1
2025-12-28 09:18:12,389 [WARN] PackLoader:240 - Cannot read IP mode file for STMicroelectronics.FP-ATR-SIGFOX1.3.2.0
2025-12-28 09:18:12,403 [WARN] PackLoader:240 - Cannot read IP mode file for ITTIA_DB.I-CUBE-ITTIADB.8.9.0
2025-12-28 09:18:12,412 [WARN] PackLoader:240 - Cannot read IP mode file for STMicroelectronics.X-CUBE-AI.10.2.0
2025-12-28 09:18:12,463 [WARN] PackLoader:240 - Cannot read IP mode file for SEGGER.I-CUBE-embOS.1.3.1
2025-12-28 09:18:12,545 [WARN] PackLoader:240 - Cannot read IP mode file for STMicroelectronics.X-CUBE-ALGOBUILD.1.4.0
2025-12-28 09:18:12,558 [WARN] PackLoader:240 - Cannot read IP mode file for STMicroelectronics.X-CUBE-PM33A1.1.0.0
2025-12-28 09:18:12,589 [WARN] PackLoader:240 - Cannot read IP mode file for STMicroelectronics.X-CUBE-AZRTOS-F4.1.1.0
2025-12-28 09:18:12,603 [WARN] PackLoader:240 - Cannot read IP mode file for STMicroelectronics.X-CUBE-ISPU.2.1.0
2025-12-28 09:18:12,629 [WARN] PackLoader:240 - Cannot read IP mode file for STMicroelectronics.X-CUBE-IPS.3.2.0
2025-12-28 09:18:12,655 [WARN] PackLoader:240 - Cannot read IP mode file for STMicroelectronics.X-CUBE-NFC12.1.0.0
2025-12-28 09:18:12,690 [WARN] PackLoader:240 - Cannot read IP mode file for STMicroelectronics.X-CUBE-AZRTOS-L5.2.0.0
2025-12-28 09:18:12,708 [WARN] PackLoader:240 - Cannot read IP mode file for STMicroelectronics.X-CUBE-NFC6.3.1.0
2025-12-28 09:18:12,728 [WARN] PackLoader:240 - Cannot read IP mode file for STMicroelectronics.X-CUBE-TOUCHGFX.4.26.0
2025-12-28 09:18:12,740 [WARN] PackLoader:240 - Cannot read IP mode file for STMicroelectronics.FP-SNS-STAIOTCFT.1.0.0
2025-12-28 09:18:12,755 [WARN] PackLoader:240 - Cannot read IP mode file for STMicroelectronics.X-CUBE-DPower.1.3.0
2025-12-28 09:18:12,792 [WARN] ConditionMgr:438 - getConditionDescription Invalid condition id : LAN8742 Phy interface Condition cause : null
2025-12-28 09:18:12,794 [WARN] PackLoader:240 - Cannot read IP mode file for STMicroelectronics.X-CUBE-AZRTOS-L4.2.0.0
2025-12-28 09:18:12,796 [WARN] ConditionMgr:1044 - genDependencies : Invalid condition id : LAN8742 Phy interface Condition cause : null
2025-12-28 09:18:12,797 [WARN] ConditionMgr:1044 - genDependencies : Invalid condition id : LAN8742 Phy interface Condition cause : null
2025-12-28 09:18:12,798 [WARN] ConditionMgr:1044 - genDependencies : Invalid condition id : LAN8742 Phy interface Condition cause : null
2025-12-28 09:18:12,817 [WARN] PackLoader:240 - Cannot read IP mode file for STMicroelectronics.X-CUBE-SFXS2LP1.4.0.0
2025-12-28 09:18:12,840 [WARN] PackLoader:240 - Cannot read IP mode file for STMicroelectronics.X-CUBE-BLEMGR.4.1.0
2025-12-28 09:18:12,884 [WARN] ConditionMgr:438 - getConditionDescription Invalid condition id : UX DEVICE CLASS RTOS Condition cause : null
2025-12-28 09:18:12,885 [WARN] ConditionMgr:438 - getConditionDescription Invalid condition id : UX DEVICE CLASS RTOS Condition cause : null
2025-12-28 09:18:12,889 [WARN] PackLoader:240 - Cannot read IP mode file for STMicroelectronics.X-CUBE-AZRTOS-WB.2.0.0
2025-12-28 09:18:12,890 [WARN] ConditionMgr:1044 - genDependencies : Invalid condition id : UX DEVICE CLASS RTOS Condition cause : null
2025-12-28 09:18:12,890 [WARN] ConditionMgr:1044 - genDependencies : Invalid condition id : UX DEVICE CLASS RTOS Condition cause : null
2025-12-28 09:18:12,891 [WARN] ConditionMgr:1044 - genDependencies : Invalid condition id : UX DEVICE CLASS RTOS Condition cause : null
2025-12-28 09:18:12,892 [WARN] ConditionMgr:1044 - genDependencies : Invalid condition id : UX DEVICE CLASS RTOS Condition cause : null
2025-12-28 09:18:12,892 [WARN] ConditionMgr:1044 - genDependencies : Invalid condition id : UX DEVICE CLASS RTOS Condition cause : null
2025-12-28 09:18:12,903 [WARN] ConditionMgr:438 - getConditionDescription Invalid condition id : Cortex-A Device cause : null
2025-12-28 09:18:12,919 [WARN] ConditionMgr:1044 - genDependencies : Invalid condition id : Cortex-A Device cause : null
2025-12-28 09:18:12,919 [WARN] ConditionMgr:1044 - genDependencies : Invalid condition id : Cortex-A Device cause : null
2025-12-28 09:18:12,919 [WARN] ConditionMgr:1044 - genDependencies : Invalid condition id : Cortex-A Device cause : null
2025-12-28 09:18:12,943 [WARN] PackLoader:240 - Cannot read IP mode file for STMicroelectronics.X-CUBE-SUBG2.5.0.0
2025-12-28 09:18:12,995 [WARN] PackLoader:240 - Cannot read IP mode file for STMicroelectronics.X-CUBE-AZRTOS-G4.2.0.0
2025-12-28 09:18:13,008 [WARN] PackLoader:240 - Cannot read IP mode file for wolfSSL.I-CUBE-wolfSSH.1.4.20
2025-12-28 09:18:13,019 [WARN] PackLoader:240 - Cannot read IP mode file for STMicroelectronics.X-CUBE-NFC7.2.0.0
2025-12-28 09:18:13,030 [WARN] PackLoader:240 - Cannot read IP mode file for STMicroelectronics.X-CUBE-ALS.1.0.2
2025-12-28 09:18:13,048 [WARN] PackLoader:240 - Cannot read IP mode file for STMicroelectronics.X-CUBE-STSE01.1.0.0
2025-12-28 09:18:13,085 [WARN] PackLoader:240 - Cannot read IP mode file for STMicroelectronics.X-CUBE-TOF1.3.4.3
2025-12-28 09:18:13,105 [INFO] ThirdParty:978 - Integrity check success = true
2025-12-28 09:18:13,105 [INFO] IntegrityCheckThread:100 - exiting critical section [integrity check]
2025-12-28 09:18:13,105 [INFO] IntegrityCheckThread:103 - End integrity checks thread
2025-12-28 09:18:21,841 [INFO] McuFinderGlobals:63 - Set McuFinder mode to 2 (CubeIDE integrated)
2025-12-28 09:18:21,848 [INFO] MainUpdater:2872 - connection check result : 10
2025-12-28 09:18:21,853 [INFO] McuFinderGlobals:76 - Set McuFinderConnectedMode to true
2025-12-28 09:18:22,300 [INFO] ServerAccessManage:452 - Complete download http(s) 200
2025-12-28 09:18:22,301 [INFO] ServerAccessManage:509 - Download File mcusAds.json._tmp_
2025-12-28 09:18:22,421 [INFO] LoadUrlFilesThread:156 - End of LoadUrlFiles Thread
2025-12-28 09:18:23,443 [INFO] ServerAccessManage:452 - Complete download http(s) 200
2025-12-28 09:18:23,444 [INFO] ServerAccessManage:509 - Download File cube-finder-db.zip
2025-12-28 09:18:27,233 [INFO] FileExtend:248 - Unzip File : cube-finder-db.zip
2025-12-28 09:18:27,233 [INFO] FileExtend:263 - Standard Zip Deflate
2025-12-28 09:18:28,630 [INFO] LoadUrlFilesThread:156 - End of LoadUrlFiles Thread
2025-12-28 09:18:29,683 [INFO] ServerAccessManage:452 - Complete download http(s) 200
2025-12-28 09:18:29,685 [INFO] ServerAccessManage:509 - Download File crdb.zip
2025-12-28 09:18:30,867 [INFO] FileExtend:248 - Unzip File : crdb.zip
2025-12-28 09:18:30,868 [INFO] FileExtend:263 - Standard Zip Deflate
2025-12-28 09:18:31,006 [INFO] LoadUrlFilesThread:156 - End of LoadUrlFiles Thread
2025-12-28 09:18:32,299 [INFO] ServerAccessManage:452 - Complete download http(s) 200
2025-12-28 09:18:32,299 [INFO] ServerAccessManage:509 - Download File tutoVideoDB.zip
2025-12-28 09:18:32,606 [INFO] FileExtend:248 - Unzip File : tutoVideoDB.zip
2025-12-28 09:18:32,607 [INFO] FileExtend:263 - Standard Zip Deflate
2025-12-28 09:18:32,716 [INFO] LoadUrlFilesThread:156 - End of LoadUrlFiles Thread
2025-12-28 09:18:32,719 [WARN] DbFile:41 - Overriding database path with different value: C:\Users\kleyton\.stmcufinder\plugins\mcufinder/ => C:\Users\kleyton\.stmcufinder\plugins\mcufinder
2025-12-28 09:18:33,436 [INFO] ServerAccessManage:452 - Complete download http(s) 200
2025-12-28 09:18:33,436 [INFO] ServerAccessManage:509 - Download File api_config.json
2025-12-28 09:18:33,543 [INFO] LoadUrlFilesThread:156 - End of LoadUrlFiles Thread
2025-12-28 09:18:33,545 [INFO] DbMcusAds:53 - JSON generation date=Mon Dec 15 20:11:46 BRT 2025 (1765840306209)
2025-12-28 09:18:33,589 [INFO] LoadUrlFilesThread:185 - End of LoadServerUrlFiles without Thread
2025-12-28 09:18:33,589 [INFO] TargetSelectorAdapter:259 - Refresh data is successful
2025-12-28 09:18:33,803 [INFO] ApiDb:581 - Connected to CubeFinder SQLite database (C:\Users\kleyton\.stmcufinder\plugins\mcufinder\mcu\cube-finder-db.db)
2025-12-28 09:18:34,036 [INFO] ApiDb:668 - CubeFinder database Data Model version=2.1
2025-12-28 09:18:34,036 [INFO] ApiDb:669 - CubeFinder database Configuration version=3.0.39
2025-12-28 09:18:34,037 [INFO] ApiDb:670 - CubeFinder database generation date=2025-11-05 (1762334721)
2025-12-28 09:18:34,037 [INFO] ApiDb:671 - CubeFinder database FW Pack versions=[FP-ATR-ASTRA1_V2.0.0, FP-SNS-FLIGHT1_V5.1.0, FP-SNS-MOTENV1_V5.1.0, FP-SNS-MOTENVWB1_V1.4.0, FP-SNS-SMARTAG2_V1.2.0, FP-SNS-STBOX1_V2.1.0, STM32Cube_FW_C0_V1.4.0, STM32Cube_FW_F4_V1.28.3, STM32Cube_FW_F7_V1.17.4, STM32Cube_FW_G0_V1.6.2, STM32Cube_FW_G4_V1.6.1, STM32Cube_FW_H5_V1.5.1, STM32Cube_FW_H7RS_V1.3.0, STM32Cube_FW_H7_V1.12.1, STM32Cube_FW_L0_V1.12.2, STM32Cube_FW_L4_V1.18.1, STM32Cube_FW_L5_V1.6.0, STM32Cube_FW_N6_V1.3.0, STM32Cube_FW_U0_V1.3.0, STM32Cube_FW_U3_V1.2.1, STM32Cube_FW_U5_V1.8.0, STM32Cube_FW_WB0_V1.4.0, STM32Cube_FW_WBA_V1.8.0, STM32Cube_FW_WB_V1.24.0, STM32Cube_FW_WL3_V1.3.0, STM32Cube_FW_WL_V1.4.0, X-CUBE-ALGOBUILD_V1.4.0, X-CUBE-ALS_V1.0.2, X-CUBE-AZRTOS-F4_V1.1.0, X-CUBE-AZRTOS-F7_V1.1.0, X-CUBE-AZRTOS-G0_V1.1.0, X-CUBE-AZRTOS-G4_V2.0.0, X-CUBE-AZRTOS-H7RS_V1.1.0, X-CUBE-AZRTOS-H7_V3.4.0, X-CUBE-AZRTOS-L4_V2.0.0, X-CUBE-AZRTOS-L5_V2.0.0, X-CUBE-AZRTOS-WB_V2.0.0, X-CUBE-AZRTOS-WL_V2.0.0, X-CUBE-BLE1_V7.1.0, X-CUBE-BLE2_V3.3.0, X-CUBE-BLEMGR_V4.1.0, X-CUBE-EEPRMA1_V5.2.0, X-CUBE-FREERTOS_V1.3.1, X-CUBE-GNSS1_V6.0.0, X-CUBE-MEMS1_V11.3.0, X-CUBE-NFC4_V3.0.0, X-CUBE-NFC7_V2.0.0, X-CUBE-SFXS2LP1_V4.0.0, X-CUBE-ST67W61_V1.1.0, X-CUBE-SUBG2_V5.0.0, X-CUBE-TOF1_V3.4.3]
2025-12-28 09:18:39,222 [INFO] ApiDb:240 - Found 880 in-development CPN: [B-G473E-ZEST1S, B-WB1M-WPAN1, B-WBA5M-WPAN, B-WL5M-SUBG1, NUCLEO-C031C6, NUCLEO-C051C8, NUCLEO-C071RB, NUCLEO-C092RC, NUCLEO-H503RB, NUCLEO-H533RE, NUCLEO-H563ZI, NUCLEO-H7S3L8, NUCLEO-N657X0-Q, NUCLEO-U031R8, NUCLEO-U083RC, NUCLEO-U385RG-Q, NUCLEO-U545RE-Q, NUCLEO-U5A5ZJ-Q, NUCLEO-WB05KZ, NUCLEO-WB07CC, NUCLEO-WB09KE, NUCLEO-WBA52CG, NUCLEO-WBA55CG, NUCLEO-WL33CC1, NUCLEO-WL33CC2, STEVAL-PROTEUS1, STEVAL-SMARTAG2, STEVAL-STWINBX1, STM320518-EVAL, STM32C0116-DK, STM32C011D6Y3TR, STM32C011D6Y6TR, STM32C011F4P3, STM32C011F4P6, STM32C011F4U3, STM32C011F4U6TR, STM32C011F6P3, STM32C011F6P6, STM32C011F6U3, STM32C011F6U6TR, STM32C011J4M3, STM32C011J4M6, STM32C011J6M3, STM32C011J6M6, STM32C0316-DK, STM32C031C4T3, STM32C031C4T6, STM32C031C4U3, STM32C031C4U6, STM32C031C6T3, STM32C031C6T6, STM32C031C6U3, STM32C031C6U6, STM32C031F4P3, STM32C031F4P6, STM32C031F6P3, STM32C031F6P6, STM32C031G4U3, STM32C031G4U6, STM32C031G6U3, STM32C031G6U6, STM32C031K4T3, STM32C031K4T6, STM32C031K4U3, STM32C031K4U6, STM32C031K6T3, STM32C031K6T6, STM32C031K6U3, STM32C031K6U6, STM32C051C6T6, STM32C051C6U6, STM32C051C8T6, STM32C051C8U6, STM32C051D8Y6TR, STM32C051F6P6, STM32C051F8P6, STM32C051G6U6, STM32C051G8U6, STM32C051K6T6, STM32C051K6U6, STM32C051K8T6, STM32C071C8T6, STM32C071C8T6N, STM32C071C8U6, STM32C071C8U6N, STM32C071CBT6, STM32C071CBT6N, STM32C071CBU6, STM32C071CBU6N, STM32C071F8P6, STM32C071F8P6N, STM32C071FBP6, STM32C071FBP6N, STM32C071FBY6TR, STM32C071G8U6, STM32C071G8U6N, STM32C071GBU6, STM32C071GBU6N, STM32C071K8T6, STM32C071K8T6N, STM32C071K8U6, STM32C071K8U6N, STM32C071KBT6, STM32C071KBT6N, STM32C071KBU6, STM32C071KBU6N, STM32C071R8T6, STM32C071R8T6N, STM32C071RBI6N, STM32C071RBT6, STM32C071RBT6N, STM32C091CBT6, STM32C091CBU6, STM32C091CCT6, STM32C091CCU6, STM32C091ECY6TR, STM32C091FBP6, STM32C091FCP6, STM32C091GBU6, STM32C091GCU6, STM32C091KBT6, STM32C091KBU6, STM32C091KCT6, STM32C091KCU6, STM32C091RBT6, STM32C091RCI6, STM32C091RCT6, STM32C092CBT6, STM32C092CBU6, STM32C092CCT6, STM32C092CCU6, STM32C092ECY6TR, STM32C092FBP6, STM32C092FCP6, STM32C092GBU6, STM32C092GCU6, STM32C092KBT6, STM32C092KBU6, STM32C092KCT6, STM32C092KCU6, STM32C092RBT6, STM32C092RCI6, STM32C092RCT6, STM32G071K8TXN, STM32G071K8UXN, STM32G081GBU6N, STM32G081KBT6N, STM32G081KBUXN, STM32G0B1CCT6N, STM32G0B1KCT6, STM32G0B1NEY6TR, STM32G0B1RCT6N, STM32G0C1CCT6, STM32G0C1CCT6N, STM32G0C1CCU6N, STM32G0C1CET6N, STM32G0C1CEU6N, STM32G0C1KCT6, STM32G0C1NEY6TR, STM32G0C1RCI6N, STM32G0C1RCT6N, STM32G0C1REI6N, STM32G0C1RET6N, STM32G0C1VCI6, STM32G0C1VEI6, STM32G411C6T3, STM32G411C6T6, STM32G411C6U3, STM32G411C6U6, STM32G411C8T3, STM32G411C8T6, STM32G411C8U3, STM32G411C8U6, STM32G411CBT3, STM32G411CBT6, STM32G411CBU3, STM32G411CBU6, STM32G411K6T3, STM32G411K6T6, STM32G411K6U3, STM32G411K6U6, STM32G411K8T3, STM32G411K8T6, STM32G411K8U3, STM32G411K8U6, STM32G411KBT3, STM32G411KBT6, STM32G411KBU3, STM32G411KBU6, STM32G411M6T3, STM32G411M6T6, STM32G411M8T3, STM32G411M8T6, STM32G411MBT3, STM32G411MBT6, STM32G411R6T3, STM32G411R6T6, STM32G411R8T3, STM32G411R8T6, STM32G411RBT3, STM32G411RBT6, STM32G414CBT3, STM32G414CBT6, STM32G414CBU3, STM32G414CBU6, STM32G414CCT3, STM32G414CCT6, STM32G414CCU3, STM32G414CCU6, STM32G414MBT3, STM32G414MBT6, STM32G414MCT3, STM32G414MCT6, STM32G414RBT3, STM32G414RBT6, STM32G414RCT3, STM32G414RCT6, STM32G414VBT3, STM32G414VBT6, STM32G414VCT3, STM32G414VCT6, STM32G431CBT3Z, STM32G431RBT3Z, STM32G471CCT6, STM32G471CCU6, STM32G471CET3, STM32G471CET6, STM32G471CEU3, STM32G471CEU6, STM32G471MCT6, STM32G471MET3, STM32G471MET6, STM32G471MEY6TR, STM32G471QCT6, STM32G471QET3, STM32G471RCT6, STM32G471RET3, STM32G471RET6, STM32G471VCH6, STM32G471VCI6, STM32G471VCT6, STM32G471VEH3, STM32G471VEH6, STM32G471VEI3, STM32G471VEI6, STM32G471VET3, STM32G471VET6, STM32G473QET3Z, STM32G473RET3Z, STM32G474CCT6, STM32G491RET3Z, STM32H503CBT6, STM32H503CBU6, STM32H503EBY6TR, STM32H503KBU6, STM32H503RBT6, STM32H523CCT6, STM32H523CCU6, STM32H523CET6, STM32H523CEU6, STM32H523HEY6TR, STM32H523RCT6, STM32H523RET6, STM32H523VCI6, STM32H523VCT6, STM32H523VEI6, STM32H523VET6, STM32H523ZCJ6, STM32H523ZCT6, STM32H523ZEJ6, STM32H523ZET6, STM32H533CET6, STM32H533CEU6, STM32H533HEY6TR, STM32H533RET6, STM32H533VEI6, STM32H533VET6, STM32H533ZEJ6, STM32H533ZET6, STM32H562AGI6, STM32H562AII6, STM32H562IGK6, STM32H562IGT6, STM32H562IIK6, STM32H562IIT6, STM32H562RGT6, STM32H562RGV6, STM32H562RIT6, STM32H562RIV6, STM32H562VGT6, STM32H562VIT6, STM32H562ZGT6, STM32H562ZIT6, STM32H563AGI6, STM32H563AII3Q, STM32H563AII6, STM32H563IGK6, STM32H563IGT6, STM32H563IIK3Q, STM32H563IIK6, STM32H563IIT3Q, STM32H563IIT6, STM32H563MIY3QTR, STM32H563RGT6, STM32H563RGV6, STM32H563RIT6, STM32H563RIV6, STM32H563VGT6, STM32H563VIT3Q, STM32H563VIT6, STM32H563ZGT6, STM32H563ZIT3Q, STM32H563ZIT6, STM32H573AII3Q, STM32H573AII6, STM32H573I-DK, STM32H573IIK3Q, STM32H573IIK6, STM32H573IIT3Q, STM32H573IIT6, STM32H573MIY3QTR, STM32H573RIT6, STM32H573RIV6, STM32H573VIT3Q, STM32H573VIT6, STM32H573ZIT3Q, STM32H573ZIT6, STM32H7R3A8I6, STM32H7R3I8K6, STM32H7R3I8T6, STM32H7R3L8H6, STM32H7R3L8H6H, STM32H7R3R8V6, STM32H7R3V8H6, STM32H7R3V8T6, STM32H7R3V8Y6TR, STM32H7R3Z8J6, STM32H7R3Z8T6, STM32H7R7A8I6, STM32H7R7I8K6, STM32H7R7I8T6, STM32H7R7L8H6, STM32H7R7L8H6H, STM32H7R7Z8J6, STM32H7S3A8I6, STM32H7S3I8K6, STM32H7S3I8T6, STM32H7S3L8H6, STM32H7S3L8H6H, STM32H7S3R8V6, STM32H7S3V8H6, STM32H7S3V8T6, STM32H7S3V8Y6TR, STM32H7S3Z8J6, STM32H7S3Z8T6, STM32H7S78-DK, STM32H7S7A8I6, STM32H7S7I8K6, STM32H7S7I8T6, STM32H7S7L8H6, STM32H7S7L8H6H, STM32H7S7Z8J6, STM32L4R5QGI6STR, STM32MP131AAE3, STM32MP131AAF3, STM32MP131AAG3, STM32MP131CAE3, STM32MP131CAF3, STM32MP131CAG3, STM32MP131DAE7, STM32MP131DAF7, STM32MP131DAG7, STM32MP131FAE7, STM32MP131FAF7, STM32MP131FAG7, STM32MP133AAE3, STM32MP133AAF3, STM32MP133AAG3, STM32MP133CAE3, STM32MP133CAF3, STM32MP133CAG3, STM32MP133DAE7, STM32MP133DAF7, STM32MP133DAG7, STM32MP133FAE7, STM32MP133FAF7, STM32MP133FAG7, STM32MP135AAE3, STM32MP135AAF3, STM32MP135AAG3, STM32MP135CAE3, STM32MP135CAF3, STM32MP135CAG3, STM32MP135DAE7, STM32MP135DAF7, STM32MP135DAG7, STM32MP135F-DK, STM32MP135FAE7, STM32MP135FAF7, STM32MP135FAF7T, STM32MP135FAF7U, STM32MP135FAG7, STM32MP211AAL3, STM32MP211AAM3, STM32MP211AAN3, STM32MP211AAO3, STM32MP211CAL3, STM32MP211CAM3, STM32MP211CAN3, STM32MP211CAO3, STM32MP211DAL3, STM32MP211DAM3, STM32MP211DAN3, STM32MP211DAO3, STM32MP211FAL3, STM32MP211FAM3, STM32MP211FAN3, STM32MP211FAO3, STM32MP213AAL3, STM32MP213AAM3, STM32MP213AAN3, STM32MP213AAO3, STM32MP213CAL3, STM32MP213CAM3, STM32MP213CAN3, STM32MP213CAO3, STM32MP213DAL3, STM32MP213DAM3, STM32MP213DAN3, STM32MP213DAO3, STM32MP213FAL3, STM32MP213FAM3, STM32MP213FAN3, STM32MP213FAO3, STM32MP215AAL3, STM32MP215AAM3, STM32MP215AAN3, STM32MP215AAO3, STM32MP215CAL3, STM32MP215CAM3, STM32MP215CAN3, STM32MP215CAO3, STM32MP215DAL3, STM32MP215DAM3, STM32MP215DAN3, STM32MP215DAO3, STM32MP215F-DK, STM32MP215FAL3, STM32MP215FAM3, STM32MP215FAN3, STM32MP215FAO3, STM32MP231AAJ3, STM32MP231AAK3, STM32MP231AAL3, STM32MP231CAJ3, STM32MP231CAK3, STM32MP231CAL3, STM32MP231DAJ3, STM32MP231DAK3, STM32MP231DAL3, STM32MP231FAJ3, STM32MP231FAK3, STM32MP231FAL3, STM32MP233AAJ3, STM32MP233AAK3, STM32MP233AAL3, STM32MP233CAJ3, STM32MP233CAK3, STM32MP233CAL3, STM32MP233DAJ3, STM32MP233DAK3, STM32MP233DAL3, STM32MP233FAJ3, STM32MP233FAK3, STM32MP233FAL3, STM32MP235AAJ3, STM32MP235AAK3, STM32MP235AAL3, STM32MP235CAJ3, STM32MP235CAK3, STM32MP235CAL3, STM32MP235DAJ3, STM32MP235DAK3, STM32MP235DAL3, STM32MP235FAJ3, STM32MP235FAK3, STM32MP235FAL3, STM32MP251AAI3, STM32MP251AAK3, STM32MP251AAL3, STM32MP251CAI3, STM32MP251CAK3, STM32MP251CAL3, STM32MP251DAI3, STM32MP251DAK3, STM32MP251DAL3, STM32MP251FAI3, STM32MP251FAK3, STM32MP251FAL3, STM32MP253AAI3, STM32MP253AAK3, STM32MP253AAL3, STM32MP253CAI3, STM32MP253CAK3, STM32MP253CAL3, STM32MP253DAI3, STM32MP253DAK3, STM32MP253DAL3, STM32MP253FAI3, STM32MP253FAK3, STM32MP253FAL3, STM32MP255AAI3, STM32MP255AAK3, STM32MP255AAL3, STM32MP255CAI3, STM32MP255CAK3, STM32MP255CAL3, STM32MP255DAI3, STM32MP255DAK3, STM32MP255DAL3, STM32MP255FAI3, STM32MP255FAK3, STM32MP255FAL3, STM32MP257AAI3, STM32MP257AAK3, STM32MP257AAL3, STM32MP257CAI3, STM32MP257CAK3, STM32MP257CAL3, STM32MP257DAI3, STM32MP257DAK3, STM32MP257DAL3, STM32MP257F-DK, STM32MP257F-EV1, STM32MP257FAI3, STM32MP257FAK3, STM32MP257FAL3, STM32N645A0H3Q, STM32N645B0H3Q, STM32N645I0H3Q, STM32N645L0H3Q, STM32N645X0H3Q, STM32N645Z0H3Q, STM32N647A0H3Q, STM32N647B0H3Q, STM32N647I0H3Q, STM32N647L0H3Q, STM32N647X0H3Q, STM32N647Z0H3Q, STM32N655A0H3Q, STM32N655B0H3Q, STM32N655I0H3Q, STM32N655L0H3Q, STM32N655X0H3Q, STM32N655Z0H3Q, STM32N6570-DK, STM32N657A0H3Q, STM32N657B0H3Q, STM32N657I0H3Q, STM32N657L0H3Q, STM32N657X0H3Q, STM32N657Z0H3Q, STM32U031C6T6, STM32U031C6U6, STM32U031C8T6, STM32U031C8U6, STM32U031F4P6, STM32U031F6P6, STM32U031F8P6, STM32U031G6Y6TR, STM32U031G8Y6TR, STM32U031K4U6, STM32U031K6U6, STM32U031K8U6, STM32U031R6I6, STM32U031R6T6, STM32U031R8I6, STM32U031R8T6, STM32U073C8T6, STM32U073C8U6, STM32U073CBT6, STM32U073CBU6, STM32U073CCT6, STM32U073CCU6, STM32U073H8Y6TR, STM32U073HBY6TR, STM32U073HCY6TR, STM32U073K8U6, STM32U073KBU6, STM32U073KCU6, STM32U073M8I6, STM32U073M8T6, STM32U073MBI6, STM32U073MBT6, STM32U073MCI6, STM32U073MCT6, STM32U073R8I6, STM32U073R8T6, STM32U073RBI6, STM32U073RBT6, STM32U073RCI6, STM32U073RCT6, STM32U083C-DK, STM32U083CCT6, STM32U083CCU6, STM32U083HCY6TR, STM32U083KCU6, STM32U083MCI6, STM32U083MCT6, STM32U083RCI6, STM32U083RCT6, STM32U375CET6, STM32U375CET6Q, STM32U375CEU6, STM32U375CEU6Q, STM32U375CEY6QTR, STM32U375CGT6, STM32U375CGT6Q, STM32U375CGU6, STM32U375CGU6Q, STM32U375CGY6QTR, STM32U375KEU6, STM32U375KGU6, STM32U375REI6, STM32U375REI6Q, STM32U375RET6, STM32U375RET6Q, STM32U375REY6GTR, STM32U375REY6QTR, STM32U375RGI6, STM32U375RGI6Q, STM32U375RGT6, STM32U375RGT6Q, STM32U375RGY6GTR, STM32U375RGY6QTR, STM32U375VEI6, STM32U375VEI6Q, STM32U375VET6, STM32U375VET6Q, STM32U375VGI6, STM32U375VGI6Q, STM32U375VGT6, STM32U375VGT6Q, STM32U385CGT6, STM32U385CGT6Q, STM32U385CGU6, STM32U385CGU6Q, STM32U385CGY6QTR, STM32U385KGU6, STM32U385RGI6, STM32U385RGI6Q, STM32U385RGT6, STM32U385RGT6Q, STM32U385RGY6GTR, STM32U385RGY6QTR, STM32U385VGI6, STM32U385VGI6Q, STM32U385VGT6, STM32U385VGT6Q, STM32U535CBT6, STM32U535CBT6Q, STM32U535CBU6, STM32U535CBU6Q, STM32U535CCT6, STM32U535CCT6Q, STM32U535CCU6, STM32U535CCU6Q, STM32U535CET6, STM32U535CET6Q, STM32U535CEU6, STM32U535CEU6Q, STM32U535JEY6QTR, STM32U535NCY6QTR, STM32U535NEY6QTR, STM32U535RBI6, STM32U535RBI6Q, STM32U535RBT6, STM32U535RBT6Q, STM32U535RCI6, STM32U535RCI6Q, STM32U535RCT6, STM32U535RCT6Q, STM32U535REI6, STM32U535REI6Q, STM32U535RET6, STM32U535RET6Q, STM32U535VCI6, STM32U535VCI6Q, STM32U535VCT6, STM32U535VCT6Q, STM32U535VEI6, STM32U535VEI6Q, STM32U535VET6, STM32U535VET6Q, STM32U545CET6, STM32U545CET6Q, STM32U545CEU6, STM32U545CEU6Q, STM32U545JEY6QTR, STM32U545NEY6QTR, STM32U545REI6, STM32U545REI6Q, STM32U545RET6, STM32U545RET6Q, STM32U545VEI6, STM32U545VEI6Q, STM32U545VET6, STM32U545VET6Q, STM32U595AIH6, STM32U595AIH6Q, STM32U595AJH6, STM32U595AJH6Q, STM32U595QII6, STM32U595QII6Q, STM32U595QJI6, STM32U595QJI6Q, STM32U595RIT6, STM32U595RIT6Q, STM32U595RJT6, STM32U595RJT6Q, STM32U595VIT6, STM32U595VIT6Q, STM32U595VJT6, STM32U595VJT6Q, STM32U595ZIT6, STM32U595ZIT6Q, STM32U595ZIY6QTR, STM32U595ZJT6, STM32U595ZJT6Q, STM32U595ZJY6QTR, STM32U599BJY6QTR, STM32U599NIH6Q, STM32U599NJH6Q, STM32U599VIT6Q, STM32U599VJT6, STM32U599VJT6Q, STM32U599ZIT6Q, STM32U599ZIY6QTR, STM32U599ZJT6Q, STM32U599ZJY6QTR, STM32U5A5AJH6, STM32U5A5AJH6Q, STM32U5A5QII3Q , STM32U5A5QJI6, STM32U5A5QJI6Q, STM32U5A5RJT6, STM32U5A5RJT6Q, STM32U5A5VJT6, STM32U5A5VJT6Q, STM32U5A5ZJT6, STM32U5A5ZJT6Q, STM32U5A5ZJY6QTR, STM32U5A9BJY6QTR, STM32U5A9J-DK, STM32U5A9NJH6Q, STM32U5A9VJT6Q, STM32U5A9ZJT6Q, STM32U5A9ZJY6QTR, STM32U5F7VIT6, STM32U5F7VIT6Q, STM32U5F7VJT6, STM32U5F7VJT6Q, STM32U5F9BJY6QTR, STM32U5F9NJH6Q, STM32U5F9VIT6Q, STM32U5F9VJT6Q, STM32U5F9ZIJ6QTR, STM32U5F9ZIT6Q, STM32U5F9ZJJ6QTR, STM32U5F9ZJT6Q, STM32U5G7VJT6, STM32U5G7VJT6Q, STM32U5G9BJY6QTR, STM32U5G9J-DK1, STM32U5G9J-DK2, STM32U5G9NJH6Q, STM32U5G9VJT6Q, STM32U5G9ZJJ6QTR, STM32U5G9ZJT6Q, STM32WB05KZV6TR, STM32WB05KZV7TR, STM32WB05TZF6TR, STM32WB05TZF7TR, STM32WB06CCF6TR, STM32WB06CCF7TR, STM32WB06CCV6TR, STM32WB06CCV7TR, STM32WB06KCV6TR, STM32WB06KCV7TR, STM32WB07CCF6TR, STM32WB07CCF7TR, STM32WB07CCV6TR, STM32WB07CCV7TR, STM32WB07KCV6TR, STM32WB07KCV7TR, STM32WB09KEV6TR, STM32WB09KEV7TR, STM32WB09TEF6TR, STM32WB09TEF7TR, STM32WB1MMCH6, STM32WBA50KGU6, STM32WBA50KGU6TR, STM32WBA52CEU6, STM32WBA52CEU6TR, STM32WBA52CEU7, STM32WBA52CEU7TR, STM32WBA52CGU6, STM32WBA52CGU6TR, STM32WBA52CGU6U, STM32WBA52CGU7, STM32WBA52CGU7TR, STM32WBA52KEU6, STM32WBA52KEU6TR, STM32WBA52KGU6, STM32WBA52KGU6TR, STM32WBA54CEU6, STM32WBA54CEU6TR, STM32WBA54CEU7, STM32WBA54CEU7TR, STM32WBA54CGU6, STM32WBA54CGU6TR, STM32WBA54CGU7, STM32WBA54CGU7TR, STM32WBA54KEU6, STM32WBA54KEU6TR, STM32WBA54KEU7, STM32WBA54KEU7TR, STM32WBA54KGU6, STM32WBA54KGU6TR, STM32WBA54KGU7, STM32WBA54KGU7TR, STM32WBA55CEU6, STM32WBA55CEU6TR, STM32WBA55CEU7, STM32WBA55CEU7TR, STM32WBA55CGU6, STM32WBA55CGU6TR, STM32WBA55CGU6U, STM32WBA55CGU7, STM32WBA55CGU7TR, STM32WBA55G-DK1, STM32WBA55HEF6, STM32WBA55HEF7, STM32WBA55HGF6, STM32WBA55HGF7, STM32WBA55UEI6, STM32WBA55UEI6TR, STM32WBA55UEI7, STM32WBA55UEI7TR, STM32WBA55UGI6, STM32WBA55UGI6TR, STM32WBA55UGI7, STM32WBA55UGI7TR, STM32WBA5MMGH6TR, STM32WBA62MGF6, STM32WBA62MIF6, STM32WBA65MGF7, STM32WBA65MIF6, STM32WBA65MIF7, STM32WL30K8V6, STM32WL30KBV6, STM32WL31C8V6, STM32WL31CBV6, STM32WL31K8V6, STM32WL31KBV6, STM32WL33C8V6, STM32WL33C8V6X, STM32WL33CBV6, STM32WL33CBV6X, STM32WL33CCV6, STM32WL33CCV6A, STM32WL33CCV6X, STM32WL33K8V7, STM32WL33K8V7X, STM32WL33KBV7 , STM32WL33KBV7X, STM32WL33KCV7, STM32WL33KCV7X, STM32WL5MOCH6, STM32WL5MOCH6TR]
2025-12-28 09:18:39,238 [INFO] DbMcus:218 - Found 4876 MCUs, 4876 are supported
2025-12-28 09:18:39,240 [INFO] ApiDb:423 - Load user favorites file C:\Users\kleyton/.stm32cubeide/favorites.mcus.txt: 0 item(s)
2025-12-28 09:18:39,240 [INFO] ApiDb:427 - User favorites MCUs=[]
2025-12-28 09:18:39,240 [INFO] DbMcus:224 - Set 0 / 0 favorites MCUs
2025-12-28 09:18:40,568 [INFO] ApiDb:668 - CubeFinder database Data Model version=2.1
2025-12-28 09:18:40,569 [INFO] ApiDb:669 - CubeFinder database Configuration version=3.0.39
2025-12-28 09:18:40,569 [INFO] ApiDb:670 - CubeFinder database generation date=2025-11-05 (1762334721)
2025-12-28 09:18:40,569 [INFO] ApiDb:671 - CubeFinder database FW Pack versions=[FP-ATR-ASTRA1_V2.0.0, FP-SNS-FLIGHT1_V5.1.0, FP-SNS-MOTENV1_V5.1.0, FP-SNS-MOTENVWB1_V1.4.0, FP-SNS-SMARTAG2_V1.2.0, FP-SNS-STBOX1_V2.1.0, STM32Cube_FW_C0_V1.4.0, STM32Cube_FW_F4_V1.28.3, STM32Cube_FW_F7_V1.17.4, STM32Cube_FW_G0_V1.6.2, STM32Cube_FW_G4_V1.6.1, STM32Cube_FW_H5_V1.5.1, STM32Cube_FW_H7RS_V1.3.0, STM32Cube_FW_H7_V1.12.1, STM32Cube_FW_L0_V1.12.2, STM32Cube_FW_L4_V1.18.1, STM32Cube_FW_L5_V1.6.0, STM32Cube_FW_N6_V1.3.0, STM32Cube_FW_U0_V1.3.0, STM32Cube_FW_U3_V1.2.1, STM32Cube_FW_U5_V1.8.0, STM32Cube_FW_WB0_V1.4.0, STM32Cube_FW_WBA_V1.8.0, STM32Cube_FW_WB_V1.24.0, STM32Cube_FW_WL3_V1.3.0, STM32Cube_FW_WL_V1.4.0, X-CUBE-ALGOBUILD_V1.4.0, X-CUBE-ALS_V1.0.2, X-CUBE-AZRTOS-F4_V1.1.0, X-CUBE-AZRTOS-F7_V1.1.0, X-CUBE-AZRTOS-G0_V1.1.0, X-CUBE-AZRTOS-G4_V2.0.0, X-CUBE-AZRTOS-H7RS_V1.1.0, X-CUBE-AZRTOS-H7_V3.4.0, X-CUBE-AZRTOS-L4_V2.0.0, X-CUBE-AZRTOS-L5_V2.0.0, X-CUBE-AZRTOS-WB_V2.0.0, X-CUBE-AZRTOS-WL_V2.0.0, X-CUBE-BLE1_V7.1.0, X-CUBE-BLE2_V3.3.0, X-CUBE-BLEMGR_V4.1.0, X-CUBE-EEPRMA1_V5.2.0, X-CUBE-FREERTOS_V1.3.1, X-CUBE-GNSS1_V6.0.0, X-CUBE-MEMS1_V11.3.0, X-CUBE-NFC4_V3.0.0, X-CUBE-NFC7_V2.0.0, X-CUBE-SFXS2LP1_V4.0.0, X-CUBE-ST67W61_V1.1.0, X-CUBE-SUBG2_V5.0.0, X-CUBE-TOF1_V3.4.3]
2025-12-28 09:18:40,719 [INFO] DbBoardsSqlite:226 - include board P-NUCLEO-WB55-NUCLEO as a kit item of type 'Nucleo-64'
2025-12-28 09:18:40,720 [INFO] DbBoardsSqlite:226 - include board P-NUCLEO-WB55-USBDONGLE as a kit item of type 'Nucleo USB Dongle'
2025-12-28 09:18:40,721 [INFO] DbBoardsSqlite:226 - include board STEVAL-IDP005V1 as a kit item of type 'Evaluation Board'
2025-12-28 09:18:40,721 [INFO] DbBoardsSqlite:226 - include board STEVAL-IDP005V2 as a kit item of type 'Evaluation Board'
2025-12-28 09:18:40,913 [INFO] ApiDb:240 - Found 880 in-development CPN: [B-G473E-ZEST1S, B-WB1M-WPAN1, B-WBA5M-WPAN, B-WL5M-SUBG1, NUCLEO-C031C6, NUCLEO-C051C8, NUCLEO-C071RB, NUCLEO-C092RC, NUCLEO-H503RB, NUCLEO-H533RE, NUCLEO-H563ZI, NUCLEO-H7S3L8, NUCLEO-N657X0-Q, NUCLEO-U031R8, NUCLEO-U083RC, NUCLEO-U385RG-Q, NUCLEO-U545RE-Q, NUCLEO-U5A5ZJ-Q, NUCLEO-WB05KZ, NUCLEO-WB07CC, NUCLEO-WB09KE, NUCLEO-WBA52CG, NUCLEO-WBA55CG, NUCLEO-WL33CC1, NUCLEO-WL33CC2, STEVAL-PROTEUS1, STEVAL-SMARTAG2, STEVAL-STWINBX1, STM320518-EVAL, STM32C0116-DK, STM32C011D6Y3TR, STM32C011D6Y6TR, STM32C011F4P3, STM32C011F4P6, STM32C011F4U3, STM32C011F4U6TR, STM32C011F6P3, STM32C011F6P6, STM32C011F6U3, STM32C011F6U6TR, STM32C011J4M3, STM32C011J4M6, STM32C011J6M3, STM32C011J6M6, STM32C0316-DK, STM32C031C4T3, STM32C031C4T6, STM32C031C4U3, STM32C031C4U6, STM32C031C6T3, STM32C031C6T6, STM32C031C6U3, STM32C031C6U6, STM32C031F4P3, STM32C031F4P6, STM32C031F6P3, STM32C031F6P6, STM32C031G4U3, STM32C031G4U6, STM32C031G6U3, STM32C031G6U6, STM32C031K4T3, STM32C031K4T6, STM32C031K4U3, STM32C031K4U6, STM32C031K6T3, STM32C031K6T6, STM32C031K6U3, STM32C031K6U6, STM32C051C6T6, STM32C051C6U6, STM32C051C8T6, STM32C051C8U6, STM32C051D8Y6TR, STM32C051F6P6, STM32C051F8P6, STM32C051G6U6, STM32C051G8U6, STM32C051K6T6, STM32C051K6U6, STM32C051K8T6, STM32C071C8T6, STM32C071C8T6N, STM32C071C8U6, STM32C071C8U6N, STM32C071CBT6, STM32C071CBT6N, STM32C071CBU6, STM32C071CBU6N, STM32C071F8P6, STM32C071F8P6N, STM32C071FBP6, STM32C071FBP6N, STM32C071FBY6TR, STM32C071G8U6, STM32C071G8U6N, STM32C071GBU6, STM32C071GBU6N, STM32C071K8T6, STM32C071K8T6N, STM32C071K8U6, STM32C071K8U6N, STM32C071KBT6, STM32C071KBT6N, STM32C071KBU6, STM32C071KBU6N, STM32C071R8T6, STM32C071R8T6N, STM32C071RBI6N, STM32C071RBT6, STM32C071RBT6N, STM32C091CBT6, STM32C091CBU6, STM32C091CCT6, STM32C091CCU6, STM32C091ECY6TR, STM32C091FBP6, STM32C091FCP6, STM32C091GBU6, STM32C091GCU6, STM32C091KBT6, STM32C091KBU6, STM32C091KCT6, STM32C091KCU6, STM32C091RBT6, STM32C091RCI6, STM32C091RCT6, STM32C092CBT6, STM32C092CBU6, STM32C092CCT6, STM32C092CCU6, STM32C092ECY6TR, STM32C092FBP6, STM32C092FCP6, STM32C092GBU6, STM32C092GCU6, STM32C092KBT6, STM32C092KBU6, STM32C092KCT6, STM32C092KCU6, STM32C092RBT6, STM32C092RCI6, STM32C092RCT6, STM32G071K8TXN, STM32G071K8UXN, STM32G081GBU6N, STM32G081KBT6N, STM32G081KBUXN, STM32G0B1CCT6N, STM32G0B1KCT6, STM32G0B1NEY6TR, STM32G0B1RCT6N, STM32G0C1CCT6, STM32G0C1CCT6N, STM32G0C1CCU6N, STM32G0C1CET6N, STM32G0C1CEU6N, STM32G0C1KCT6, STM32G0C1NEY6TR, STM32G0C1RCI6N, STM32G0C1RCT6N, STM32G0C1REI6N, STM32G0C1RET6N, STM32G0C1VCI6, STM32G0C1VEI6, STM32G411C6T3, STM32G411C6T6, STM32G411C6U3, STM32G411C6U6, STM32G411C8T3, STM32G411C8T6, STM32G411C8U3, STM32G411C8U6, STM32G411CBT3, STM32G411CBT6, STM32G411CBU3, STM32G411CBU6, STM32G411K6T3, STM32G411K6T6, STM32G411K6U3, STM32G411K6U6, STM32G411K8T3, STM32G411K8T6, STM32G411K8U3, STM32G411K8U6, STM32G411KBT3, STM32G411KBT6, STM32G411KBU3, STM32G411KBU6, STM32G411M6T3, STM32G411M6T6, STM32G411M8T3, STM32G411M8T6, STM32G411MBT3, STM32G411MBT6, STM32G411R6T3, STM32G411R6T6, STM32G411R8T3, STM32G411R8T6, STM32G411RBT3, STM32G411RBT6, STM32G414CBT3, STM32G414CBT6, STM32G414CBU3, STM32G414CBU6, STM32G414CCT3, STM32G414CCT6, STM32G414CCU3, STM32G414CCU6, STM32G414MBT3, STM32G414MBT6, STM32G414MCT3, STM32G414MCT6, STM32G414RBT3, STM32G414RBT6, STM32G414RCT3, STM32G414RCT6, STM32G414VBT3, STM32G414VBT6, STM32G414VCT3, STM32G414VCT6, STM32G431CBT3Z, STM32G431RBT3Z, STM32G471CCT6, STM32G471CCU6, STM32G471CET3, STM32G471CET6, STM32G471CEU3, STM32G471CEU6, STM32G471MCT6, STM32G471MET3, STM32G471MET6, STM32G471MEY6TR, STM32G471QCT6, STM32G471QET3, STM32G471RCT6, STM32G471RET3, STM32G471RET6, STM32G471VCH6, STM32G471VCI6, STM32G471VCT6, STM32G471VEH3, STM32G471VEH6, STM32G471VEI3, STM32G471VEI6, STM32G471VET3, STM32G471VET6, STM32G473QET3Z, STM32G473RET3Z, STM32G474CCT6, STM32G491RET3Z, STM32H503CBT6, STM32H503CBU6, STM32H503EBY6TR, STM32H503KBU6, STM32H503RBT6, STM32H523CCT6, STM32H523CCU6, STM32H523CET6, STM32H523CEU6, STM32H523HEY6TR, STM32H523RCT6, STM32H523RET6, STM32H523VCI6, STM32H523VCT6, STM32H523VEI6, STM32H523VET6, STM32H523ZCJ6, STM32H523ZCT6, STM32H523ZEJ6, STM32H523ZET6, STM32H533CET6, STM32H533CEU6, STM32H533HEY6TR, STM32H533RET6, STM32H533VEI6, STM32H533VET6, STM32H533ZEJ6, STM32H533ZET6, STM32H562AGI6, STM32H562AII6, STM32H562IGK6, STM32H562IGT6, STM32H562IIK6, STM32H562IIT6, STM32H562RGT6, STM32H562RGV6, STM32H562RIT6, STM32H562RIV6, STM32H562VGT6, STM32H562VIT6, STM32H562ZGT6, STM32H562ZIT6, STM32H563AGI6, STM32H563AII3Q, STM32H563AII6, STM32H563IGK6, STM32H563IGT6, STM32H563IIK3Q, STM32H563IIK6, STM32H563IIT3Q, STM32H563IIT6, STM32H563MIY3QTR, STM32H563RGT6, STM32H563RGV6, STM32H563RIT6, STM32H563RIV6, STM32H563VGT6, STM32H563VIT3Q, STM32H563VIT6, STM32H563ZGT6, STM32H563ZIT3Q, STM32H563ZIT6, STM32H573AII3Q, STM32H573AII6, STM32H573I-DK, STM32H573IIK3Q, STM32H573IIK6, STM32H573IIT3Q, STM32H573IIT6, STM32H573MIY3QTR, STM32H573RIT6, STM32H573RIV6, STM32H573VIT3Q, STM32H573VIT6, STM32H573ZIT3Q, STM32H573ZIT6, STM32H7R3A8I6, STM32H7R3I8K6, STM32H7R3I8T6, STM32H7R3L8H6, STM32H7R3L8H6H, STM32H7R3R8V6, STM32H7R3V8H6, STM32H7R3V8T6, STM32H7R3V8Y6TR, STM32H7R3Z8J6, STM32H7R3Z8T6, STM32H7R7A8I6, STM32H7R7I8K6, STM32H7R7I8T6, STM32H7R7L8H6, STM32H7R7L8H6H, STM32H7R7Z8J6, STM32H7S3A8I6, STM32H7S3I8K6, STM32H7S3I8T6, STM32H7S3L8H6, STM32H7S3L8H6H, STM32H7S3R8V6, STM32H7S3V8H6, STM32H7S3V8T6, STM32H7S3V8Y6TR, STM32H7S3Z8J6, STM32H7S3Z8T6, STM32H7S78-DK, STM32H7S7A8I6, STM32H7S7I8K6, STM32H7S7I8T6, STM32H7S7L8H6, STM32H7S7L8H6H, STM32H7S7Z8J6, STM32L4R5QGI6STR, STM32MP131AAE3, STM32MP131AAF3, STM32MP131AAG3, STM32MP131CAE3, STM32MP131CAF3, STM32MP131CAG3, STM32MP131DAE7, STM32MP131DAF7, STM32MP131DAG7, STM32MP131FAE7, STM32MP131FAF7, STM32MP131FAG7, STM32MP133AAE3, STM32MP133AAF3, STM32MP133AAG3, STM32MP133CAE3, STM32MP133CAF3, STM32MP133CAG3, STM32MP133DAE7, STM32MP133DAF7, STM32MP133DAG7, STM32MP133FAE7, STM32MP133FAF7, STM32MP133FAG7, STM32MP135AAE3, STM32MP135AAF3, STM32MP135AAG3, STM32MP135CAE3, STM32MP135CAF3, STM32MP135CAG3, STM32MP135DAE7, STM32MP135DAF7, STM32MP135DAG7, STM32MP135F-DK, STM32MP135FAE7, STM32MP135FAF7, STM32MP135FAF7T, STM32MP135FAF7U, STM32MP135FAG7, STM32MP211AAL3, STM32MP211AAM3, STM32MP211AAN3, STM32MP211AAO3, STM32MP211CAL3, STM32MP211CAM3, STM32MP211CAN3, STM32MP211CAO3, STM32MP211DAL3, STM32MP211DAM3, STM32MP211DAN3, STM32MP211DAO3, STM32MP211FAL3, STM32MP211FAM3, STM32MP211FAN3, STM32MP211FAO3, STM32MP213AAL3, STM32MP213AAM3, STM32MP213AAN3, STM32MP213AAO3, STM32MP213CAL3, STM32MP213CAM3, STM32MP213CAN3, STM32MP213CAO3, STM32MP213DAL3, STM32MP213DAM3, STM32MP213DAN3, STM32MP213DAO3, STM32MP213FAL3, STM32MP213FAM3, STM32MP213FAN3, STM32MP213FAO3, STM32MP215AAL3, STM32MP215AAM3, STM32MP215AAN3, STM32MP215AAO3, STM32MP215CAL3, STM32MP215CAM3, STM32MP215CAN3, STM32MP215CAO3, STM32MP215DAL3, STM32MP215DAM3, STM32MP215DAN3, STM32MP215DAO3, STM32MP215F-DK, STM32MP215FAL3, STM32MP215FAM3, STM32MP215FAN3, STM32MP215FAO3, STM32MP231AAJ3, STM32MP231AAK3, STM32MP231AAL3, STM32MP231CAJ3, STM32MP231CAK3, STM32MP231CAL3, STM32MP231DAJ3, STM32MP231DAK3, STM32MP231DAL3, STM32MP231FAJ3, STM32MP231FAK3, STM32MP231FAL3, STM32MP233AAJ3, STM32MP233AAK3, STM32MP233AAL3, STM32MP233CAJ3, STM32MP233CAK3, STM32MP233CAL3, STM32MP233DAJ3, STM32MP233DAK3, STM32MP233DAL3, STM32MP233FAJ3, STM32MP233FAK3, STM32MP233FAL3, STM32MP235AAJ3, STM32MP235AAK3, STM32MP235AAL3, STM32MP235CAJ3, STM32MP235CAK3, STM32MP235CAL3, STM32MP235DAJ3, STM32MP235DAK3, STM32MP235DAL3, STM32MP235FAJ3, STM32MP235FAK3, STM32MP235FAL3, STM32MP251AAI3, STM32MP251AAK3, STM32MP251AAL3, STM32MP251CAI3, STM32MP251CAK3, STM32MP251CAL3, STM32MP251DAI3, STM32MP251DAK3, STM32MP251DAL3, STM32MP251FAI3, STM32MP251FAK3, STM32MP251FAL3, STM32MP253AAI3, STM32MP253AAK3, STM32MP253AAL3, STM32MP253CAI3, STM32MP253CAK3, STM32MP253CAL3, STM32MP253DAI3, STM32MP253DAK3, STM32MP253DAL3, STM32MP253FAI3, STM32MP253FAK3, STM32MP253FAL3, STM32MP255AAI3, STM32MP255AAK3, STM32MP255AAL3, STM32MP255CAI3, STM32MP255CAK3, STM32MP255CAL3, STM32MP255DAI3, STM32MP255DAK3, STM32MP255DAL3, STM32MP255FAI3, STM32MP255FAK3, STM32MP255FAL3, STM32MP257AAI3, STM32MP257AAK3, STM32MP257AAL3, STM32MP257CAI3, STM32MP257CAK3, STM32MP257CAL3, STM32MP257DAI3, STM32MP257DAK3, STM32MP257DAL3, STM32MP257F-DK, STM32MP257F-EV1, STM32MP257FAI3, STM32MP257FAK3, STM32MP257FAL3, STM32N645A0H3Q, STM32N645B0H3Q, STM32N645I0H3Q, STM32N645L0H3Q, STM32N645X0H3Q, STM32N645Z0H3Q, STM32N647A0H3Q, STM32N647B0H3Q, STM32N647I0H3Q, STM32N647L0H3Q, STM32N647X0H3Q, STM32N647Z0H3Q, STM32N655A0H3Q, STM32N655B0H3Q, STM32N655I0H3Q, STM32N655L0H3Q, STM32N655X0H3Q, STM32N655Z0H3Q, STM32N6570-DK, STM32N657A0H3Q, STM32N657B0H3Q, STM32N657I0H3Q, STM32N657L0H3Q, STM32N657X0H3Q, STM32N657Z0H3Q, STM32U031C6T6, STM32U031C6U6, STM32U031C8T6, STM32U031C8U6, STM32U031F4P6, STM32U031F6P6, STM32U031F8P6, STM32U031G6Y6TR, STM32U031G8Y6TR, STM32U031K4U6, STM32U031K6U6, STM32U031K8U6, STM32U031R6I6, STM32U031R6T6, STM32U031R8I6, STM32U031R8T6, STM32U073C8T6, STM32U073C8U6, STM32U073CBT6, STM32U073CBU6, STM32U073CCT6, STM32U073CCU6, STM32U073H8Y6TR, STM32U073HBY6TR, STM32U073HCY6TR, STM32U073K8U6, STM32U073KBU6, STM32U073KCU6, STM32U073M8I6, STM32U073M8T6, STM32U073MBI6, STM32U073MBT6, STM32U073MCI6, STM32U073MCT6, STM32U073R8I6, STM32U073R8T6, STM32U073RBI6, STM32U073RBT6, STM32U073RCI6, STM32U073RCT6, STM32U083C-DK, STM32U083CCT6, STM32U083CCU6, STM32U083HCY6TR, STM32U083KCU6, STM32U083MCI6, STM32U083MCT6, STM32U083RCI6, STM32U083RCT6, STM32U375CET6, STM32U375CET6Q, STM32U375CEU6, STM32U375CEU6Q, STM32U375CEY6QTR, STM32U375CGT6, STM32U375CGT6Q, STM32U375CGU6, STM32U375CGU6Q, STM32U375CGY6QTR, STM32U375KEU6, STM32U375KGU6, STM32U375REI6, STM32U375REI6Q, STM32U375RET6, STM32U375RET6Q, STM32U375REY6GTR, STM32U375REY6QTR, STM32U375RGI6, STM32U375RGI6Q, STM32U375RGT6, STM32U375RGT6Q, STM32U375RGY6GTR, STM32U375RGY6QTR, STM32U375VEI6, STM32U375VEI6Q, STM32U375VET6, STM32U375VET6Q, STM32U375VGI6, STM32U375VGI6Q, STM32U375VGT6, STM32U375VGT6Q, STM32U385CGT6, STM32U385CGT6Q, STM32U385CGU6, STM32U385CGU6Q, STM32U385CGY6QTR, STM32U385KGU6, STM32U385RGI6, STM32U385RGI6Q, STM32U385RGT6, STM32U385RGT6Q, STM32U385RGY6GTR, STM32U385RGY6QTR, STM32U385VGI6, STM32U385VGI6Q, STM32U385VGT6, STM32U385VGT6Q, STM32U535CBT6, STM32U535CBT6Q, STM32U535CBU6, STM32U535CBU6Q, STM32U535CCT6, STM32U535CCT6Q, STM32U535CCU6, STM32U535CCU6Q, STM32U535CET6, STM32U535CET6Q, STM32U535CEU6, STM32U535CEU6Q, STM32U535JEY6QTR, STM32U535NCY6QTR, STM32U535NEY6QTR, STM32U535RBI6, STM32U535RBI6Q, STM32U535RBT6, STM32U535RBT6Q, STM32U535RCI6, STM32U535RCI6Q, STM32U535RCT6, STM32U535RCT6Q, STM32U535REI6, STM32U535REI6Q, STM32U535RET6, STM32U535RET6Q, STM32U535VCI6, STM32U535VCI6Q, STM32U535VCT6, STM32U535VCT6Q, STM32U535VEI6, STM32U535VEI6Q, STM32U535VET6, STM32U535VET6Q, STM32U545CET6, STM32U545CET6Q, STM32U545CEU6, STM32U545CEU6Q, STM32U545JEY6QTR, STM32U545NEY6QTR, STM32U545REI6, STM32U545REI6Q, STM32U545RET6, STM32U545RET6Q, STM32U545VEI6, STM32U545VEI6Q, STM32U545VET6, STM32U545VET6Q, STM32U595AIH6, STM32U595AIH6Q, STM32U595AJH6, STM32U595AJH6Q, STM32U595QII6, STM32U595QII6Q, STM32U595QJI6, STM32U595QJI6Q, STM32U595RIT6, STM32U595RIT6Q, STM32U595RJT6, STM32U595RJT6Q, STM32U595VIT6, STM32U595VIT6Q, STM32U595VJT6, STM32U595VJT6Q, STM32U595ZIT6, STM32U595ZIT6Q, STM32U595ZIY6QTR, STM32U595ZJT6, STM32U595ZJT6Q, STM32U595ZJY6QTR, STM32U599BJY6QTR, STM32U599NIH6Q, STM32U599NJH6Q, STM32U599VIT6Q, STM32U599VJT6, STM32U599VJT6Q, STM32U599ZIT6Q, STM32U599ZIY6QTR, STM32U599ZJT6Q, STM32U599ZJY6QTR, STM32U5A5AJH6, STM32U5A5AJH6Q, STM32U5A5QII3Q , STM32U5A5QJI6, STM32U5A5QJI6Q, STM32U5A5RJT6, STM32U5A5RJT6Q, STM32U5A5VJT6, STM32U5A5VJT6Q, STM32U5A5ZJT6, STM32U5A5ZJT6Q, STM32U5A5ZJY6QTR, STM32U5A9BJY6QTR, STM32U5A9J-DK, STM32U5A9NJH6Q, STM32U5A9VJT6Q, STM32U5A9ZJT6Q, STM32U5A9ZJY6QTR, STM32U5F7VIT6, STM32U5F7VIT6Q, STM32U5F7VJT6, STM32U5F7VJT6Q, STM32U5F9BJY6QTR, STM32U5F9NJH6Q, STM32U5F9VIT6Q, STM32U5F9VJT6Q, STM32U5F9ZIJ6QTR, STM32U5F9ZIT6Q, STM32U5F9ZJJ6QTR, STM32U5F9ZJT6Q, STM32U5G7VJT6, STM32U5G7VJT6Q, STM32U5G9BJY6QTR, STM32U5G9J-DK1, STM32U5G9J-DK2, STM32U5G9NJH6Q, STM32U5G9VJT6Q, STM32U5G9ZJJ6QTR, STM32U5G9ZJT6Q, STM32WB05KZV6TR, STM32WB05KZV7TR, STM32WB05TZF6TR, STM32WB05TZF7TR, STM32WB06CCF6TR, STM32WB06CCF7TR, STM32WB06CCV6TR, STM32WB06CCV7TR, STM32WB06KCV6TR, STM32WB06KCV7TR, STM32WB07CCF6TR, STM32WB07CCF7TR, STM32WB07CCV6TR, STM32WB07CCV7TR, STM32WB07KCV6TR, STM32WB07KCV7TR, STM32WB09KEV6TR, STM32WB09KEV7TR, STM32WB09TEF6TR, STM32WB09TEF7TR, STM32WB1MMCH6, STM32WBA50KGU6, STM32WBA50KGU6TR, STM32WBA52CEU6, STM32WBA52CEU6TR, STM32WBA52CEU7, STM32WBA52CEU7TR, STM32WBA52CGU6, STM32WBA52CGU6TR, STM32WBA52CGU6U, STM32WBA52CGU7, STM32WBA52CGU7TR, STM32WBA52KEU6, STM32WBA52KEU6TR, STM32WBA52KGU6, STM32WBA52KGU6TR, STM32WBA54CEU6, STM32WBA54CEU6TR, STM32WBA54CEU7, STM32WBA54CEU7TR, STM32WBA54CGU6, STM32WBA54CGU6TR, STM32WBA54CGU7, STM32WBA54CGU7TR, STM32WBA54KEU6, STM32WBA54KEU6TR, STM32WBA54KEU7, STM32WBA54KEU7TR, STM32WBA54KGU6, STM32WBA54KGU6TR, STM32WBA54KGU7, STM32WBA54KGU7TR, STM32WBA55CEU6, STM32WBA55CEU6TR, STM32WBA55CEU7, STM32WBA55CEU7TR, STM32WBA55CGU6, STM32WBA55CGU6TR, STM32WBA55CGU6U, STM32WBA55CGU7, STM32WBA55CGU7TR, STM32WBA55G-DK1, STM32WBA55HEF6, STM32WBA55HEF7, STM32WBA55HGF6, STM32WBA55HGF7, STM32WBA55UEI6, STM32WBA55UEI6TR, STM32WBA55UEI7, STM32WBA55UEI7TR, STM32WBA55UGI6, STM32WBA55UGI6TR, STM32WBA55UGI7, STM32WBA55UGI7TR, STM32WBA5MMGH6TR, STM32WBA62MGF6, STM32WBA62MIF6, STM32WBA65MGF7, STM32WBA65MIF6, STM32WBA65MIF7, STM32WL30K8V6, STM32WL30KBV6, STM32WL31C8V6, STM32WL31CBV6, STM32WL31K8V6, STM32WL31KBV6, STM32WL33C8V6, STM32WL33C8V6X, STM32WL33CBV6, STM32WL33CBV6X, STM32WL33CCV6, STM32WL33CCV6A, STM32WL33CCV6X, STM32WL33K8V7, STM32WL33K8V7X, STM32WL33KBV7 , STM32WL33KBV7X, STM32WL33KCV7, STM32WL33KCV7X, STM32WL5MOCH6, STM32WL5MOCH6TR]
2025-12-28 09:18:41,590 [INFO] BoardInfo:889 - No configuration file found for board P-NUCLEO-WB55
2025-12-28 09:18:41,594 [INFO] DbBoards:161 - Kit is not supported: P-NUCLEO-WB55
2025-12-28 09:18:41,609 [INFO] BoardInfo:889 - No configuration file found for board STEVAL-BFA001V1B
2025-12-28 09:18:41,613 [INFO] DbBoards:161 - Kit is not supported: STEVAL-BFA001V1B
2025-12-28 09:18:41,615 [INFO] BoardInfo:889 - No configuration file found for board STEVAL-BFA001V2B
2025-12-28 09:18:41,617 [INFO] DbBoards:161 - Kit is not supported: STEVAL-BFA001V2B
2025-12-28 09:18:42,337 [INFO] DbBoards:168 - Found 212 boards, 209 are supported
2025-12-28 09:18:42,338 [INFO] DbBoards:169 - Found 212 boards, 43 of them is supported for  Bsp
2025-12-28 09:18:42,343 [INFO] ApiDb:423 - Load user favorites file C:\Users\kleyton/.stm32cubeide/favorites.boards.txt: 0 item(s)
2025-12-28 09:18:42,344 [INFO] ApiDb:427 - User favorites Boards=[]
2025-12-28 09:18:42,344 [INFO] DbBoards:198 - Set 0 / 0 favorites Boards
2025-12-28 09:18:42,350 [INFO] ApiDb:668 - CubeFinder database Data Model version=2.1
2025-12-28 09:18:42,350 [INFO] ApiDb:669 - CubeFinder database Configuration version=3.0.39
2025-12-28 09:18:42,350 [INFO] ApiDb:670 - CubeFinder database generation date=2025-11-05 (1762334721)
2025-12-28 09:18:42,350 [INFO] ApiDb:671 - CubeFinder database FW Pack versions=[FP-ATR-ASTRA1_V2.0.0, FP-SNS-FLIGHT1_V5.1.0, FP-SNS-MOTENV1_V5.1.0, FP-SNS-MOTENVWB1_V1.4.0, FP-SNS-SMARTAG2_V1.2.0, FP-SNS-STBOX1_V2.1.0, STM32Cube_FW_C0_V1.4.0, STM32Cube_FW_F4_V1.28.3, STM32Cube_FW_F7_V1.17.4, STM32Cube_FW_G0_V1.6.2, STM32Cube_FW_G4_V1.6.1, STM32Cube_FW_H5_V1.5.1, STM32Cube_FW_H7RS_V1.3.0, STM32Cube_FW_H7_V1.12.1, STM32Cube_FW_L0_V1.12.2, STM32Cube_FW_L4_V1.18.1, STM32Cube_FW_L5_V1.6.0, STM32Cube_FW_N6_V1.3.0, STM32Cube_FW_U0_V1.3.0, STM32Cube_FW_U3_V1.2.1, STM32Cube_FW_U5_V1.8.0, STM32Cube_FW_WB0_V1.4.0, STM32Cube_FW_WBA_V1.8.0, STM32Cube_FW_WB_V1.24.0, STM32Cube_FW_WL3_V1.3.0, STM32Cube_FW_WL_V1.4.0, X-CUBE-ALGOBUILD_V1.4.0, X-CUBE-ALS_V1.0.2, X-CUBE-AZRTOS-F4_V1.1.0, X-CUBE-AZRTOS-F7_V1.1.0, X-CUBE-AZRTOS-G0_V1.1.0, X-CUBE-AZRTOS-G4_V2.0.0, X-CUBE-AZRTOS-H7RS_V1.1.0, X-CUBE-AZRTOS-H7_V3.4.0, X-CUBE-AZRTOS-L4_V2.0.0, X-CUBE-AZRTOS-L5_V2.0.0, X-CUBE-AZRTOS-WB_V2.0.0, X-CUBE-AZRTOS-WL_V2.0.0, X-CUBE-BLE1_V7.1.0, X-CUBE-BLE2_V3.3.0, X-CUBE-BLEMGR_V4.1.0, X-CUBE-EEPRMA1_V5.2.0, X-CUBE-FREERTOS_V1.3.1, X-CUBE-GNSS1_V6.0.0, X-CUBE-MEMS1_V11.3.0, X-CUBE-NFC4_V3.0.0, X-CUBE-NFC7_V2.0.0, X-CUBE-SFXS2LP1_V4.0.0, X-CUBE-ST67W61_V1.1.0, X-CUBE-SUBG2_V5.0.0, X-CUBE-TOF1_V3.4.3]
2025-12-28 09:18:43,957 [ERROR] DbExamplesSqlite:437 - Missing JSON key: board_cpn
2025-12-28 09:18:43,958 [ERROR] DbExamplesSqlite:437 - Missing JSON key: board_cpn
2025-12-28 09:18:43,958 [ERROR] DbExamplesSqlite:437 - Missing JSON key: board_cpn
2025-12-28 09:18:43,960 [ERROR] DbExamplesSqlite:437 - Missing JSON key: board_cpn
2025-12-28 09:18:44,814 [ERROR] DbExamplesSqlite:437 - Missing JSON key: board_cpn
2025-12-28 09:18:44,814 [ERROR] DbExamplesSqlite:437 - Missing JSON key: board_cpn
2025-12-28 09:18:44,838 [INFO] DbExamplesSqlite:395 - Ignored 42 examples not supported by CubeIDE
2025-12-28 09:18:44,838 [INFO] DbExamplesSqlite:396 - Found 10883 examples active
2025-12-28 09:18:44,839 [INFO] DbExamplesSqlite:397 - Found 0 examples obsolete
2025-12-28 09:18:44,839 [INFO] DbExamplesSqlite:398 - Found 0 examples under development
2025-12-28 09:18:44,840 [INFO] DbExamplesSqlite:399 - Found 85 examples not building
2025-12-28 09:18:44,844 [INFO] DbExamples:125 - Found 10926 examples
2025-12-28 09:18:44,936 [ERROR] DbExamples:208 - Found 73 examples with invalid data (board or MCU)
2025-12-28 09:18:44,937 [INFO] DbExamples:222 - Found 134 boards with related examples
2025-12-28 09:18:44,939 [INFO] DbExamples:235 - Found 111 MCUs with related examples
2025-12-28 09:18:44,979 [INFO] ApiDb:423 - Load user favorites file C:\Users\kleyton/.stm32cubeide/favorites.examples.txt: 0 item(s)
2025-12-28 09:18:44,980 [INFO] ApiDb:427 - User favorites Examples=[]
2025-12-28 09:18:44,980 [INFO] DbExamples:250 - Set 0 / 0 favorites Examples
2025-12-28 09:18:45,314 [INFO] McuFinderGlobals:76 - Set McuFinderConnectedMode to true
2025-12-28 09:18:45,330 [INFO] MultiScanPanel:200 - Auto-refresh data requested => check proxy status ongoing
2025-12-28 09:18:45,337 [INFO] FinderPluginLoader:96 - Searching for filters in installed packs
2025-12-28 09:18:48,690 [INFO] LoadUrlFilesThread:185 - End of LoadServerUrlFiles without Thread
2025-12-28 09:18:48,737 [INFO] DetailPanel:341 - Set advertising image to C:/Users/kleyton/STM32Cube/Repository/\en.prom-st67w-expansion-board.png
2025-12-28 09:19:10,997 [INFO] MultiScanPanel:200 - Auto-refresh data requested => check proxy status ongoing
2025-12-28 09:19:11,295 [INFO] LoadUrlFilesThread:185 - End of LoadServerUrlFiles without Thread
2025-12-28 09:19:11,296 [INFO] DetailPanel:341 - Set advertising image to C:/Users/kleyton/STM32Cube/Repository/\en.prom-st67w-expansion-board.png
2025-12-28 09:19:11,328 [INFO] DbBoards:642 - Loading board mini-images...
2025-12-28 09:19:15,242 [ERROR] DbBoards:659 - Image file not found for board STM32MP215F-DK: C:\Users\kleyton\.stmcufinder\plugins\mcufinder//mcu//boards_images/STM32MP215F-DK.jpg
2025-12-28 09:19:15,461 [INFO] DbBoards:665 - Loaded 211 board mini-images
2025-12-28 09:58:27,195 [INFO] McuFinderGlobals:76 - Set McuFinderConnectedMode to true
2025-12-28 09:58:28,922 [INFO] ApiDb:448 - Save user favorites file C:\Users\kleyton/.stm32cubeide/favorites.mcus.txt: 0 item(s)
2025-12-28 09:58:28,923 [INFO] ApiDb:452 - User favorites MCUs=[]
2025-12-28 09:58:28,927 [INFO] ApiDb:448 - Save user favorites file C:\Users\kleyton/.stm32cubeide/favorites.boards.txt: 0 item(s)
2025-12-28 09:58:28,927 [INFO] ApiDb:452 - User favorites Boards=[]
2025-12-28 09:58:36,389 [ERROR] LogOutputStream:75 - [STDERR_REDIRECT] 
2025-12-28 21:59:43,166 [INFO] Activator:176 - 


2025-12-28 21:59:43,166 [INFO] Activator:177 - !SESSION log4j initialized
2025-12-28 21:59:46,464 [INFO] LogOutputStream:77 - [STDOUT_REDIRECT] 
2025-12-28 21:59:48,582 [INFO] ApplicationProperties:184 - Using Application install path: C:\ST\STM32CubeIDE_1.19.0\STM32CubeIDE\plugins\com.st.stm32cube.common.mx_6.15.0.202507011659
2025-12-28 21:59:48,608 [INFO] DbMcusXml:78 - Set database path to: C:\ST\STM32CubeIDE_1.19.0\STM32CubeIDE\plugins\com.st.stm32cube.common.mx_6.15.0.202507011659\\db\/mcu/
2025-12-28 21:59:48,609 [INFO] ApiDb:274 - Set plugin database path to: C:\ST\STM32CubeIDE_1.19.0\STM32CubeIDE\plugins\com.st.stm32cube.common.mx_6.15.0.202507011659\\db\/plugins/boardmanager/
2025-12-28 21:59:48,609 [WARN] ApiDb:259 - Overriding images path with different value:  => C:\ST\STM32CubeIDE_1.19.0\STM32CubeIDE\plugins\com.st.stm32cube.common.mx_6.15.0.202507011659\\db\/plugins/mcufinder/images/
2025-12-28 21:59:48,628 [INFO] ApiDb:250 - Set database path to: C:\Users\kleyton\.stmcufinder\plugins\mcufinder//mcu/
2025-12-28 21:59:48,628 [INFO] DbMcusAds:125 - Set database path to: C:\Users\kleyton\.stmcufinder\plugins\mcufinder//mcu/
2025-12-28 21:59:48,628 [INFO] CrossReferenceDbSqlite:203 - Set database path to: C:\Users\kleyton\.stmcufinder\plugins\mcufinder//mcu/cs/
2025-12-28 21:59:48,754 [INFO] RulesReader:64 - Compatibility file has been processed (317 Rules)
2025-12-28 21:59:48,857 [INFO] DbMcusXml:78 - Set database path to: C:\ST\STM32CubeIDE_1.19.0\STM32CubeIDE\plugins\com.st.stm32cube.common.mx_6.15.0.202507011659\\db\/mcu/
2025-12-28 21:59:48,857 [INFO] ApiDb:274 - Set plugin database path to: C:\ST\STM32CubeIDE_1.19.0\STM32CubeIDE\plugins\com.st.stm32cube.common.mx_6.15.0.202507011659\\db\/plugins/boardmanager/
2025-12-28 21:59:48,857 [INFO] ApiDb:261 - Set plugin images path to: C:\ST\STM32CubeIDE_1.19.0\STM32CubeIDE\plugins\com.st.stm32cube.common.mx_6.15.0.202507011659\\db\/plugins/mcufinder/images/
2025-12-28 21:59:48,857 [WARN] DbFile:41 - Overriding database path with different value: C:\Users\kleyton\.stmcufinder\plugins\mcufinder/ => C:\Users\kleyton\.stmcufinder\plugins\mcufinder
2025-12-28 21:59:48,857 [INFO] ApiDb:250 - Set database path to: C:\Users\kleyton\.stmcufinder\plugins\mcufinder//mcu/
2025-12-28 21:59:48,857 [WARN] DbFile:41 - Overriding database path with different value: C:\Users\kleyton\.stmcufinder\plugins\mcufinder/ => C:\Users\kleyton\.stmcufinder\plugins\mcufinder
2025-12-28 21:59:48,857 [INFO] DbMcusAds:125 - Set database path to: C:\Users\kleyton\.stmcufinder\plugins\mcufinder//mcu/
2025-12-28 21:59:48,857 [WARN] DbFile:41 - Overriding database path with different value: C:\Users\kleyton\.stmcufinder\plugins\mcufinder/ => C:\Users\kleyton\.stmcufinder\plugins\mcufinder
2025-12-28 21:59:48,857 [WARN] DbFile:41 - Overriding database path with different value: C:\Users\kleyton\.stmcufinder\plugins\mcufinder/ => C:\Users\kleyton\.stmcufinder\plugins\mcufinder
2025-12-28 21:59:48,857 [INFO] CrossReferenceDbSqlite:203 - Set database path to: C:\Users\kleyton\.stmcufinder\plugins\mcufinder//mcu/cs/
2025-12-28 21:59:48,954 [INFO] MainPanel:274 - HeapMemory: 268435456
2025-12-28 21:59:49,073 [INFO] DbMcusXml:78 - Set database path to: C:\ST\STM32CubeIDE_1.19.0\STM32CubeIDE\plugins\com.st.stm32cube.common.mx_6.15.0.202507011659\\db\/mcu/
2025-12-28 21:59:49,073 [INFO] ApiDb:274 - Set plugin database path to: C:\ST\STM32CubeIDE_1.19.0\STM32CubeIDE\plugins\com.st.stm32cube.common.mx_6.15.0.202507011659\\db\/plugins/boardmanager/
2025-12-28 21:59:49,073 [INFO] ApiDb:261 - Set plugin images path to: C:\ST\STM32CubeIDE_1.19.0\STM32CubeIDE\plugins\com.st.stm32cube.common.mx_6.15.0.202507011659\\db\/plugins/mcufinder/images/
2025-12-28 21:59:49,073 [WARN] DbFile:41 - Overriding database path with different value: C:\Users\kleyton\.stmcufinder\plugins\mcufinder/ => C:\Users\kleyton\.stmcufinder\plugins\mcufinder
2025-12-28 21:59:49,073 [INFO] ApiDb:250 - Set database path to: C:\Users\kleyton\.stmcufinder\plugins\mcufinder//mcu/
2025-12-28 21:59:49,073 [WARN] DbFile:41 - Overriding database path with different value: C:\Users\kleyton\.stmcufinder\plugins\mcufinder/ => C:\Users\kleyton\.stmcufinder\plugins\mcufinder
2025-12-28 21:59:49,073 [INFO] DbMcusAds:125 - Set database path to: C:\Users\kleyton\.stmcufinder\plugins\mcufinder//mcu/
2025-12-28 21:59:49,073 [WARN] DbFile:41 - Overriding database path with different value: C:\Users\kleyton\.stmcufinder\plugins\mcufinder/ => C:\Users\kleyton\.stmcufinder\plugins\mcufinder
2025-12-28 21:59:49,073 [WARN] DbFile:41 - Overriding database path with different value: C:\Users\kleyton\.stmcufinder\plugins\mcufinder/ => C:\Users\kleyton\.stmcufinder\plugins\mcufinder
2025-12-28 21:59:49,073 [INFO] CrossReferenceDbSqlite:203 - Set database path to: C:\Users\kleyton\.stmcufinder\plugins\mcufinder//mcu/cs/
2025-12-28 21:59:49,094 [INFO] ApplicationProperties:184 - Using Application install path: C:\ST\STM32CubeIDE_1.19.0\STM32CubeIDE\plugins\com.st.stm32cube.common.mx_6.15.0.202507011659
2025-12-28 21:59:49,096 [INFO] PluginManage:196 - Search for loadable plugins [exclusion list=, ]
2025-12-28 21:59:49,096 [INFO] PluginManage:310 - Check plugin analytics
2025-12-28 21:59:49,314 [INFO] AnalyticsPlugin:253 - Accepted Software Licenses: STM32CubeMX.6.15.0,STM32CubeMX.6.16.0
2025-12-28 21:59:49,314 [INFO] AnalyticsPlugin:255 - Accepted CMSIS Pack Licenses: 
2025-12-28 21:59:49,314 [INFO] AnalyticsPlugin:257 - Accepted Firmware Licenses: FW.G0.1.6.0,FW.WB.1.24.0,FW.WB.1.23.0
2025-12-28 21:59:49,337 [INFO] PluginManage:359 - Loaded plugin analytics (category:tool,tabindex:-1)
2025-12-28 21:59:49,337 [INFO] PluginManage:310 - Check plugin cadmodel
2025-12-28 21:59:49,344 [INFO] CADModel:105 - Init CAD model plugin
2025-12-28 21:59:49,344 [INFO] PluginManage:359 - Loaded plugin cadmodel (category:power,tabindex:5)
2025-12-28 21:59:49,344 [INFO] PluginManage:310 - Check plugin clock
2025-12-28 21:59:49,360 [INFO] PluginManage:359 - Loaded plugin clock (category:base,tabindex:2)
2025-12-28 21:59:49,360 [INFO] PluginManage:310 - Check plugin ddr
2025-12-28 21:59:49,362 [INFO] PluginManage:359 - Loaded plugin ddr (category:tool,tabindex:6)
2025-12-28 21:59:49,364 [INFO] PluginManage:310 - Check plugin filemanager
2025-12-28 21:59:49,844 [INFO] PluginManage:359 - Loaded plugin filemanager (category:base,tabindex:10)
2025-12-28 21:59:49,844 [INFO] PluginManage:310 - Check plugin ipmanager
2025-12-28 21:59:49,850 [INFO] PluginManage:359 - Loaded plugin ipmanager (category:base,tabindex:5)
2025-12-28 21:59:49,850 [INFO] PluginManage:310 - Check plugin lpbam
2025-12-28 21:59:49,854 [INFO] PluginManage:359 - Loaded plugin lpbam (category:base,tabindex:0)
2025-12-28 21:59:49,854 [INFO] PluginManage:310 - Check plugin memorymap
2025-12-28 21:59:49,863 [INFO] PluginManage:359 - Loaded plugin memorymap (category:base,tabindex:4)
2025-12-28 21:59:49,863 [INFO] PluginManage:310 - Check plugin pinoutandconfiguration
2025-12-28 21:59:49,879 [INFO] PluginManage:359 - Loaded plugin pinoutandconfiguration (category:base,tabindex:1)
2025-12-28 21:59:49,879 [INFO] PluginManage:310 - Check plugin pinoutconfig
2025-12-28 21:59:49,966 [WARN] SupportedApi:132 - Cannot load RTOS API schema: s4s-elt-must-match.1: The content of 'definitions' must match (annotation?, (simpleType | complexType)?, (unique | key | keyref)*)). A problem was found starting at: attribute.
2025-12-28 21:59:50,094 [INFO] PluginManage:359 - Loaded plugin pinoutconfig (category:base,tabindex:0)
2025-12-28 21:59:50,094 [INFO] PluginManage:310 - Check plugin power
2025-12-28 21:59:50,103 [INFO] PluginManage:359 - Loaded plugin power (category:power,tabindex:4)
2025-12-28 21:59:50,103 [INFO] PluginManage:310 - Check plugin projectmanager
2025-12-28 21:59:50,117 [INFO] PluginManage:359 - Loaded plugin projectmanager (category:projectmanager,tabindex:4)
2025-12-28 21:59:50,117 [INFO] PluginManage:310 - Check plugin rif
2025-12-28 21:59:50,123 [INFO] PluginManage:359 - Loaded plugin rif (category:base,tabindex:3)
2025-12-28 21:59:50,123 [INFO] PluginManage:310 - Check plugin thirdparty
2025-12-28 21:59:50,276 [INFO] PluginManage:359 - Loaded plugin thirdparty (category:base,tabindex:-1)
2025-12-28 21:59:50,276 [WARN] IntegrityCheckThread:84 - waiting for thirdparty lock release [integrity check]
2025-12-28 21:59:50,276 [INFO] PluginManage:310 - Check plugin tools
2025-12-28 21:59:50,276 [INFO] IntegrityCheckThread:86 - entering critical section [integrity check]
2025-12-28 21:59:50,276 [INFO] ThirdPartyUpdaterWithRetryManager:70 - Updater plugin not ready yet. [1/15]
2025-12-28 21:59:50,286 [INFO] PluginManage:359 - Loaded plugin tools (category:base,tabindex:7)
2025-12-28 21:59:50,286 [INFO] PluginManage:310 - Check plugin tutovideos
2025-12-28 21:59:50,517 [INFO] PluginManage:359 - Loaded plugin tutovideos (category:base,tabindex:-1)
2025-12-28 21:59:50,518 [INFO] PluginManage:310 - Check plugin updater
2025-12-28 21:59:50,533 [INFO] PluginManage:359 - Loaded plugin updater (category:base,tabindex:12)
2025-12-28 21:59:50,533 [INFO] PluginManage:310 - Check plugin userauth
2025-12-28 21:59:50,533 [INFO] UserAuth:118 - Init User Auth plugin
2025-12-28 21:59:50,533 [INFO] PluginManage:359 - Loaded plugin userauth (category:base,tabindex:14)
2025-12-28 21:59:50,533 [INFO] PluginManage:283 - PluginManage : Loaded plugins [18]
2025-12-28 21:59:50,758 [INFO] PinOutPanel:1589 - setPackage(No Configuration,No Configuration)
2025-12-28 21:59:50,846 [INFO] CADModel:165 - CPN selected for project level
2025-12-28 21:59:50,846 [INFO] CADModel:114 - Register for checkConnection events
2025-12-28 21:59:50,864 [INFO] IPUIPlugin:80 - create IPUIPlugin
2025-12-28 21:59:50,864 [INFO] PluginManager:220 - loadIPPluginJar : add adc
2025-12-28 21:59:50,866 [INFO] IPUIPlugin:80 - create IPUIPlugin
2025-12-28 21:59:50,866 [INFO] PluginManager:220 - loadIPPluginJar : add aes
2025-12-28 21:59:50,871 [INFO] IPUIPlugin:80 - create IPUIPlugin
2025-12-28 21:59:50,871 [INFO] PluginManager:220 - loadIPPluginJar : add can
2025-12-28 21:59:50,873 [INFO] IPUIPlugin:80 - create IPUIPlugin
2025-12-28 21:59:50,873 [INFO] PluginManager:220 - loadIPPluginJar : add comp
2025-12-28 21:59:50,873 [INFO] IPUIPlugin:80 - create IPUIPlugin
2025-12-28 21:59:50,873 [INFO] PluginManager:220 - loadIPPluginJar : add cryp
2025-12-28 21:59:50,876 [INFO] IPUIPlugin:80 - create IPUIPlugin
2025-12-28 21:59:50,876 [INFO] PluginManager:220 - loadIPPluginJar : add ddr_ctrl_phy
2025-12-28 21:59:50,880 [INFO] IPUIPlugin:80 - create IPUIPlugin
2025-12-28 21:59:50,880 [INFO] PluginManager:220 - loadIPPluginJar : add dfsdm
2025-12-28 21:59:50,880 [INFO] IPUIPlugin:80 - create IPUIPlugin
2025-12-28 21:59:50,880 [INFO] PluginManager:220 - loadIPPluginJar : add dma
2025-12-28 21:59:50,890 [INFO] IPUIPlugin:80 - create IPUIPlugin
2025-12-28 21:59:50,890 [INFO] PluginManager:220 - loadIPPluginJar : add dma3
2025-12-28 21:59:50,890 [INFO] IPUIPlugin:80 - create IPUIPlugin
2025-12-28 21:59:50,890 [INFO] PluginManager:220 - loadIPPluginJar : add extmemmanager
2025-12-28 21:59:50,890 [INFO] IPUIPlugin:80 - create IPUIPlugin
2025-12-28 21:59:50,890 [INFO] PluginManager:220 - loadIPPluginJar : add fatfs
2025-12-28 21:59:50,896 [INFO] IPUIPlugin:80 - create IPUIPlugin
2025-12-28 21:59:50,896 [INFO] PluginManager:220 - loadIPPluginJar : add fmc
2025-12-28 21:59:50,901 [INFO] IPUIPlugin:80 - create IPUIPlugin
2025-12-28 21:59:50,901 [INFO] PluginManager:220 - loadIPPluginJar : add freertos
2025-12-28 21:59:50,901 [INFO] IPUIPlugin:80 - create IPUIPlugin
2025-12-28 21:59:50,901 [INFO] PluginManager:220 - loadIPPluginJar : add genericplugin
2025-12-28 21:59:50,901 [INFO] IPUIPlugin:80 - create IPUIPlugin
2025-12-28 21:59:50,901 [INFO] PluginManager:220 - loadIPPluginJar : add gfxmmu
2025-12-28 21:59:50,914 [INFO] IPUIPlugin:80 - create IPUIPlugin
2025-12-28 21:59:50,914 [INFO] PluginManager:220 - loadIPPluginJar : add gic
2025-12-28 21:59:50,918 [INFO] IPUIPlugin:80 - create IPUIPlugin
2025-12-28 21:59:50,918 [INFO] PluginManager:220 - loadIPPluginJar : add gpio
2025-12-28 21:59:50,918 [INFO] IPUIPlugin:80 - create IPUIPlugin
2025-12-28 21:59:50,918 [INFO] PluginManager:220 - loadIPPluginJar : add gtzc
2025-12-28 21:59:50,918 [INFO] IPUIPlugin:80 - create IPUIPlugin
2025-12-28 21:59:50,918 [INFO] PluginManager:220 - loadIPPluginJar : add hash
2025-12-28 21:59:50,918 [INFO] IPUIPlugin:80 - create IPUIPlugin
2025-12-28 21:59:50,918 [INFO] PluginManager:220 - loadIPPluginJar : add i2c
2025-12-28 21:59:50,918 [INFO] IPUIPlugin:80 - create IPUIPlugin
2025-12-28 21:59:50,918 [INFO] PluginManager:220 - loadIPPluginJar : add i2s
2025-12-28 21:59:50,928 [INFO] IPUIPlugin:80 - create IPUIPlugin
2025-12-28 21:59:50,928 [INFO] PluginManager:220 - loadIPPluginJar : add i3c
2025-12-28 21:59:50,931 [INFO] IPUIPlugin:80 - create IPUIPlugin
2025-12-28 21:59:50,931 [INFO] PluginManager:220 - loadIPPluginJar : add ipddr
2025-12-28 21:59:50,936 [INFO] IPUIPlugin:80 - create IPUIPlugin
2025-12-28 21:59:50,938 [INFO] PluginManager:220 - loadIPPluginJar : add linkedlist
2025-12-28 21:59:50,940 [INFO] IPUIPlugin:80 - create IPUIPlugin
2025-12-28 21:59:50,940 [INFO] PluginManager:220 - loadIPPluginJar : add lorawan
2025-12-28 21:59:50,940 [INFO] IPUIPlugin:80 - create IPUIPlugin
2025-12-28 21:59:50,940 [INFO] PluginManager:220 - loadIPPluginJar : add ltdc
2025-12-28 21:59:50,943 [INFO] IPUIPlugin:80 - create IPUIPlugin
2025-12-28 21:59:50,943 [INFO] PluginManager:220 - loadIPPluginJar : add mdma
2025-12-28 21:59:50,949 [INFO] IPUIPlugin:80 - create IPUIPlugin
2025-12-28 21:59:50,949 [INFO] PluginManager:220 - loadIPPluginJar : add nvic
2025-12-28 21:59:50,949 [INFO] IPUIPlugin:80 - create IPUIPlugin
2025-12-28 21:59:50,949 [INFO] PluginManager:220 - loadIPPluginJar : add opamp
2025-12-28 21:59:50,949 [INFO] IPUIPlugin:80 - create IPUIPlugin
2025-12-28 21:59:50,949 [INFO] PluginManager:220 - loadIPPluginJar : add openamp
2025-12-28 21:59:50,959 [INFO] IPUIPlugin:80 - create IPUIPlugin
2025-12-28 21:59:50,959 [INFO] PluginManager:220 - loadIPPluginJar : add pdm2pcm
2025-12-28 21:59:50,963 [INFO] IPUIPlugin:80 - create IPUIPlugin
2025-12-28 21:59:50,965 [INFO] PluginManager:220 - loadIPPluginJar : add plateformsettings
2025-12-28 21:59:50,967 [INFO] IPUIPlugin:80 - create IPUIPlugin
2025-12-28 21:59:50,967 [INFO] PluginManager:220 - loadIPPluginJar : add quadspi
2025-12-28 21:59:50,969 [INFO] IPUIPlugin:80 - create IPUIPlugin
2025-12-28 21:59:50,969 [INFO] PluginManager:220 - loadIPPluginJar : add radio
2025-12-28 21:59:50,969 [INFO] IPUIPlugin:80 - create IPUIPlugin
2025-12-28 21:59:50,969 [INFO] PluginManager:220 - loadIPPluginJar : add resmgrutility
2025-12-28 21:59:50,974 [INFO] IPUIPlugin:80 - create IPUIPlugin
2025-12-28 21:59:50,974 [INFO] PluginManager:220 - loadIPPluginJar : add sai
2025-12-28 21:59:50,979 [INFO] IPUIPlugin:80 - create IPUIPlugin
2025-12-28 21:59:50,979 [INFO] PluginManager:220 - loadIPPluginJar : add spi
2025-12-28 21:59:50,981 [INFO] IPUIPlugin:80 - create IPUIPlugin
2025-12-28 21:59:50,981 [INFO] PluginManager:220 - loadIPPluginJar : add stm32_wpan
2025-12-28 21:59:50,981 [INFO] IPUIPlugin:80 - create IPUIPlugin
2025-12-28 21:59:50,981 [INFO] PluginManager:220 - loadIPPluginJar : add tim
2025-12-28 21:59:50,990 [INFO] IPUIPlugin:80 - create IPUIPlugin
2025-12-28 21:59:50,990 [INFO] PluginManager:220 - loadIPPluginJar : add touchsensing
2025-12-28 21:59:50,990 [INFO] IPUIPlugin:80 - create IPUIPlugin
2025-12-28 21:59:50,990 [INFO] PluginManager:220 - loadIPPluginJar : add tracer_emb
2025-12-28 21:59:50,990 [INFO] IPUIPlugin:80 - create IPUIPlugin
2025-12-28 21:59:50,990 [INFO] PluginManager:220 - loadIPPluginJar : add ts
2025-12-28 21:59:50,990 [INFO] IPUIPlugin:80 - create IPUIPlugin
2025-12-28 21:59:50,990 [INFO] PluginManager:220 - loadIPPluginJar : add tsc
2025-12-28 21:59:50,990 [INFO] IPUIPlugin:80 - create IPUIPlugin
2025-12-28 21:59:50,990 [INFO] PluginManager:220 - loadIPPluginJar : add ucpd
2025-12-28 21:59:50,990 [INFO] IPUIPlugin:80 - create IPUIPlugin
2025-12-28 21:59:50,990 [INFO] PluginManager:220 - loadIPPluginJar : add usart
2025-12-28 21:59:50,990 [INFO] IPUIPlugin:80 - create IPUIPlugin
2025-12-28 21:59:50,990 [INFO] PluginManager:220 - loadIPPluginJar : add usbx
2025-12-28 21:59:51,134 [FATAL] Updater:351 - Updater called before beeing initialized
2025-12-28 21:59:51,149 [INFO] RulesReader:64 - Compatibility file has been processed (317 Rules)
2025-12-28 21:59:51,165 [INFO] RulesReader:64 - Compatibility file has been processed (317 Rules)
2025-12-28 21:59:51,188 [INFO] CADModel:165 - CPN selected for project level
2025-12-28 21:59:51,188 [INFO] CADModel:114 - Register for checkConnection events
2025-12-28 21:59:51,188 [FATAL] Updater:351 - Updater called before beeing initialized
2025-12-28 21:59:51,188 [ERROR] CADModel:125 - Updater not yet initialized, retry later 
2025-12-28 21:59:51,340 [FATAL] Updater:351 - Updater called before beeing initialized
2025-12-28 21:59:51,340 [INFO] CADModel:165 - CPN selected for project level
2025-12-28 21:59:51,340 [INFO] CADModel:114 - Register for checkConnection events
2025-12-28 21:59:51,340 [FATAL] Updater:351 - Updater called before beeing initialized
2025-12-28 21:59:51,340 [ERROR] CADModel:125 - Updater not yet initialized, retry later 
2025-12-28 21:59:51,340 [FATAL] Updater:351 - Updater called before beeing initialized
2025-12-28 21:59:51,470 [FATAL] Updater:351 - Updater called before beeing initialized
2025-12-28 21:59:51,477 [INFO] DbMcusAds:53 - JSON generation date=Mon Dec 15 20:11:46 BRT 2025 (1765840306209)
2025-12-28 21:59:51,477 [FATAL] Updater:351 - Updater called before beeing initialized
2025-12-28 21:59:51,516 [WARN] DetailPanel:346 - Failed to get advertising image, set to default
2025-12-28 21:59:51,594 [FATAL] Updater:351 - Updater called before beeing initialized
2025-12-28 21:59:51,594 [FATAL] Updater:351 - Updater called before beeing initialized
2025-12-28 21:59:51,594 [FATAL] Updater:351 - Updater called before beeing initialized
2025-12-28 21:59:51,594 [WARN] DetailPanel:346 - Failed to get advertising image, set to default
2025-12-28 21:59:51,594 [FATAL] Updater:351 - Updater called before beeing initialized
2025-12-28 21:59:51,642 [ERROR] Updater:1198 - MainUpdater not yet initialized. External WinMGr cannot be set.
2025-12-28 21:59:51,642 [INFO] Updater:1134 - Updater Version found : 6.15.0
2025-12-28 21:59:51,659 [INFO] ApplicationProperties:184 - Using Application install path: C:\ST\STM32CubeIDE_1.19.0\STM32CubeIDE\plugins\com.st.stm32cube.common.mx_6.15.0.202507011659
2025-12-28 21:59:52,059 [INFO] MainUpdater:2872 - connection check result : 10
2025-12-28 21:59:52,059 [INFO] MainUpdater:289 - Updater Check For Update Now.
2025-12-28 21:59:52,059 [INFO] MicroXplorer:498 - Change Database Version : DB.6.0.150
2025-12-28 21:59:52,065 [INFO] McuFinderGlobals:63 - Set McuFinder mode to 2 (CubeIDE integrated)
2025-12-28 21:59:52,065 [INFO] UserAuth:171 - activating auth plugin
2025-12-28 21:59:52,070 [INFO] UserAuth:487 - Internet connection configuration mode: 1
2025-12-28 21:59:52,102 [INFO] JxBrowserEngine:152 - Initiate JxBrowser Engine with user profile folder
2025-12-28 21:59:52,259 [INFO] CheckServerUpdateThread:120 - End of CheckServer Thread
2025-12-28 21:59:53,527 [INFO] WebApp:169 - Instantiating new browser for Auth
2025-12-28 21:59:53,719 [WARN] PackLoader:240 - Cannot read IP mode file for STMicroelectronics.FP-SNS-MOTENVWB1.1.4.0
2025-12-28 21:59:53,735 [WARN] PackLoader:240 - Cannot read IP mode file for STMicroelectronics.FP-ATR-ASTRA1.2.0.2
2025-12-28 21:59:53,764 [WARN] PackLoader:240 - Cannot read IP mode file for STMicroelectronics.X-CUBE-SMBUS.2.1.0
2025-12-28 21:59:53,801 [WARN] PackLoader:240 - Cannot read IP mode file for STMicroelectronics.X-CUBE-AZRTOS-F7.1.1.0
2025-12-28 21:59:53,811 [WARN] PackLoader:240 - Cannot read IP mode file for STMicroelectronics.FP-SNS-MOTENV1.5.1.0
2025-12-28 21:59:53,832 [WARN] PackLoader:240 - Cannot read IP mode file for WES.I-CUBE-Cesium.1.4.0
2025-12-28 21:59:53,875 [WARN] PackLoader:240 - Cannot read IP mode file for STMicroelectronics.X-CUBE-AZRTOS-H7.3.4.0
2025-12-28 21:59:53,892 [WARN] PackLoader:240 - Cannot read IP mode file for STMicroelectronics.X-CUBE-DISPLAY.3.0.0
2025-12-28 21:59:53,910 [WARN] PackLoader:240 - Cannot read IP mode file for STMicroelectronics.X-CUBE-NFC10.1.0.0
2025-12-28 21:59:53,920 [WARN] PackLoader:240 - Cannot read IP mode file for STMicroelectronics.X-CUBE-ST60.1.1.0
2025-12-28 21:59:53,930 [WARN] PackLoader:240 - Cannot read IP mode file for emotas.I-CUBE-CANOPEN.1.3.0
2025-12-28 21:59:53,938 [WARN] PackLoader:240 - Cannot read IP mode file for STMicroelectronics.X-CUBE-GNSS1.7.1.0
2025-12-28 21:59:53,949 [WARN] PackLoader:240 - Cannot read IP mode file for STMicroelectronics.FP-SNS-STBOX1.2.1.0
2025-12-28 21:59:53,957 [WARN] PackLoader:240 - Cannot read IP mode file for STMicroelectronics.FP-SNS-SMARTAG2.1.2.0
2025-12-28 21:59:53,964 [WARN] PackLoader:240 - Cannot read IP mode file for STMicroelectronics.FP-SNS-FLIGHT1.5.1.0
2025-12-28 21:59:53,974 [INFO] LogOutputStream:77 - [STDOUT_REDIRECT] 1 : Invalid condition id : UX_CORESTACK_Condition cause : null
2025-12-28 21:59:53,977 [INFO] LogOutputStream:77 - [STDOUT_REDIRECT] 1 : Invalid condition id : UX_CORESTACK_Condition cause : null
2025-12-28 21:59:53,977 [INFO] LogOutputStream:77 - [STDOUT_REDIRECT] 1 : Invalid condition id : UX_CORESTACK_Condition cause : null
2025-12-28 21:59:53,981 [INFO] LogOutputStream:77 - [STDOUT_REDIRECT] 1 : Invalid condition id : UX_CORESTACK_Condition cause : null
2025-12-28 21:59:53,982 [INFO] LogOutputStream:77 - [STDOUT_REDIRECT] 1 : Invalid condition id : UX_CORESTACK_Condition cause : null
2025-12-28 21:59:53,985 [WARN] PackLoader:240 - Cannot read IP mode file for STMicroelectronics.X-CUBE-AZRTOS-WL.2.0.0
2025-12-28 21:59:54,007 [WARN] PackLoader:240 - Cannot read IP mode file for STMicroelectronics.X-CUBE-AZRTOS-H7RS.1.2.0
2025-12-28 21:59:54,018 [WARN] PackLoader:240 - Cannot read IP mode file for STMicroelectronics.X-CUBE-BLE2.3.3.0
2025-12-28 21:59:54,064 [WARN] PackLoader:240 - Cannot read IP mode file for Infineon.AIROC-Wi-Fi-Bluetooth-STM32.1.8.0
2025-12-28 21:59:54,075 [WARN] PackLoader:240 - Cannot read IP mode file for STMicroelectronics.X-CUBE-NFC9.1.0.0
2025-12-28 21:59:54,085 [WARN] PackLoader:240 - Cannot read IP mode file for wolfSSL.I-CUBE-wolfSSL.5.8.2
2025-12-28 21:59:54,090 [WARN] PackLoader:240 - Cannot read IP mode file for STMicroelectronics.X-CUBE-BLE1.7.1.0
2025-12-28 21:59:54,097 [WARN] PackLoader:240 - Cannot read IP mode file for wolfSSL.I-CUBE-wolfMQTT.1.19.2
2025-12-28 21:59:54,116 [WARN] PackLoader:240 - Cannot read IP mode file for STMicroelectronics.X-CUBE-FREERTOS.1.4.0
2025-12-28 21:59:54,125 [WARN] PackLoader:240 - Cannot read IP mode file for STMicroelectronics.X-CUBE-EEPRMA1.5.2.0
2025-12-28 21:59:54,132 [WARN] PackLoader:240 - Cannot read IP mode file for Cesanta.I-CUBE-Mongoose.7.20.0
2025-12-28 21:59:54,141 [WARN] PackLoader:240 - Cannot read IP mode file for STMicroelectronics.X-CUBE-ST67W61.1.1.0
2025-12-28 21:59:54,188 [WARN] PackLoader:240 - Cannot read IP mode file for STMicroelectronics.X-CUBE-MEMS1.12.0.0
2025-12-28 21:59:54,297 [WARN] PackLoader:240 - Cannot read IP mode file for STMicroelectronics.X-CUBE-AZRTOS-G0.1.1.0
2025-12-28 21:59:54,303 [WARN] PackLoader:240 - Cannot read IP mode file for STMicroelectronics.X-CUBE-NFC4.3.0.0
2025-12-28 21:59:54,316 [WARN] PackLoader:240 - Cannot read IP mode file for EmbeddedOffice.I-CUBE-FS-RTOS.1.0.1
2025-12-28 21:59:54,323 [WARN] PackLoader:240 - Cannot read IP mode file for STMicroelectronics.X-CUBE-WB05N.2.0.0
2025-12-28 21:59:54,327 [WARN] PackLoader:240 - Cannot read IP mode file for wolfSSL.I-CUBE-wolfTPM.3.8.0
2025-12-28 21:59:54,335 [WARN] PackLoader:240 - Cannot read IP mode file for STMicroelectronics.X-CUBE-TCPP.4.2.0
2025-12-28 21:59:54,344 [WARN] PackLoader:240 - Cannot read IP mode file for RealThread.X-CUBE-RT-Thread_Nano.4.1.1
2025-12-28 21:59:54,348 [WARN] PackLoader:240 - Cannot read IP mode file for STMicroelectronics.FP-ATR-SIGFOX1.3.2.0
2025-12-28 21:59:54,357 [WARN] PackLoader:240 - Cannot read IP mode file for ITTIA_DB.I-CUBE-ITTIADB.8.9.0
2025-12-28 21:59:54,363 [WARN] PackLoader:240 - Cannot read IP mode file for STMicroelectronics.X-CUBE-AI.10.2.0
2025-12-28 21:59:54,410 [WARN] PackLoader:240 - Cannot read IP mode file for SEGGER.I-CUBE-embOS.1.3.1
2025-12-28 21:59:54,462 [WARN] PackLoader:240 - Cannot read IP mode file for STMicroelectronics.X-CUBE-ALGOBUILD.1.4.0
2025-12-28 21:59:54,497 [WARN] PackLoader:240 - Cannot read IP mode file for STMicroelectronics.X-CUBE-PM33A1.1.0.0
2025-12-28 21:59:54,528 [WARN] PackLoader:240 - Cannot read IP mode file for STMicroelectronics.X-CUBE-AZRTOS-F4.1.1.0
2025-12-28 21:59:54,535 [WARN] PackLoader:240 - Cannot read IP mode file for STMicroelectronics.X-CUBE-ISPU.2.1.0
2025-12-28 21:59:54,551 [WARN] PackLoader:240 - Cannot read IP mode file for STMicroelectronics.X-CUBE-IPS.3.2.0
2025-12-28 21:59:54,562 [WARN] PackLoader:240 - Cannot read IP mode file for STMicroelectronics.X-CUBE-NFC12.1.0.0
2025-12-28 21:59:54,583 [WARN] PackLoader:240 - Cannot read IP mode file for STMicroelectronics.X-CUBE-AZRTOS-L5.2.0.0
2025-12-28 21:59:54,597 [WARN] PackLoader:240 - Cannot read IP mode file for STMicroelectronics.X-CUBE-NFC6.3.1.0
2025-12-28 21:59:54,608 [WARN] PackLoader:240 - Cannot read IP mode file for STMicroelectronics.X-CUBE-TOUCHGFX.4.26.0
2025-12-28 21:59:54,616 [WARN] PackLoader:240 - Cannot read IP mode file for STMicroelectronics.FP-SNS-STAIOTCFT.1.0.0
2025-12-28 21:59:54,627 [WARN] PackLoader:240 - Cannot read IP mode file for STMicroelectronics.X-CUBE-DPower.1.3.0
2025-12-28 21:59:54,646 [WARN] ConditionMgr:438 - getConditionDescription Invalid condition id : LAN8742 Phy interface Condition cause : null
2025-12-28 21:59:54,648 [WARN] PackLoader:240 - Cannot read IP mode file for STMicroelectronics.X-CUBE-AZRTOS-L4.2.0.0
2025-12-28 21:59:54,648 [WARN] ConditionMgr:1044 - genDependencies : Invalid condition id : LAN8742 Phy interface Condition cause : null
2025-12-28 21:59:54,648 [WARN] ConditionMgr:1044 - genDependencies : Invalid condition id : LAN8742 Phy interface Condition cause : null
2025-12-28 21:59:54,648 [WARN] ConditionMgr:1044 - genDependencies : Invalid condition id : LAN8742 Phy interface Condition cause : null
2025-12-28 21:59:54,666 [WARN] PackLoader:240 - Cannot read IP mode file for STMicroelectronics.X-CUBE-SFXS2LP1.4.0.0
2025-12-28 21:59:54,681 [WARN] PackLoader:240 - Cannot read IP mode file for STMicroelectronics.X-CUBE-BLEMGR.4.1.0
2025-12-28 21:59:54,700 [WARN] ConditionMgr:438 - getConditionDescription Invalid condition id : UX DEVICE CLASS RTOS Condition cause : null
2025-12-28 21:59:54,701 [WARN] ConditionMgr:438 - getConditionDescription Invalid condition id : UX DEVICE CLASS RTOS Condition cause : null
2025-12-28 21:59:54,703 [WARN] PackLoader:240 - Cannot read IP mode file for STMicroelectronics.X-CUBE-AZRTOS-WB.2.0.0
2025-12-28 21:59:54,704 [WARN] ConditionMgr:1044 - genDependencies : Invalid condition id : UX DEVICE CLASS RTOS Condition cause : null
2025-12-28 21:59:54,704 [WARN] ConditionMgr:1044 - genDependencies : Invalid condition id : UX DEVICE CLASS RTOS Condition cause : null
2025-12-28 21:59:54,705 [WARN] ConditionMgr:1044 - genDependencies : Invalid condition id : UX DEVICE CLASS RTOS Condition cause : null
2025-12-28 21:59:54,705 [WARN] ConditionMgr:1044 - genDependencies : Invalid condition id : UX DEVICE CLASS RTOS Condition cause : null
2025-12-28 21:59:54,705 [WARN] ConditionMgr:1044 - genDependencies : Invalid condition id : UX DEVICE CLASS RTOS Condition cause : null
2025-12-28 21:59:54,712 [WARN] ConditionMgr:438 - getConditionDescription Invalid condition id : Cortex-A Device cause : null
2025-12-28 21:59:54,726 [WARN] ConditionMgr:1044 - genDependencies : Invalid condition id : Cortex-A Device cause : null
2025-12-28 21:59:54,726 [WARN] ConditionMgr:1044 - genDependencies : Invalid condition id : Cortex-A Device cause : null
2025-12-28 21:59:54,726 [WARN] ConditionMgr:1044 - genDependencies : Invalid condition id : Cortex-A Device cause : null
2025-12-28 21:59:54,739 [WARN] PackLoader:240 - Cannot read IP mode file for STMicroelectronics.X-CUBE-SUBG2.5.0.0
2025-12-28 21:59:54,758 [WARN] PackLoader:240 - Cannot read IP mode file for STMicroelectronics.X-CUBE-AZRTOS-G4.2.0.0
2025-12-28 21:59:54,774 [WARN] PackLoader:240 - Cannot read IP mode file for wolfSSL.I-CUBE-wolfSSH.1.4.20
2025-12-28 21:59:54,785 [WARN] PackLoader:240 - Cannot read IP mode file for STMicroelectronics.X-CUBE-NFC7.2.0.0
2025-12-28 21:59:54,791 [WARN] PackLoader:240 - Cannot read IP mode file for STMicroelectronics.X-CUBE-ALS.1.0.2
2025-12-28 21:59:54,800 [WARN] PackLoader:240 - Cannot read IP mode file for STMicroelectronics.X-CUBE-STSE01.1.0.0
2025-12-28 21:59:54,815 [WARN] PackLoader:240 - Cannot read IP mode file for STMicroelectronics.X-CUBE-TOF1.3.4.3
2025-12-28 21:59:54,824 [INFO] ThirdParty:978 - Integrity check success = true
2025-12-28 21:59:54,824 [INFO] IntegrityCheckThread:100 - exiting critical section [integrity check]
2025-12-28 21:59:54,824 [INFO] IntegrityCheckThread:103 - End integrity checks thread
2025-12-28 21:59:55,221 [INFO] WebApp:463 - Apply proxy settings
2025-12-28 21:59:55,221 [INFO] WebApp:548 - Chromium requires no authentication
2025-12-28 21:59:55,250 [INFO] WebApp:491 - Direct internet connection detected
2025-12-28 21:59:55,307 [INFO] WebApp:900 - Register for checkConnection events
2025-12-28 21:59:55,307 [INFO] WebApp:463 - Apply proxy settings
2025-12-28 21:59:55,307 [INFO] WebApp:548 - Chromium requires no authentication
2025-12-28 21:59:55,307 [INFO] WebApp:491 - Direct internet connection detected
2025-12-28 21:59:55,525 [INFO] WebApp:191 - Connection restablished
2025-12-28 21:59:55,544 [INFO] WebApp:225 - Starting web application
2025-12-28 21:59:55,544 [INFO] WebApp:593 - Web application path used C:\ST\STM32CubeIDE_1.19.0\STM32CubeIDE\plugins\com.st.stm32cube.common.mx_6.15.0.202507011659\db\plugins\mcufinder\reactClient1\index.html
2025-12-28 22:23:20,926 [INFO] WebApp:403 - JxBrowser engine has been closed 
2025-12-28 22:29:06,566 [INFO] McuFinderGlobals:63 - Set McuFinder mode to 2 (CubeIDE integrated)
2025-12-28 22:29:06,574 [INFO] MainUpdater:2872 - connection check result : 10
2025-12-28 22:29:07,175 [INFO] ApiDb:581 - Connected to CubeFinder SQLite database (C:\Users\kleyton\.stmcufinder\plugins\mcufinder\mcu\cube-finder-db.db)
2025-12-28 22:29:07,383 [INFO] ApiDb:668 - CubeFinder database Data Model version=2.1
2025-12-28 22:29:07,384 [INFO] ApiDb:669 - CubeFinder database Configuration version=3.0.39
2025-12-28 22:29:07,385 [INFO] ApiDb:670 - CubeFinder database generation date=2025-11-05 (1762334721)
2025-12-28 22:29:07,385 [INFO] ApiDb:671 - CubeFinder database FW Pack versions=[FP-ATR-ASTRA1_V2.0.0, FP-SNS-FLIGHT1_V5.1.0, FP-SNS-MOTENV1_V5.1.0, FP-SNS-MOTENVWB1_V1.4.0, FP-SNS-SMARTAG2_V1.2.0, FP-SNS-STBOX1_V2.1.0, STM32Cube_FW_C0_V1.4.0, STM32Cube_FW_F4_V1.28.3, STM32Cube_FW_F7_V1.17.4, STM32Cube_FW_G0_V1.6.2, STM32Cube_FW_G4_V1.6.1, STM32Cube_FW_H5_V1.5.1, STM32Cube_FW_H7RS_V1.3.0, STM32Cube_FW_H7_V1.12.1, STM32Cube_FW_L0_V1.12.2, STM32Cube_FW_L4_V1.18.1, STM32Cube_FW_L5_V1.6.0, STM32Cube_FW_N6_V1.3.0, STM32Cube_FW_U0_V1.3.0, STM32Cube_FW_U3_V1.2.1, STM32Cube_FW_U5_V1.8.0, STM32Cube_FW_WB0_V1.4.0, STM32Cube_FW_WBA_V1.8.0, STM32Cube_FW_WB_V1.24.0, STM32Cube_FW_WL3_V1.3.0, STM32Cube_FW_WL_V1.4.0, X-CUBE-ALGOBUILD_V1.4.0, X-CUBE-ALS_V1.0.2, X-CUBE-AZRTOS-F4_V1.1.0, X-CUBE-AZRTOS-F7_V1.1.0, X-CUBE-AZRTOS-G0_V1.1.0, X-CUBE-AZRTOS-G4_V2.0.0, X-CUBE-AZRTOS-H7RS_V1.1.0, X-CUBE-AZRTOS-H7_V3.4.0, X-CUBE-AZRTOS-L4_V2.0.0, X-CUBE-AZRTOS-L5_V2.0.0, X-CUBE-AZRTOS-WB_V2.0.0, X-CUBE-AZRTOS-WL_V2.0.0, X-CUBE-BLE1_V7.1.0, X-CUBE-BLE2_V3.3.0, X-CUBE-BLEMGR_V4.1.0, X-CUBE-EEPRMA1_V5.2.0, X-CUBE-FREERTOS_V1.3.1, X-CUBE-GNSS1_V6.0.0, X-CUBE-MEMS1_V11.3.0, X-CUBE-NFC4_V3.0.0, X-CUBE-NFC7_V2.0.0, X-CUBE-SFXS2LP1_V4.0.0, X-CUBE-ST67W61_V1.1.0, X-CUBE-SUBG2_V5.0.0, X-CUBE-TOF1_V3.4.3]
2025-12-28 22:29:14,359 [INFO] ApiDb:240 - Found 880 in-development CPN: [B-G473E-ZEST1S, B-WB1M-WPAN1, B-WBA5M-WPAN, B-WL5M-SUBG1, NUCLEO-C031C6, NUCLEO-C051C8, NUCLEO-C071RB, NUCLEO-C092RC, NUCLEO-H503RB, NUCLEO-H533RE, NUCLEO-H563ZI, NUCLEO-H7S3L8, NUCLEO-N657X0-Q, NUCLEO-U031R8, NUCLEO-U083RC, NUCLEO-U385RG-Q, NUCLEO-U545RE-Q, NUCLEO-U5A5ZJ-Q, NUCLEO-WB05KZ, NUCLEO-WB07CC, NUCLEO-WB09KE, NUCLEO-WBA52CG, NUCLEO-WBA55CG, NUCLEO-WL33CC1, NUCLEO-WL33CC2, STEVAL-PROTEUS1, STEVAL-SMARTAG2, STEVAL-STWINBX1, STM320518-EVAL, STM32C0116-DK, STM32C011D6Y3TR, STM32C011D6Y6TR, STM32C011F4P3, STM32C011F4P6, STM32C011F4U3, STM32C011F4U6TR, STM32C011F6P3, STM32C011F6P6, STM32C011F6U3, STM32C011F6U6TR, STM32C011J4M3, STM32C011J4M6, STM32C011J6M3, STM32C011J6M6, STM32C0316-DK, STM32C031C4T3, STM32C031C4T6, STM32C031C4U3, STM32C031C4U6, STM32C031C6T3, STM32C031C6T6, STM32C031C6U3, STM32C031C6U6, STM32C031F4P3, STM32C031F4P6, STM32C031F6P3, STM32C031F6P6, STM32C031G4U3, STM32C031G4U6, STM32C031G6U3, STM32C031G6U6, STM32C031K4T3, STM32C031K4T6, STM32C031K4U3, STM32C031K4U6, STM32C031K6T3, STM32C031K6T6, STM32C031K6U3, STM32C031K6U6, STM32C051C6T6, STM32C051C6U6, STM32C051C8T6, STM32C051C8U6, STM32C051D8Y6TR, STM32C051F6P6, STM32C051F8P6, STM32C051G6U6, STM32C051G8U6, STM32C051K6T6, STM32C051K6U6, STM32C051K8T6, STM32C071C8T6, STM32C071C8T6N, STM32C071C8U6, STM32C071C8U6N, STM32C071CBT6, STM32C071CBT6N, STM32C071CBU6, STM32C071CBU6N, STM32C071F8P6, STM32C071F8P6N, STM32C071FBP6, STM32C071FBP6N, STM32C071FBY6TR, STM32C071G8U6, STM32C071G8U6N, STM32C071GBU6, STM32C071GBU6N, STM32C071K8T6, STM32C071K8T6N, STM32C071K8U6, STM32C071K8U6N, STM32C071KBT6, STM32C071KBT6N, STM32C071KBU6, STM32C071KBU6N, STM32C071R8T6, STM32C071R8T6N, STM32C071RBI6N, STM32C071RBT6, STM32C071RBT6N, STM32C091CBT6, STM32C091CBU6, STM32C091CCT6, STM32C091CCU6, STM32C091ECY6TR, STM32C091FBP6, STM32C091FCP6, STM32C091GBU6, STM32C091GCU6, STM32C091KBT6, STM32C091KBU6, STM32C091KCT6, STM32C091KCU6, STM32C091RBT6, STM32C091RCI6, STM32C091RCT6, STM32C092CBT6, STM32C092CBU6, STM32C092CCT6, STM32C092CCU6, STM32C092ECY6TR, STM32C092FBP6, STM32C092FCP6, STM32C092GBU6, STM32C092GCU6, STM32C092KBT6, STM32C092KBU6, STM32C092KCT6, STM32C092KCU6, STM32C092RBT6, STM32C092RCI6, STM32C092RCT6, STM32G071K8TXN, STM32G071K8UXN, STM32G081GBU6N, STM32G081KBT6N, STM32G081KBUXN, STM32G0B1CCT6N, STM32G0B1KCT6, STM32G0B1NEY6TR, STM32G0B1RCT6N, STM32G0C1CCT6, STM32G0C1CCT6N, STM32G0C1CCU6N, STM32G0C1CET6N, STM32G0C1CEU6N, STM32G0C1KCT6, STM32G0C1NEY6TR, STM32G0C1RCI6N, STM32G0C1RCT6N, STM32G0C1REI6N, STM32G0C1RET6N, STM32G0C1VCI6, STM32G0C1VEI6, STM32G411C6T3, STM32G411C6T6, STM32G411C6U3, STM32G411C6U6, STM32G411C8T3, STM32G411C8T6, STM32G411C8U3, STM32G411C8U6, STM32G411CBT3, STM32G411CBT6, STM32G411CBU3, STM32G411CBU6, STM32G411K6T3, STM32G411K6T6, STM32G411K6U3, STM32G411K6U6, STM32G411K8T3, STM32G411K8T6, STM32G411K8U3, STM32G411K8U6, STM32G411KBT3, STM32G411KBT6, STM32G411KBU3, STM32G411KBU6, STM32G411M6T3, STM32G411M6T6, STM32G411M8T3, STM32G411M8T6, STM32G411MBT3, STM32G411MBT6, STM32G411R6T3, STM32G411R6T6, STM32G411R8T3, STM32G411R8T6, STM32G411RBT3, STM32G411RBT6, STM32G414CBT3, STM32G414CBT6, STM32G414CBU3, STM32G414CBU6, STM32G414CCT3, STM32G414CCT6, STM32G414CCU3, STM32G414CCU6, STM32G414MBT3, STM32G414MBT6, STM32G414MCT3, STM32G414MCT6, STM32G414RBT3, STM32G414RBT6, STM32G414RCT3, STM32G414RCT6, STM32G414VBT3, STM32G414VBT6, STM32G414VCT3, STM32G414VCT6, STM32G431CBT3Z, STM32G431RBT3Z, STM32G471CCT6, STM32G471CCU6, STM32G471CET3, STM32G471CET6, STM32G471CEU3, STM32G471CEU6, STM32G471MCT6, STM32G471MET3, STM32G471MET6, STM32G471MEY6TR, STM32G471QCT6, STM32G471QET3, STM32G471RCT6, STM32G471RET3, STM32G471RET6, STM32G471VCH6, STM32G471VCI6, STM32G471VCT6, STM32G471VEH3, STM32G471VEH6, STM32G471VEI3, STM32G471VEI6, STM32G471VET3, STM32G471VET6, STM32G473QET3Z, STM32G473RET3Z, STM32G474CCT6, STM32G491RET3Z, STM32H503CBT6, STM32H503CBU6, STM32H503EBY6TR, STM32H503KBU6, STM32H503RBT6, STM32H523CCT6, STM32H523CCU6, STM32H523CET6, STM32H523CEU6, STM32H523HEY6TR, STM32H523RCT6, STM32H523RET6, STM32H523VCI6, STM32H523VCT6, STM32H523VEI6, STM32H523VET6, STM32H523ZCJ6, STM32H523ZCT6, STM32H523ZEJ6, STM32H523ZET6, STM32H533CET6, STM32H533CEU6, STM32H533HEY6TR, STM32H533RET6, STM32H533VEI6, STM32H533VET6, STM32H533ZEJ6, STM32H533ZET6, STM32H562AGI6, STM32H562AII6, STM32H562IGK6, STM32H562IGT6, STM32H562IIK6, STM32H562IIT6, STM32H562RGT6, STM32H562RGV6, STM32H562RIT6, STM32H562RIV6, STM32H562VGT6, STM32H562VIT6, STM32H562ZGT6, STM32H562ZIT6, STM32H563AGI6, STM32H563AII3Q, STM32H563AII6, STM32H563IGK6, STM32H563IGT6, STM32H563IIK3Q, STM32H563IIK6, STM32H563IIT3Q, STM32H563IIT6, STM32H563MIY3QTR, STM32H563RGT6, STM32H563RGV6, STM32H563RIT6, STM32H563RIV6, STM32H563VGT6, STM32H563VIT3Q, STM32H563VIT6, STM32H563ZGT6, STM32H563ZIT3Q, STM32H563ZIT6, STM32H573AII3Q, STM32H573AII6, STM32H573I-DK, STM32H573IIK3Q, STM32H573IIK6, STM32H573IIT3Q, STM32H573IIT6, STM32H573MIY3QTR, STM32H573RIT6, STM32H573RIV6, STM32H573VIT3Q, STM32H573VIT6, STM32H573ZIT3Q, STM32H573ZIT6, STM32H7R3A8I6, STM32H7R3I8K6, STM32H7R3I8T6, STM32H7R3L8H6, STM32H7R3L8H6H, STM32H7R3R8V6, STM32H7R3V8H6, STM32H7R3V8T6, STM32H7R3V8Y6TR, STM32H7R3Z8J6, STM32H7R3Z8T6, STM32H7R7A8I6, STM32H7R7I8K6, STM32H7R7I8T6, STM32H7R7L8H6, STM32H7R7L8H6H, STM32H7R7Z8J6, STM32H7S3A8I6, STM32H7S3I8K6, STM32H7S3I8T6, STM32H7S3L8H6, STM32H7S3L8H6H, STM32H7S3R8V6, STM32H7S3V8H6, STM32H7S3V8T6, STM32H7S3V8Y6TR, STM32H7S3Z8J6, STM32H7S3Z8T6, STM32H7S78-DK, STM32H7S7A8I6, STM32H7S7I8K6, STM32H7S7I8T6, STM32H7S7L8H6, STM32H7S7L8H6H, STM32H7S7Z8J6, STM32L4R5QGI6STR, STM32MP131AAE3, STM32MP131AAF3, STM32MP131AAG3, STM32MP131CAE3, STM32MP131CAF3, STM32MP131CAG3, STM32MP131DAE7, STM32MP131DAF7, STM32MP131DAG7, STM32MP131FAE7, STM32MP131FAF7, STM32MP131FAG7, STM32MP133AAE3, STM32MP133AAF3, STM32MP133AAG3, STM32MP133CAE3, STM32MP133CAF3, STM32MP133CAG3, STM32MP133DAE7, STM32MP133DAF7, STM32MP133DAG7, STM32MP133FAE7, STM32MP133FAF7, STM32MP133FAG7, STM32MP135AAE3, STM32MP135AAF3, STM32MP135AAG3, STM32MP135CAE3, STM32MP135CAF3, STM32MP135CAG3, STM32MP135DAE7, STM32MP135DAF7, STM32MP135DAG7, STM32MP135F-DK, STM32MP135FAE7, STM32MP135FAF7, STM32MP135FAF7T, STM32MP135FAF7U, STM32MP135FAG7, STM32MP211AAL3, STM32MP211AAM3, STM32MP211AAN3, STM32MP211AAO3, STM32MP211CAL3, STM32MP211CAM3, STM32MP211CAN3, STM32MP211CAO3, STM32MP211DAL3, STM32MP211DAM3, STM32MP211DAN3, STM32MP211DAO3, STM32MP211FAL3, STM32MP211FAM3, STM32MP211FAN3, STM32MP211FAO3, STM32MP213AAL3, STM32MP213AAM3, STM32MP213AAN3, STM32MP213AAO3, STM32MP213CAL3, STM32MP213CAM3, STM32MP213CAN3, STM32MP213CAO3, STM32MP213DAL3, STM32MP213DAM3, STM32MP213DAN3, STM32MP213DAO3, STM32MP213FAL3, STM32MP213FAM3, STM32MP213FAN3, STM32MP213FAO3, STM32MP215AAL3, STM32MP215AAM3, STM32MP215AAN3, STM32MP215AAO3, STM32MP215CAL3, STM32MP215CAM3, STM32MP215CAN3, STM32MP215CAO3, STM32MP215DAL3, STM32MP215DAM3, STM32MP215DAN3, STM32MP215DAO3, STM32MP215F-DK, STM32MP215FAL3, STM32MP215FAM3, STM32MP215FAN3, STM32MP215FAO3, STM32MP231AAJ3, STM32MP231AAK3, STM32MP231AAL3, STM32MP231CAJ3, STM32MP231CAK3, STM32MP231CAL3, STM32MP231DAJ3, STM32MP231DAK3, STM32MP231DAL3, STM32MP231FAJ3, STM32MP231FAK3, STM32MP231FAL3, STM32MP233AAJ3, STM32MP233AAK3, STM32MP233AAL3, STM32MP233CAJ3, STM32MP233CAK3, STM32MP233CAL3, STM32MP233DAJ3, STM32MP233DAK3, STM32MP233DAL3, STM32MP233FAJ3, STM32MP233FAK3, STM32MP233FAL3, STM32MP235AAJ3, STM32MP235AAK3, STM32MP235AAL3, STM32MP235CAJ3, STM32MP235CAK3, STM32MP235CAL3, STM32MP235DAJ3, STM32MP235DAK3, STM32MP235DAL3, STM32MP235FAJ3, STM32MP235FAK3, STM32MP235FAL3, STM32MP251AAI3, STM32MP251AAK3, STM32MP251AAL3, STM32MP251CAI3, STM32MP251CAK3, STM32MP251CAL3, STM32MP251DAI3, STM32MP251DAK3, STM32MP251DAL3, STM32MP251FAI3, STM32MP251FAK3, STM32MP251FAL3, STM32MP253AAI3, STM32MP253AAK3, STM32MP253AAL3, STM32MP253CAI3, STM32MP253CAK3, STM32MP253CAL3, STM32MP253DAI3, STM32MP253DAK3, STM32MP253DAL3, STM32MP253FAI3, STM32MP253FAK3, STM32MP253FAL3, STM32MP255AAI3, STM32MP255AAK3, STM32MP255AAL3, STM32MP255CAI3, STM32MP255CAK3, STM32MP255CAL3, STM32MP255DAI3, STM32MP255DAK3, STM32MP255DAL3, STM32MP255FAI3, STM32MP255FAK3, STM32MP255FAL3, STM32MP257AAI3, STM32MP257AAK3, STM32MP257AAL3, STM32MP257CAI3, STM32MP257CAK3, STM32MP257CAL3, STM32MP257DAI3, STM32MP257DAK3, STM32MP257DAL3, STM32MP257F-DK, STM32MP257F-EV1, STM32MP257FAI3, STM32MP257FAK3, STM32MP257FAL3, STM32N645A0H3Q, STM32N645B0H3Q, STM32N645I0H3Q, STM32N645L0H3Q, STM32N645X0H3Q, STM32N645Z0H3Q, STM32N647A0H3Q, STM32N647B0H3Q, STM32N647I0H3Q, STM32N647L0H3Q, STM32N647X0H3Q, STM32N647Z0H3Q, STM32N655A0H3Q, STM32N655B0H3Q, STM32N655I0H3Q, STM32N655L0H3Q, STM32N655X0H3Q, STM32N655Z0H3Q, STM32N6570-DK, STM32N657A0H3Q, STM32N657B0H3Q, STM32N657I0H3Q, STM32N657L0H3Q, STM32N657X0H3Q, STM32N657Z0H3Q, STM32U031C6T6, STM32U031C6U6, STM32U031C8T6, STM32U031C8U6, STM32U031F4P6, STM32U031F6P6, STM32U031F8P6, STM32U031G6Y6TR, STM32U031G8Y6TR, STM32U031K4U6, STM32U031K6U6, STM32U031K8U6, STM32U031R6I6, STM32U031R6T6, STM32U031R8I6, STM32U031R8T6, STM32U073C8T6, STM32U073C8U6, STM32U073CBT6, STM32U073CBU6, STM32U073CCT6, STM32U073CCU6, STM32U073H8Y6TR, STM32U073HBY6TR, STM32U073HCY6TR, STM32U073K8U6, STM32U073KBU6, STM32U073KCU6, STM32U073M8I6, STM32U073M8T6, STM32U073MBI6, STM32U073MBT6, STM32U073MCI6, STM32U073MCT6, STM32U073R8I6, STM32U073R8T6, STM32U073RBI6, STM32U073RBT6, STM32U073RCI6, STM32U073RCT6, STM32U083C-DK, STM32U083CCT6, STM32U083CCU6, STM32U083HCY6TR, STM32U083KCU6, STM32U083MCI6, STM32U083MCT6, STM32U083RCI6, STM32U083RCT6, STM32U375CET6, STM32U375CET6Q, STM32U375CEU6, STM32U375CEU6Q, STM32U375CEY6QTR, STM32U375CGT6, STM32U375CGT6Q, STM32U375CGU6, STM32U375CGU6Q, STM32U375CGY6QTR, STM32U375KEU6, STM32U375KGU6, STM32U375REI6, STM32U375REI6Q, STM32U375RET6, STM32U375RET6Q, STM32U375REY6GTR, STM32U375REY6QTR, STM32U375RGI6, STM32U375RGI6Q, STM32U375RGT6, STM32U375RGT6Q, STM32U375RGY6GTR, STM32U375RGY6QTR, STM32U375VEI6, STM32U375VEI6Q, STM32U375VET6, STM32U375VET6Q, STM32U375VGI6, STM32U375VGI6Q, STM32U375VGT6, STM32U375VGT6Q, STM32U385CGT6, STM32U385CGT6Q, STM32U385CGU6, STM32U385CGU6Q, STM32U385CGY6QTR, STM32U385KGU6, STM32U385RGI6, STM32U385RGI6Q, STM32U385RGT6, STM32U385RGT6Q, STM32U385RGY6GTR, STM32U385RGY6QTR, STM32U385VGI6, STM32U385VGI6Q, STM32U385VGT6, STM32U385VGT6Q, STM32U535CBT6, STM32U535CBT6Q, STM32U535CBU6, STM32U535CBU6Q, STM32U535CCT6, STM32U535CCT6Q, STM32U535CCU6, STM32U535CCU6Q, STM32U535CET6, STM32U535CET6Q, STM32U535CEU6, STM32U535CEU6Q, STM32U535JEY6QTR, STM32U535NCY6QTR, STM32U535NEY6QTR, STM32U535RBI6, STM32U535RBI6Q, STM32U535RBT6, STM32U535RBT6Q, STM32U535RCI6, STM32U535RCI6Q, STM32U535RCT6, STM32U535RCT6Q, STM32U535REI6, STM32U535REI6Q, STM32U535RET6, STM32U535RET6Q, STM32U535VCI6, STM32U535VCI6Q, STM32U535VCT6, STM32U535VCT6Q, STM32U535VEI6, STM32U535VEI6Q, STM32U535VET6, STM32U535VET6Q, STM32U545CET6, STM32U545CET6Q, STM32U545CEU6, STM32U545CEU6Q, STM32U545JEY6QTR, STM32U545NEY6QTR, STM32U545REI6, STM32U545REI6Q, STM32U545RET6, STM32U545RET6Q, STM32U545VEI6, STM32U545VEI6Q, STM32U545VET6, STM32U545VET6Q, STM32U595AIH6, STM32U595AIH6Q, STM32U595AJH6, STM32U595AJH6Q, STM32U595QII6, STM32U595QII6Q, STM32U595QJI6, STM32U595QJI6Q, STM32U595RIT6, STM32U595RIT6Q, STM32U595RJT6, STM32U595RJT6Q, STM32U595VIT6, STM32U595VIT6Q, STM32U595VJT6, STM32U595VJT6Q, STM32U595ZIT6, STM32U595ZIT6Q, STM32U595ZIY6QTR, STM32U595ZJT6, STM32U595ZJT6Q, STM32U595ZJY6QTR, STM32U599BJY6QTR, STM32U599NIH6Q, STM32U599NJH6Q, STM32U599VIT6Q, STM32U599VJT6, STM32U599VJT6Q, STM32U599ZIT6Q, STM32U599ZIY6QTR, STM32U599ZJT6Q, STM32U599ZJY6QTR, STM32U5A5AJH6, STM32U5A5AJH6Q, STM32U5A5QII3Q , STM32U5A5QJI6, STM32U5A5QJI6Q, STM32U5A5RJT6, STM32U5A5RJT6Q, STM32U5A5VJT6, STM32U5A5VJT6Q, STM32U5A5ZJT6, STM32U5A5ZJT6Q, STM32U5A5ZJY6QTR, STM32U5A9BJY6QTR, STM32U5A9J-DK, STM32U5A9NJH6Q, STM32U5A9VJT6Q, STM32U5A9ZJT6Q, STM32U5A9ZJY6QTR, STM32U5F7VIT6, STM32U5F7VIT6Q, STM32U5F7VJT6, STM32U5F7VJT6Q, STM32U5F9BJY6QTR, STM32U5F9NJH6Q, STM32U5F9VIT6Q, STM32U5F9VJT6Q, STM32U5F9ZIJ6QTR, STM32U5F9ZIT6Q, STM32U5F9ZJJ6QTR, STM32U5F9ZJT6Q, STM32U5G7VJT6, STM32U5G7VJT6Q, STM32U5G9BJY6QTR, STM32U5G9J-DK1, STM32U5G9J-DK2, STM32U5G9NJH6Q, STM32U5G9VJT6Q, STM32U5G9ZJJ6QTR, STM32U5G9ZJT6Q, STM32WB05KZV6TR, STM32WB05KZV7TR, STM32WB05TZF6TR, STM32WB05TZF7TR, STM32WB06CCF6TR, STM32WB06CCF7TR, STM32WB06CCV6TR, STM32WB06CCV7TR, STM32WB06KCV6TR, STM32WB06KCV7TR, STM32WB07CCF6TR, STM32WB07CCF7TR, STM32WB07CCV6TR, STM32WB07CCV7TR, STM32WB07KCV6TR, STM32WB07KCV7TR, STM32WB09KEV6TR, STM32WB09KEV7TR, STM32WB09TEF6TR, STM32WB09TEF7TR, STM32WB1MMCH6, STM32WBA50KGU6, STM32WBA50KGU6TR, STM32WBA52CEU6, STM32WBA52CEU6TR, STM32WBA52CEU7, STM32WBA52CEU7TR, STM32WBA52CGU6, STM32WBA52CGU6TR, STM32WBA52CGU6U, STM32WBA52CGU7, STM32WBA52CGU7TR, STM32WBA52KEU6, STM32WBA52KEU6TR, STM32WBA52KGU6, STM32WBA52KGU6TR, STM32WBA54CEU6, STM32WBA54CEU6TR, STM32WBA54CEU7, STM32WBA54CEU7TR, STM32WBA54CGU6, STM32WBA54CGU6TR, STM32WBA54CGU7, STM32WBA54CGU7TR, STM32WBA54KEU6, STM32WBA54KEU6TR, STM32WBA54KEU7, STM32WBA54KEU7TR, STM32WBA54KGU6, STM32WBA54KGU6TR, STM32WBA54KGU7, STM32WBA54KGU7TR, STM32WBA55CEU6, STM32WBA55CEU6TR, STM32WBA55CEU7, STM32WBA55CEU7TR, STM32WBA55CGU6, STM32WBA55CGU6TR, STM32WBA55CGU6U, STM32WBA55CGU7, STM32WBA55CGU7TR, STM32WBA55G-DK1, STM32WBA55HEF6, STM32WBA55HEF7, STM32WBA55HGF6, STM32WBA55HGF7, STM32WBA55UEI6, STM32WBA55UEI6TR, STM32WBA55UEI7, STM32WBA55UEI7TR, STM32WBA55UGI6, STM32WBA55UGI6TR, STM32WBA55UGI7, STM32WBA55UGI7TR, STM32WBA5MMGH6TR, STM32WBA62MGF6, STM32WBA62MIF6, STM32WBA65MGF7, STM32WBA65MIF6, STM32WBA65MIF7, STM32WL30K8V6, STM32WL30KBV6, STM32WL31C8V6, STM32WL31CBV6, STM32WL31K8V6, STM32WL31KBV6, STM32WL33C8V6, STM32WL33C8V6X, STM32WL33CBV6, STM32WL33CBV6X, STM32WL33CCV6, STM32WL33CCV6A, STM32WL33CCV6X, STM32WL33K8V7, STM32WL33K8V7X, STM32WL33KBV7 , STM32WL33KBV7X, STM32WL33KCV7, STM32WL33KCV7X, STM32WL5MOCH6, STM32WL5MOCH6TR]
2025-12-28 22:29:14,370 [INFO] DbMcus:218 - Found 4876 MCUs, 4876 are supported
2025-12-28 22:29:14,372 [INFO] ApiDb:423 - Load user favorites file C:\Users\kleyton/.stm32cubeide/favorites.mcus.txt: 0 item(s)
2025-12-28 22:29:14,372 [INFO] ApiDb:427 - User favorites MCUs=[]
2025-12-28 22:29:14,373 [INFO] DbMcus:224 - Set 0 / 0 favorites MCUs
2025-12-28 22:29:15,135 [INFO] ApiDb:668 - CubeFinder database Data Model version=2.1
2025-12-28 22:29:15,135 [INFO] ApiDb:669 - CubeFinder database Configuration version=3.0.39
2025-12-28 22:29:15,135 [INFO] ApiDb:670 - CubeFinder database generation date=2025-11-05 (1762334721)
2025-12-28 22:29:15,136 [INFO] ApiDb:671 - CubeFinder database FW Pack versions=[FP-ATR-ASTRA1_V2.0.0, FP-SNS-FLIGHT1_V5.1.0, FP-SNS-MOTENV1_V5.1.0, FP-SNS-MOTENVWB1_V1.4.0, FP-SNS-SMARTAG2_V1.2.0, FP-SNS-STBOX1_V2.1.0, STM32Cube_FW_C0_V1.4.0, STM32Cube_FW_F4_V1.28.3, STM32Cube_FW_F7_V1.17.4, STM32Cube_FW_G0_V1.6.2, STM32Cube_FW_G4_V1.6.1, STM32Cube_FW_H5_V1.5.1, STM32Cube_FW_H7RS_V1.3.0, STM32Cube_FW_H7_V1.12.1, STM32Cube_FW_L0_V1.12.2, STM32Cube_FW_L4_V1.18.1, STM32Cube_FW_L5_V1.6.0, STM32Cube_FW_N6_V1.3.0, STM32Cube_FW_U0_V1.3.0, STM32Cube_FW_U3_V1.2.1, STM32Cube_FW_U5_V1.8.0, STM32Cube_FW_WB0_V1.4.0, STM32Cube_FW_WBA_V1.8.0, STM32Cube_FW_WB_V1.24.0, STM32Cube_FW_WL3_V1.3.0, STM32Cube_FW_WL_V1.4.0, X-CUBE-ALGOBUILD_V1.4.0, X-CUBE-ALS_V1.0.2, X-CUBE-AZRTOS-F4_V1.1.0, X-CUBE-AZRTOS-F7_V1.1.0, X-CUBE-AZRTOS-G0_V1.1.0, X-CUBE-AZRTOS-G4_V2.0.0, X-CUBE-AZRTOS-H7RS_V1.1.0, X-CUBE-AZRTOS-H7_V3.4.0, X-CUBE-AZRTOS-L4_V2.0.0, X-CUBE-AZRTOS-L5_V2.0.0, X-CUBE-AZRTOS-WB_V2.0.0, X-CUBE-AZRTOS-WL_V2.0.0, X-CUBE-BLE1_V7.1.0, X-CUBE-BLE2_V3.3.0, X-CUBE-BLEMGR_V4.1.0, X-CUBE-EEPRMA1_V5.2.0, X-CUBE-FREERTOS_V1.3.1, X-CUBE-GNSS1_V6.0.0, X-CUBE-MEMS1_V11.3.0, X-CUBE-NFC4_V3.0.0, X-CUBE-NFC7_V2.0.0, X-CUBE-SFXS2LP1_V4.0.0, X-CUBE-ST67W61_V1.1.0, X-CUBE-SUBG2_V5.0.0, X-CUBE-TOF1_V3.4.3]
2025-12-28 22:29:15,267 [INFO] DbBoardsSqlite:226 - include board P-NUCLEO-WB55-NUCLEO as a kit item of type 'Nucleo-64'
2025-12-28 22:29:15,268 [INFO] DbBoardsSqlite:226 - include board P-NUCLEO-WB55-USBDONGLE as a kit item of type 'Nucleo USB Dongle'
2025-12-28 22:29:15,268 [INFO] DbBoardsSqlite:226 - include board STEVAL-IDP005V1 as a kit item of type 'Evaluation Board'
2025-12-28 22:29:15,269 [INFO] DbBoardsSqlite:226 - include board STEVAL-IDP005V2 as a kit item of type 'Evaluation Board'
2025-12-28 22:29:15,444 [INFO] ApiDb:240 - Found 880 in-development CPN: [B-G473E-ZEST1S, B-WB1M-WPAN1, B-WBA5M-WPAN, B-WL5M-SUBG1, NUCLEO-C031C6, NUCLEO-C051C8, NUCLEO-C071RB, NUCLEO-C092RC, NUCLEO-H503RB, NUCLEO-H533RE, NUCLEO-H563ZI, NUCLEO-H7S3L8, NUCLEO-N657X0-Q, NUCLEO-U031R8, NUCLEO-U083RC, NUCLEO-U385RG-Q, NUCLEO-U545RE-Q, NUCLEO-U5A5ZJ-Q, NUCLEO-WB05KZ, NUCLEO-WB07CC, NUCLEO-WB09KE, NUCLEO-WBA52CG, NUCLEO-WBA55CG, NUCLEO-WL33CC1, NUCLEO-WL33CC2, STEVAL-PROTEUS1, STEVAL-SMARTAG2, STEVAL-STWINBX1, STM320518-EVAL, STM32C0116-DK, STM32C011D6Y3TR, STM32C011D6Y6TR, STM32C011F4P3, STM32C011F4P6, STM32C011F4U3, STM32C011F4U6TR, STM32C011F6P3, STM32C011F6P6, STM32C011F6U3, STM32C011F6U6TR, STM32C011J4M3, STM32C011J4M6, STM32C011J6M3, STM32C011J6M6, STM32C0316-DK, STM32C031C4T3, STM32C031C4T6, STM32C031C4U3, STM32C031C4U6, STM32C031C6T3, STM32C031C6T6, STM32C031C6U3, STM32C031C6U6, STM32C031F4P3, STM32C031F4P6, STM32C031F6P3, STM32C031F6P6, STM32C031G4U3, STM32C031G4U6, STM32C031G6U3, STM32C031G6U6, STM32C031K4T3, STM32C031K4T6, STM32C031K4U3, STM32C031K4U6, STM32C031K6T3, STM32C031K6T6, STM32C031K6U3, STM32C031K6U6, STM32C051C6T6, STM32C051C6U6, STM32C051C8T6, STM32C051C8U6, STM32C051D8Y6TR, STM32C051F6P6, STM32C051F8P6, STM32C051G6U6, STM32C051G8U6, STM32C051K6T6, STM32C051K6U6, STM32C051K8T6, STM32C071C8T6, STM32C071C8T6N, STM32C071C8U6, STM32C071C8U6N, STM32C071CBT6, STM32C071CBT6N, STM32C071CBU6, STM32C071CBU6N, STM32C071F8P6, STM32C071F8P6N, STM32C071FBP6, STM32C071FBP6N, STM32C071FBY6TR, STM32C071G8U6, STM32C071G8U6N, STM32C071GBU6, STM32C071GBU6N, STM32C071K8T6, STM32C071K8T6N, STM32C071K8U6, STM32C071K8U6N, STM32C071KBT6, STM32C071KBT6N, STM32C071KBU6, STM32C071KBU6N, STM32C071R8T6, STM32C071R8T6N, STM32C071RBI6N, STM32C071RBT6, STM32C071RBT6N, STM32C091CBT6, STM32C091CBU6, STM32C091CCT6, STM32C091CCU6, STM32C091ECY6TR, STM32C091FBP6, STM32C091FCP6, STM32C091GBU6, STM32C091GCU6, STM32C091KBT6, STM32C091KBU6, STM32C091KCT6, STM32C091KCU6, STM32C091RBT6, STM32C091RCI6, STM32C091RCT6, STM32C092CBT6, STM32C092CBU6, STM32C092CCT6, STM32C092CCU6, STM32C092ECY6TR, STM32C092FBP6, STM32C092FCP6, STM32C092GBU6, STM32C092GCU6, STM32C092KBT6, STM32C092KBU6, STM32C092KCT6, STM32C092KCU6, STM32C092RBT6, STM32C092RCI6, STM32C092RCT6, STM32G071K8TXN, STM32G071K8UXN, STM32G081GBU6N, STM32G081KBT6N, STM32G081KBUXN, STM32G0B1CCT6N, STM32G0B1KCT6, STM32G0B1NEY6TR, STM32G0B1RCT6N, STM32G0C1CCT6, STM32G0C1CCT6N, STM32G0C1CCU6N, STM32G0C1CET6N, STM32G0C1CEU6N, STM32G0C1KCT6, STM32G0C1NEY6TR, STM32G0C1RCI6N, STM32G0C1RCT6N, STM32G0C1REI6N, STM32G0C1RET6N, STM32G0C1VCI6, STM32G0C1VEI6, STM32G411C6T3, STM32G411C6T6, STM32G411C6U3, STM32G411C6U6, STM32G411C8T3, STM32G411C8T6, STM32G411C8U3, STM32G411C8U6, STM32G411CBT3, STM32G411CBT6, STM32G411CBU3, STM32G411CBU6, STM32G411K6T3, STM32G411K6T6, STM32G411K6U3, STM32G411K6U6, STM32G411K8T3, STM32G411K8T6, STM32G411K8U3, STM32G411K8U6, STM32G411KBT3, STM32G411KBT6, STM32G411KBU3, STM32G411KBU6, STM32G411M6T3, STM32G411M6T6, STM32G411M8T3, STM32G411M8T6, STM32G411MBT3, STM32G411MBT6, STM32G411R6T3, STM32G411R6T6, STM32G411R8T3, STM32G411R8T6, STM32G411RBT3, STM32G411RBT6, STM32G414CBT3, STM32G414CBT6, STM32G414CBU3, STM32G414CBU6, STM32G414CCT3, STM32G414CCT6, STM32G414CCU3, STM32G414CCU6, STM32G414MBT3, STM32G414MBT6, STM32G414MCT3, STM32G414MCT6, STM32G414RBT3, STM32G414RBT6, STM32G414RCT3, STM32G414RCT6, STM32G414VBT3, STM32G414VBT6, STM32G414VCT3, STM32G414VCT6, STM32G431CBT3Z, STM32G431RBT3Z, STM32G471CCT6, STM32G471CCU6, STM32G471CET3, STM32G471CET6, STM32G471CEU3, STM32G471CEU6, STM32G471MCT6, STM32G471MET3, STM32G471MET6, STM32G471MEY6TR, STM32G471QCT6, STM32G471QET3, STM32G471RCT6, STM32G471RET3, STM32G471RET6, STM32G471VCH6, STM32G471VCI6, STM32G471VCT6, STM32G471VEH3, STM32G471VEH6, STM32G471VEI3, STM32G471VEI6, STM32G471VET3, STM32G471VET6, STM32G473QET3Z, STM32G473RET3Z, STM32G474CCT6, STM32G491RET3Z, STM32H503CBT6, STM32H503CBU6, STM32H503EBY6TR, STM32H503KBU6, STM32H503RBT6, STM32H523CCT6, STM32H523CCU6, STM32H523CET6, STM32H523CEU6, STM32H523HEY6TR, STM32H523RCT6, STM32H523RET6, STM32H523VCI6, STM32H523VCT6, STM32H523VEI6, STM32H523VET6, STM32H523ZCJ6, STM32H523ZCT6, STM32H523ZEJ6, STM32H523ZET6, STM32H533CET6, STM32H533CEU6, STM32H533HEY6TR, STM32H533RET6, STM32H533VEI6, STM32H533VET6, STM32H533ZEJ6, STM32H533ZET6, STM32H562AGI6, STM32H562AII6, STM32H562IGK6, STM32H562IGT6, STM32H562IIK6, STM32H562IIT6, STM32H562RGT6, STM32H562RGV6, STM32H562RIT6, STM32H562RIV6, STM32H562VGT6, STM32H562VIT6, STM32H562ZGT6, STM32H562ZIT6, STM32H563AGI6, STM32H563AII3Q, STM32H563AII6, STM32H563IGK6, STM32H563IGT6, STM32H563IIK3Q, STM32H563IIK6, STM32H563IIT3Q, STM32H563IIT6, STM32H563MIY3QTR, STM32H563RGT6, STM32H563RGV6, STM32H563RIT6, STM32H563RIV6, STM32H563VGT6, STM32H563VIT3Q, STM32H563VIT6, STM32H563ZGT6, STM32H563ZIT3Q, STM32H563ZIT6, STM32H573AII3Q, STM32H573AII6, STM32H573I-DK, STM32H573IIK3Q, STM32H573IIK6, STM32H573IIT3Q, STM32H573IIT6, STM32H573MIY3QTR, STM32H573RIT6, STM32H573RIV6, STM32H573VIT3Q, STM32H573VIT6, STM32H573ZIT3Q, STM32H573ZIT6, STM32H7R3A8I6, STM32H7R3I8K6, STM32H7R3I8T6, STM32H7R3L8H6, STM32H7R3L8H6H, STM32H7R3R8V6, STM32H7R3V8H6, STM32H7R3V8T6, STM32H7R3V8Y6TR, STM32H7R3Z8J6, STM32H7R3Z8T6, STM32H7R7A8I6, STM32H7R7I8K6, STM32H7R7I8T6, STM32H7R7L8H6, STM32H7R7L8H6H, STM32H7R7Z8J6, STM32H7S3A8I6, STM32H7S3I8K6, STM32H7S3I8T6, STM32H7S3L8H6, STM32H7S3L8H6H, STM32H7S3R8V6, STM32H7S3V8H6, STM32H7S3V8T6, STM32H7S3V8Y6TR, STM32H7S3Z8J6, STM32H7S3Z8T6, STM32H7S78-DK, STM32H7S7A8I6, STM32H7S7I8K6, STM32H7S7I8T6, STM32H7S7L8H6, STM32H7S7L8H6H, STM32H7S7Z8J6, STM32L4R5QGI6STR, STM32MP131AAE3, STM32MP131AAF3, STM32MP131AAG3, STM32MP131CAE3, STM32MP131CAF3, STM32MP131CAG3, STM32MP131DAE7, STM32MP131DAF7, STM32MP131DAG7, STM32MP131FAE7, STM32MP131FAF7, STM32MP131FAG7, STM32MP133AAE3, STM32MP133AAF3, STM32MP133AAG3, STM32MP133CAE3, STM32MP133CAF3, STM32MP133CAG3, STM32MP133DAE7, STM32MP133DAF7, STM32MP133DAG7, STM32MP133FAE7, STM32MP133FAF7, STM32MP133FAG7, STM32MP135AAE3, STM32MP135AAF3, STM32MP135AAG3, STM32MP135CAE3, STM32MP135CAF3, STM32MP135CAG3, STM32MP135DAE7, STM32MP135DAF7, STM32MP135DAG7, STM32MP135F-DK, STM32MP135FAE7, STM32MP135FAF7, STM32MP135FAF7T, STM32MP135FAF7U, STM32MP135FAG7, STM32MP211AAL3, STM32MP211AAM3, STM32MP211AAN3, STM32MP211AAO3, STM32MP211CAL3, STM32MP211CAM3, STM32MP211CAN3, STM32MP211CAO3, STM32MP211DAL3, STM32MP211DAM3, STM32MP211DAN3, STM32MP211DAO3, STM32MP211FAL3, STM32MP211FAM3, STM32MP211FAN3, STM32MP211FAO3, STM32MP213AAL3, STM32MP213AAM3, STM32MP213AAN3, STM32MP213AAO3, STM32MP213CAL3, STM32MP213CAM3, STM32MP213CAN3, STM32MP213CAO3, STM32MP213DAL3, STM32MP213DAM3, STM32MP213DAN3, STM32MP213DAO3, STM32MP213FAL3, STM32MP213FAM3, STM32MP213FAN3, STM32MP213FAO3, STM32MP215AAL3, STM32MP215AAM3, STM32MP215AAN3, STM32MP215AAO3, STM32MP215CAL3, STM32MP215CAM3, STM32MP215CAN3, STM32MP215CAO3, STM32MP215DAL3, STM32MP215DAM3, STM32MP215DAN3, STM32MP215DAO3, STM32MP215F-DK, STM32MP215FAL3, STM32MP215FAM3, STM32MP215FAN3, STM32MP215FAO3, STM32MP231AAJ3, STM32MP231AAK3, STM32MP231AAL3, STM32MP231CAJ3, STM32MP231CAK3, STM32MP231CAL3, STM32MP231DAJ3, STM32MP231DAK3, STM32MP231DAL3, STM32MP231FAJ3, STM32MP231FAK3, STM32MP231FAL3, STM32MP233AAJ3, STM32MP233AAK3, STM32MP233AAL3, STM32MP233CAJ3, STM32MP233CAK3, STM32MP233CAL3, STM32MP233DAJ3, STM32MP233DAK3, STM32MP233DAL3, STM32MP233FAJ3, STM32MP233FAK3, STM32MP233FAL3, STM32MP235AAJ3, STM32MP235AAK3, STM32MP235AAL3, STM32MP235CAJ3, STM32MP235CAK3, STM32MP235CAL3, STM32MP235DAJ3, STM32MP235DAK3, STM32MP235DAL3, STM32MP235FAJ3, STM32MP235FAK3, STM32MP235FAL3, STM32MP251AAI3, STM32MP251AAK3, STM32MP251AAL3, STM32MP251CAI3, STM32MP251CAK3, STM32MP251CAL3, STM32MP251DAI3, STM32MP251DAK3, STM32MP251DAL3, STM32MP251FAI3, STM32MP251FAK3, STM32MP251FAL3, STM32MP253AAI3, STM32MP253AAK3, STM32MP253AAL3, STM32MP253CAI3, STM32MP253CAK3, STM32MP253CAL3, STM32MP253DAI3, STM32MP253DAK3, STM32MP253DAL3, STM32MP253FAI3, STM32MP253FAK3, STM32MP253FAL3, STM32MP255AAI3, STM32MP255AAK3, STM32MP255AAL3, STM32MP255CAI3, STM32MP255CAK3, STM32MP255CAL3, STM32MP255DAI3, STM32MP255DAK3, STM32MP255DAL3, STM32MP255FAI3, STM32MP255FAK3, STM32MP255FAL3, STM32MP257AAI3, STM32MP257AAK3, STM32MP257AAL3, STM32MP257CAI3, STM32MP257CAK3, STM32MP257CAL3, STM32MP257DAI3, STM32MP257DAK3, STM32MP257DAL3, STM32MP257F-DK, STM32MP257F-EV1, STM32MP257FAI3, STM32MP257FAK3, STM32MP257FAL3, STM32N645A0H3Q, STM32N645B0H3Q, STM32N645I0H3Q, STM32N645L0H3Q, STM32N645X0H3Q, STM32N645Z0H3Q, STM32N647A0H3Q, STM32N647B0H3Q, STM32N647I0H3Q, STM32N647L0H3Q, STM32N647X0H3Q, STM32N647Z0H3Q, STM32N655A0H3Q, STM32N655B0H3Q, STM32N655I0H3Q, STM32N655L0H3Q, STM32N655X0H3Q, STM32N655Z0H3Q, STM32N6570-DK, STM32N657A0H3Q, STM32N657B0H3Q, STM32N657I0H3Q, STM32N657L0H3Q, STM32N657X0H3Q, STM32N657Z0H3Q, STM32U031C6T6, STM32U031C6U6, STM32U031C8T6, STM32U031C8U6, STM32U031F4P6, STM32U031F6P6, STM32U031F8P6, STM32U031G6Y6TR, STM32U031G8Y6TR, STM32U031K4U6, STM32U031K6U6, STM32U031K8U6, STM32U031R6I6, STM32U031R6T6, STM32U031R8I6, STM32U031R8T6, STM32U073C8T6, STM32U073C8U6, STM32U073CBT6, STM32U073CBU6, STM32U073CCT6, STM32U073CCU6, STM32U073H8Y6TR, STM32U073HBY6TR, STM32U073HCY6TR, STM32U073K8U6, STM32U073KBU6, STM32U073KCU6, STM32U073M8I6, STM32U073M8T6, STM32U073MBI6, STM32U073MBT6, STM32U073MCI6, STM32U073MCT6, STM32U073R8I6, STM32U073R8T6, STM32U073RBI6, STM32U073RBT6, STM32U073RCI6, STM32U073RCT6, STM32U083C-DK, STM32U083CCT6, STM32U083CCU6, STM32U083HCY6TR, STM32U083KCU6, STM32U083MCI6, STM32U083MCT6, STM32U083RCI6, STM32U083RCT6, STM32U375CET6, STM32U375CET6Q, STM32U375CEU6, STM32U375CEU6Q, STM32U375CEY6QTR, STM32U375CGT6, STM32U375CGT6Q, STM32U375CGU6, STM32U375CGU6Q, STM32U375CGY6QTR, STM32U375KEU6, STM32U375KGU6, STM32U375REI6, STM32U375REI6Q, STM32U375RET6, STM32U375RET6Q, STM32U375REY6GTR, STM32U375REY6QTR, STM32U375RGI6, STM32U375RGI6Q, STM32U375RGT6, STM32U375RGT6Q, STM32U375RGY6GTR, STM32U375RGY6QTR, STM32U375VEI6, STM32U375VEI6Q, STM32U375VET6, STM32U375VET6Q, STM32U375VGI6, STM32U375VGI6Q, STM32U375VGT6, STM32U375VGT6Q, STM32U385CGT6, STM32U385CGT6Q, STM32U385CGU6, STM32U385CGU6Q, STM32U385CGY6QTR, STM32U385KGU6, STM32U385RGI6, STM32U385RGI6Q, STM32U385RGT6, STM32U385RGT6Q, STM32U385RGY6GTR, STM32U385RGY6QTR, STM32U385VGI6, STM32U385VGI6Q, STM32U385VGT6, STM32U385VGT6Q, STM32U535CBT6, STM32U535CBT6Q, STM32U535CBU6, STM32U535CBU6Q, STM32U535CCT6, STM32U535CCT6Q, STM32U535CCU6, STM32U535CCU6Q, STM32U535CET6, STM32U535CET6Q, STM32U535CEU6, STM32U535CEU6Q, STM32U535JEY6QTR, STM32U535NCY6QTR, STM32U535NEY6QTR, STM32U535RBI6, STM32U535RBI6Q, STM32U535RBT6, STM32U535RBT6Q, STM32U535RCI6, STM32U535RCI6Q, STM32U535RCT6, STM32U535RCT6Q, STM32U535REI6, STM32U535REI6Q, STM32U535RET6, STM32U535RET6Q, STM32U535VCI6, STM32U535VCI6Q, STM32U535VCT6, STM32U535VCT6Q, STM32U535VEI6, STM32U535VEI6Q, STM32U535VET6, STM32U535VET6Q, STM32U545CET6, STM32U545CET6Q, STM32U545CEU6, STM32U545CEU6Q, STM32U545JEY6QTR, STM32U545NEY6QTR, STM32U545REI6, STM32U545REI6Q, STM32U545RET6, STM32U545RET6Q, STM32U545VEI6, STM32U545VEI6Q, STM32U545VET6, STM32U545VET6Q, STM32U595AIH6, STM32U595AIH6Q, STM32U595AJH6, STM32U595AJH6Q, STM32U595QII6, STM32U595QII6Q, STM32U595QJI6, STM32U595QJI6Q, STM32U595RIT6, STM32U595RIT6Q, STM32U595RJT6, STM32U595RJT6Q, STM32U595VIT6, STM32U595VIT6Q, STM32U595VJT6, STM32U595VJT6Q, STM32U595ZIT6, STM32U595ZIT6Q, STM32U595ZIY6QTR, STM32U595ZJT6, STM32U595ZJT6Q, STM32U595ZJY6QTR, STM32U599BJY6QTR, STM32U599NIH6Q, STM32U599NJH6Q, STM32U599VIT6Q, STM32U599VJT6, STM32U599VJT6Q, STM32U599ZIT6Q, STM32U599ZIY6QTR, STM32U599ZJT6Q, STM32U599ZJY6QTR, STM32U5A5AJH6, STM32U5A5AJH6Q, STM32U5A5QII3Q , STM32U5A5QJI6, STM32U5A5QJI6Q, STM32U5A5RJT6, STM32U5A5RJT6Q, STM32U5A5VJT6, STM32U5A5VJT6Q, STM32U5A5ZJT6, STM32U5A5ZJT6Q, STM32U5A5ZJY6QTR, STM32U5A9BJY6QTR, STM32U5A9J-DK, STM32U5A9NJH6Q, STM32U5A9VJT6Q, STM32U5A9ZJT6Q, STM32U5A9ZJY6QTR, STM32U5F7VIT6, STM32U5F7VIT6Q, STM32U5F7VJT6, STM32U5F7VJT6Q, STM32U5F9BJY6QTR, STM32U5F9NJH6Q, STM32U5F9VIT6Q, STM32U5F9VJT6Q, STM32U5F9ZIJ6QTR, STM32U5F9ZIT6Q, STM32U5F9ZJJ6QTR, STM32U5F9ZJT6Q, STM32U5G7VJT6, STM32U5G7VJT6Q, STM32U5G9BJY6QTR, STM32U5G9J-DK1, STM32U5G9J-DK2, STM32U5G9NJH6Q, STM32U5G9VJT6Q, STM32U5G9ZJJ6QTR, STM32U5G9ZJT6Q, STM32WB05KZV6TR, STM32WB05KZV7TR, STM32WB05TZF6TR, STM32WB05TZF7TR, STM32WB06CCF6TR, STM32WB06CCF7TR, STM32WB06CCV6TR, STM32WB06CCV7TR, STM32WB06KCV6TR, STM32WB06KCV7TR, STM32WB07CCF6TR, STM32WB07CCF7TR, STM32WB07CCV6TR, STM32WB07CCV7TR, STM32WB07KCV6TR, STM32WB07KCV7TR, STM32WB09KEV6TR, STM32WB09KEV7TR, STM32WB09TEF6TR, STM32WB09TEF7TR, STM32WB1MMCH6, STM32WBA50KGU6, STM32WBA50KGU6TR, STM32WBA52CEU6, STM32WBA52CEU6TR, STM32WBA52CEU7, STM32WBA52CEU7TR, STM32WBA52CGU6, STM32WBA52CGU6TR, STM32WBA52CGU6U, STM32WBA52CGU7, STM32WBA52CGU7TR, STM32WBA52KEU6, STM32WBA52KEU6TR, STM32WBA52KGU6, STM32WBA52KGU6TR, STM32WBA54CEU6, STM32WBA54CEU6TR, STM32WBA54CEU7, STM32WBA54CEU7TR, STM32WBA54CGU6, STM32WBA54CGU6TR, STM32WBA54CGU7, STM32WBA54CGU7TR, STM32WBA54KEU6, STM32WBA54KEU6TR, STM32WBA54KEU7, STM32WBA54KEU7TR, STM32WBA54KGU6, STM32WBA54KGU6TR, STM32WBA54KGU7, STM32WBA54KGU7TR, STM32WBA55CEU6, STM32WBA55CEU6TR, STM32WBA55CEU7, STM32WBA55CEU7TR, STM32WBA55CGU6, STM32WBA55CGU6TR, STM32WBA55CGU6U, STM32WBA55CGU7, STM32WBA55CGU7TR, STM32WBA55G-DK1, STM32WBA55HEF6, STM32WBA55HEF7, STM32WBA55HGF6, STM32WBA55HGF7, STM32WBA55UEI6, STM32WBA55UEI6TR, STM32WBA55UEI7, STM32WBA55UEI7TR, STM32WBA55UGI6, STM32WBA55UGI6TR, STM32WBA55UGI7, STM32WBA55UGI7TR, STM32WBA5MMGH6TR, STM32WBA62MGF6, STM32WBA62MIF6, STM32WBA65MGF7, STM32WBA65MIF6, STM32WBA65MIF7, STM32WL30K8V6, STM32WL30KBV6, STM32WL31C8V6, STM32WL31CBV6, STM32WL31K8V6, STM32WL31KBV6, STM32WL33C8V6, STM32WL33C8V6X, STM32WL33CBV6, STM32WL33CBV6X, STM32WL33CCV6, STM32WL33CCV6A, STM32WL33CCV6X, STM32WL33K8V7, STM32WL33K8V7X, STM32WL33KBV7 , STM32WL33KBV7X, STM32WL33KCV7, STM32WL33KCV7X, STM32WL5MOCH6, STM32WL5MOCH6TR]
2025-12-28 22:29:15,944 [INFO] BoardInfo:889 - No configuration file found for board P-NUCLEO-WB55
2025-12-28 22:29:15,948 [INFO] DbBoards:161 - Kit is not supported: P-NUCLEO-WB55
2025-12-28 22:29:15,962 [INFO] BoardInfo:889 - No configuration file found for board STEVAL-BFA001V1B
2025-12-28 22:29:15,965 [INFO] DbBoards:161 - Kit is not supported: STEVAL-BFA001V1B
2025-12-28 22:29:15,967 [INFO] BoardInfo:889 - No configuration file found for board STEVAL-BFA001V2B
2025-12-28 22:29:15,969 [INFO] DbBoards:161 - Kit is not supported: STEVAL-BFA001V2B
2025-12-28 22:29:16,525 [INFO] DbBoards:168 - Found 212 boards, 209 are supported
2025-12-28 22:29:16,525 [INFO] DbBoards:169 - Found 212 boards, 43 of them is supported for  Bsp
2025-12-28 22:29:16,531 [INFO] ApiDb:423 - Load user favorites file C:\Users\kleyton/.stm32cubeide/favorites.boards.txt: 0 item(s)
2025-12-28 22:29:16,531 [INFO] ApiDb:427 - User favorites Boards=[]
2025-12-28 22:29:16,531 [INFO] DbBoards:198 - Set 0 / 0 favorites Boards
2025-12-28 22:29:16,532 [INFO] McuFinderGlobals:76 - Set McuFinderConnectedMode to true
2025-12-28 22:29:16,549 [INFO] MultiScanPanel:200 - Auto-refresh data requested => check proxy status ongoing
2025-12-28 22:29:16,558 [INFO] FinderPluginLoader:96 - Searching for filters in installed packs
2025-12-28 22:29:19,708 [INFO] LoadUrlFilesThread:185 - End of LoadServerUrlFiles without Thread
2025-12-28 22:29:19,752 [INFO] DetailPanel:341 - Set advertising image to C:/Users/kleyton/STM32Cube/Repository/\en.prom-st67w-expansion-board.png
2025-12-28 22:32:36,351 [INFO] MultiScanPanel:200 - Auto-refresh data requested => check proxy status ongoing
2025-12-28 22:32:36,598 [INFO] LoadUrlFilesThread:185 - End of LoadServerUrlFiles without Thread
2025-12-28 22:32:36,598 [INFO] DetailPanel:341 - Set advertising image to C:/Users/kleyton/STM32Cube/Repository/\en.prom-st67w-expansion-board.png
2025-12-28 22:32:36,621 [INFO] DbBoards:642 - Loading board mini-images...
2025-12-28 22:32:40,844 [ERROR] DbBoards:659 - Image file not found for board STM32MP215F-DK: C:\Users\kleyton\.stmcufinder\plugins\mcufinder//mcu//boards_images/STM32MP215F-DK.jpg
2025-12-28 22:32:41,069 [INFO] DbBoards:665 - Loaded 211 board mini-images
2025-12-28 22:37:04,495 [INFO] MultiScanPanel:200 - Auto-refresh data requested => check proxy status ongoing
2025-12-28 22:37:04,501 [INFO] ApiDb:668 - CubeFinder database Data Model version=2.1
2025-12-28 22:37:04,501 [INFO] ApiDb:669 - CubeFinder database Configuration version=3.0.39
2025-12-28 22:37:04,501 [INFO] ApiDb:670 - CubeFinder database generation date=2025-11-05 (1762334721)
2025-12-28 22:37:04,501 [INFO] ApiDb:671 - CubeFinder database FW Pack versions=[FP-ATR-ASTRA1_V2.0.0, FP-SNS-FLIGHT1_V5.1.0, FP-SNS-MOTENV1_V5.1.0, FP-SNS-MOTENVWB1_V1.4.0, FP-SNS-SMARTAG2_V1.2.0, FP-SNS-STBOX1_V2.1.0, STM32Cube_FW_C0_V1.4.0, STM32Cube_FW_F4_V1.28.3, STM32Cube_FW_F7_V1.17.4, STM32Cube_FW_G0_V1.6.2, STM32Cube_FW_G4_V1.6.1, STM32Cube_FW_H5_V1.5.1, STM32Cube_FW_H7RS_V1.3.0, STM32Cube_FW_H7_V1.12.1, STM32Cube_FW_L0_V1.12.2, STM32Cube_FW_L4_V1.18.1, STM32Cube_FW_L5_V1.6.0, STM32Cube_FW_N6_V1.3.0, STM32Cube_FW_U0_V1.3.0, STM32Cube_FW_U3_V1.2.1, STM32Cube_FW_U5_V1.8.0, STM32Cube_FW_WB0_V1.4.0, STM32Cube_FW_WBA_V1.8.0, STM32Cube_FW_WB_V1.24.0, STM32Cube_FW_WL3_V1.3.0, STM32Cube_FW_WL_V1.4.0, X-CUBE-ALGOBUILD_V1.4.0, X-CUBE-ALS_V1.0.2, X-CUBE-AZRTOS-F4_V1.1.0, X-CUBE-AZRTOS-F7_V1.1.0, X-CUBE-AZRTOS-G0_V1.1.0, X-CUBE-AZRTOS-G4_V2.0.0, X-CUBE-AZRTOS-H7RS_V1.1.0, X-CUBE-AZRTOS-H7_V3.4.0, X-CUBE-AZRTOS-L4_V2.0.0, X-CUBE-AZRTOS-L5_V2.0.0, X-CUBE-AZRTOS-WB_V2.0.0, X-CUBE-AZRTOS-WL_V2.0.0, X-CUBE-BLE1_V7.1.0, X-CUBE-BLE2_V3.3.0, X-CUBE-BLEMGR_V4.1.0, X-CUBE-EEPRMA1_V5.2.0, X-CUBE-FREERTOS_V1.3.1, X-CUBE-GNSS1_V6.0.0, X-CUBE-MEMS1_V11.3.0, X-CUBE-NFC4_V3.0.0, X-CUBE-NFC7_V2.0.0, X-CUBE-SFXS2LP1_V4.0.0, X-CUBE-ST67W61_V1.1.0, X-CUBE-SUBG2_V5.0.0, X-CUBE-TOF1_V3.4.3]
2025-12-28 22:37:05,789 [ERROR] DbExamplesSqlite:437 - Missing JSON key: board_cpn
2025-12-28 22:37:05,790 [ERROR] DbExamplesSqlite:437 - Missing JSON key: board_cpn
2025-12-28 22:37:05,790 [ERROR] DbExamplesSqlite:437 - Missing JSON key: board_cpn
2025-12-28 22:37:05,791 [ERROR] DbExamplesSqlite:437 - Missing JSON key: board_cpn
2025-12-28 22:37:06,299 [ERROR] DbExamplesSqlite:437 - Missing JSON key: board_cpn
2025-12-28 22:37:06,301 [ERROR] DbExamplesSqlite:437 - Missing JSON key: board_cpn
2025-12-28 22:37:06,372 [INFO] DbExamplesSqlite:395 - Ignored 42 examples not supported by CubeIDE
2025-12-28 22:37:06,372 [INFO] DbExamplesSqlite:396 - Found 10883 examples active
2025-12-28 22:37:06,373 [INFO] DbExamplesSqlite:397 - Found 0 examples obsolete
2025-12-28 22:37:06,373 [INFO] DbExamplesSqlite:398 - Found 0 examples under development
2025-12-28 22:37:06,373 [INFO] DbExamplesSqlite:399 - Found 85 examples not building
2025-12-28 22:37:06,376 [INFO] DbExamples:125 - Found 10926 examples
2025-12-28 22:37:06,443 [ERROR] DbExamples:208 - Found 73 examples with invalid data (board or MCU)
2025-12-28 22:37:06,444 [INFO] DbExamples:222 - Found 134 boards with related examples
2025-12-28 22:37:06,445 [INFO] DbExamples:235 - Found 111 MCUs with related examples
2025-12-28 22:37:06,477 [INFO] ApiDb:423 - Load user favorites file C:\Users\kleyton/.stm32cubeide/favorites.examples.txt: 0 item(s)
2025-12-28 22:37:06,478 [INFO] ApiDb:427 - User favorites Examples=[]
2025-12-28 22:37:06,479 [INFO] DbExamples:250 - Set 0 / 0 favorites Examples
2025-12-28 22:37:07,969 [INFO] SoftwarePacks:127 - Download is needed for SW pack 'FP-ATR-ASTRA1_V2.0.0'
2025-12-28 22:37:07,970 [INFO] SoftwarePacks:127 - Download is needed for SW pack 'FP-SNS-FLIGHT1_V5.1.0'
2025-12-28 22:37:07,971 [INFO] SoftwarePacks:127 - Download is needed for SW pack 'FP-SNS-MOTENV1_V5.1.0'
2025-12-28 22:37:07,971 [INFO] SoftwarePacks:127 - Download is needed for SW pack 'FP-SNS-MOTENVWB1_V1.4.0'
2025-12-28 22:37:07,971 [INFO] SoftwarePacks:127 - Download is needed for SW pack 'FP-SNS-SMARTAG2_V1.2.0'
2025-12-28 22:37:07,972 [INFO] SoftwarePacks:127 - Download is needed for SW pack 'FP-SNS-STBOX1_V2.1.0'
2025-12-28 22:37:08,022 [INFO] SoftwarePacks:127 - Download is needed for SW pack 'STM32Cube_FW_C0_V1.4.0'
2025-12-28 22:37:08,055 [INFO] SoftwarePacks:127 - Download is needed for SW pack 'STM32Cube_FW_F4_V1.28.3'
2025-12-28 22:37:08,089 [INFO] SoftwarePacks:127 - Download is needed for SW pack 'STM32Cube_FW_F7_V1.17.4'
2025-12-28 22:37:08,112 [INFO] SoftwarePacks:131 - Found SW pack 'STM32Cube_FW_G0_V1.6.2' up-to-date on disk.
2025-12-28 22:37:08,138 [INFO] SoftwarePacks:127 - Download is needed for SW pack 'STM32Cube_FW_G4_V1.6.1'
2025-12-28 22:37:08,164 [INFO] SoftwarePacks:127 - Download is needed for SW pack 'STM32Cube_FW_H5_V1.5.1'
2025-12-28 22:37:08,189 [INFO] SoftwarePacks:127 - Download is needed for SW pack 'STM32Cube_FW_H7RS_V1.3.0'
2025-12-28 22:37:08,217 [INFO] SoftwarePacks:127 - Download is needed for SW pack 'STM32Cube_FW_H7_V1.12.1'
2025-12-28 22:37:08,242 [INFO] SoftwarePacks:127 - Download is needed for SW pack 'STM32Cube_FW_L0_V1.12.2'
2025-12-28 22:37:08,262 [INFO] SoftwarePacks:127 - Download is needed for SW pack 'STM32Cube_FW_L4_V1.18.1'
2025-12-28 22:37:08,286 [INFO] SoftwarePacks:127 - Download is needed for SW pack 'STM32Cube_FW_L5_V1.6.0'
2025-12-28 22:37:08,305 [INFO] SoftwarePacks:127 - Download is needed for SW pack 'STM32Cube_FW_N6_V1.3.0'
2025-12-28 22:37:08,324 [INFO] SoftwarePacks:127 - Download is needed for SW pack 'STM32Cube_FW_U0_V1.3.0'
2025-12-28 22:37:08,343 [INFO] SoftwarePacks:127 - Download is needed for SW pack 'STM32Cube_FW_U3_V1.2.1'
2025-12-28 22:37:08,364 [INFO] SoftwarePacks:127 - Download is needed for SW pack 'STM32Cube_FW_U5_V1.8.0'
2025-12-28 22:37:08,387 [INFO] SoftwarePacks:127 - Download is needed for SW pack 'STM32Cube_FW_WB0_V1.4.0'
2025-12-28 22:37:08,412 [INFO] SoftwarePacks:127 - Download is needed for SW pack 'STM32Cube_FW_WBA_V1.8.0'
2025-12-28 22:37:08,433 [INFO] SoftwarePacks:131 - Found SW pack 'STM32Cube_FW_WB_V1.24.0' up-to-date on disk.
2025-12-28 22:37:08,459 [INFO] SoftwarePacks:127 - Download is needed for SW pack 'STM32Cube_FW_WL3_V1.3.0'
2025-12-28 22:37:08,479 [INFO] SoftwarePacks:127 - Download is needed for SW pack 'STM32Cube_FW_WL_V1.4.0'
2025-12-28 22:37:08,479 [INFO] SoftwarePacks:127 - Download is needed for SW pack 'X-CUBE-ALGOBUILD_V1.4.0'
2025-12-28 22:37:08,480 [INFO] SoftwarePacks:127 - Download is needed for SW pack 'X-CUBE-ALS_V1.0.2'
2025-12-28 22:37:08,480 [INFO] SoftwarePacks:127 - Download is needed for SW pack 'X-CUBE-AZRTOS-F4_V1.1.0'
2025-12-28 22:37:08,480 [INFO] SoftwarePacks:127 - Download is needed for SW pack 'X-CUBE-AZRTOS-F7_V1.1.0'
2025-12-28 22:37:08,481 [INFO] SoftwarePacks:127 - Download is needed for SW pack 'X-CUBE-AZRTOS-G0_V1.1.0'
2025-12-28 22:37:08,481 [INFO] SoftwarePacks:127 - Download is needed for SW pack 'X-CUBE-AZRTOS-G4_V2.0.0'
2025-12-28 22:37:08,481 [INFO] SoftwarePacks:127 - Download is needed for SW pack 'X-CUBE-AZRTOS-H7RS_V1.1.0'
2025-12-28 22:37:08,481 [INFO] SoftwarePacks:127 - Download is needed for SW pack 'X-CUBE-AZRTOS-H7_V3.4.0'
2025-12-28 22:37:08,482 [INFO] SoftwarePacks:127 - Download is needed for SW pack 'X-CUBE-AZRTOS-L4_V2.0.0'
2025-12-28 22:37:08,482 [INFO] SoftwarePacks:127 - Download is needed for SW pack 'X-CUBE-AZRTOS-L5_V2.0.0'
2025-12-28 22:37:08,482 [INFO] SoftwarePacks:127 - Download is needed for SW pack 'X-CUBE-AZRTOS-WB_V2.0.0'
2025-12-28 22:37:08,484 [INFO] SoftwarePacks:127 - Download is needed for SW pack 'X-CUBE-AZRTOS-WL_V2.0.0'
2025-12-28 22:37:08,484 [INFO] SoftwarePacks:127 - Download is needed for SW pack 'X-CUBE-BLE1_V7.1.0'
2025-12-28 22:37:08,484 [INFO] SoftwarePacks:127 - Download is needed for SW pack 'X-CUBE-BLE2_V3.3.0'
2025-12-28 22:37:08,484 [INFO] SoftwarePacks:127 - Download is needed for SW pack 'X-CUBE-BLEMGR_V4.1.0'
2025-12-28 22:37:08,485 [INFO] SoftwarePacks:127 - Download is needed for SW pack 'X-CUBE-EEPRMA1_V5.2.0'
2025-12-28 22:37:08,485 [INFO] SoftwarePacks:127 - Download is needed for SW pack 'X-CUBE-FREERTOS_V1.3.1'
2025-12-28 22:37:08,485 [INFO] SoftwarePacks:127 - Download is needed for SW pack 'X-CUBE-GNSS1_V6.0.0'
2025-12-28 22:37:08,485 [INFO] SoftwarePacks:127 - Download is needed for SW pack 'X-CUBE-MEMS1_V11.3.0'
2025-12-28 22:37:08,486 [INFO] SoftwarePacks:127 - Download is needed for SW pack 'X-CUBE-NFC4_V3.0.0'
2025-12-28 22:37:08,486 [INFO] SoftwarePacks:127 - Download is needed for SW pack 'X-CUBE-NFC7_V2.0.0'
2025-12-28 22:37:08,486 [INFO] SoftwarePacks:127 - Download is needed for SW pack 'X-CUBE-SFXS2LP1_V4.0.0'
2025-12-28 22:37:08,486 [INFO] SoftwarePacks:127 - Download is needed for SW pack 'X-CUBE-ST67W61_V1.1.0'
2025-12-28 22:37:08,487 [INFO] SoftwarePacks:127 - Download is needed for SW pack 'X-CUBE-SUBG2_V5.0.0'
2025-12-28 22:37:08,487 [INFO] SoftwarePacks:127 - Download is needed for SW pack 'X-CUBE-TOF1_V3.4.3'
2025-12-28 22:37:10,826 [INFO] LoadUrlFilesThread:185 - End of LoadServerUrlFiles without Thread
2025-12-28 22:37:10,827 [INFO] DetailPanel:341 - Set advertising image to C:/Users/kleyton/STM32Cube/Repository/\en.prom-st67w-expansion-board.png
2025-12-28 22:37:11,921 [ERROR] AppliInfo:139 - Unknown STM32CubeMX version: 6.16.0
2025-12-28 22:37:11,922 [ERROR] AppliInfo:139 - Unknown STM32CubeMX version: 6.16.0
2025-12-28 22:37:11,922 [ERROR] AppliInfo:139 - Unknown STM32CubeMX version: 6.16.0
2025-12-28 22:37:11,922 [ERROR] AppliInfo:139 - Unknown STM32CubeMX version: 6.16.0
2025-12-28 22:37:11,922 [ERROR] AppliInfo:139 - Unknown STM32CubeMX version: 6.16.0
2025-12-28 22:37:11,970 [ERROR] AppliInfo:139 - Unknown STM32CubeMX version: 6.16.0
2025-12-28 22:37:11,971 [ERROR] AppliInfo:139 - Unknown STM32CubeMX version: 6.16.0
2025-12-28 22:37:11,971 [ERROR] AppliInfo:139 - Unknown STM32CubeMX version: 6.16.0
2025-12-28 22:37:11,974 [ERROR] AppliInfo:139 - Unknown STM32CubeMX version: 6.16.0
2025-12-28 22:37:12,179 [ERROR] AppliInfo:139 - Unknown STM32CubeMX version: 6.16.0
2025-12-28 22:37:12,181 [ERROR] AppliInfo:139 - Unknown STM32CubeMX version: 6.16.0
2025-12-28 22:37:12,231 [ERROR] AppliInfo:139 - Unknown STM32CubeMX version: 6.16.0
2025-12-28 22:37:12,235 [ERROR] AppliInfo:139 - Unknown STM32CubeMX version: 6.16.0
2025-12-28 22:37:12,236 [ERROR] AppliInfo:139 - Unknown STM32CubeMX version: 6.16.0
2025-12-28 22:37:12,236 [ERROR] AppliInfo:139 - Unknown STM32CubeMX version: 6.16.0
2025-12-28 22:37:12,237 [ERROR] AppliInfo:139 - Unknown STM32CubeMX version: 6.16.0
2025-12-28 22:37:12,237 [ERROR] AppliInfo:139 - Unknown STM32CubeMX version: 6.16.0
2025-12-28 22:37:12,238 [ERROR] AppliInfo:139 - Unknown STM32CubeMX version: 6.16.0
2025-12-28 22:37:12,238 [ERROR] AppliInfo:139 - Unknown STM32CubeMX version: 6.16.0
2025-12-28 22:37:12,239 [ERROR] AppliInfo:139 - Unknown STM32CubeMX version: 6.16.0
2025-12-28 22:37:12,239 [ERROR] AppliInfo:139 - Unknown STM32CubeMX version: 6.16.0
2025-12-28 22:37:12,239 [ERROR] AppliInfo:139 - Unknown STM32CubeMX version: 6.16.0
2025-12-28 22:37:12,240 [ERROR] AppliInfo:139 - Unknown STM32CubeMX version: 6.16.0
2025-12-28 22:37:12,242 [ERROR] AppliInfo:139 - Unknown STM32CubeMX version: 6.16.0
2025-12-28 22:37:12,243 [ERROR] AppliInfo:139 - Unknown STM32CubeMX version: 6.16.0
2025-12-28 22:37:12,245 [ERROR] AppliInfo:139 - Unknown STM32CubeMX version: 6.16.0
2025-12-28 22:37:12,246 [ERROR] AppliInfo:139 - Unknown STM32CubeMX version: 6.16.0
2025-12-28 22:37:12,247 [ERROR] AppliInfo:139 - Unknown STM32CubeMX version: 6.16.0
2025-12-28 22:37:12,247 [ERROR] AppliInfo:139 - Unknown STM32CubeMX version: 6.16.0
2025-12-28 22:37:12,252 [ERROR] AppliInfo:139 - Unknown STM32CubeMX version: 6.16.0
2025-12-28 22:37:12,253 [ERROR] AppliInfo:139 - Unknown STM32CubeMX version: 6.16.0
2025-12-28 22:37:12,254 [ERROR] AppliInfo:139 - Unknown STM32CubeMX version: 6.16.0
2025-12-28 22:37:12,254 [ERROR] AppliInfo:139 - Unknown STM32CubeMX version: 6.16.0
2025-12-28 22:37:12,255 [ERROR] AppliInfo:139 - Unknown STM32CubeMX version: 6.16.0
2025-12-28 22:37:12,257 [ERROR] AppliInfo:139 - Unknown STM32CubeMX version: 6.16.0
2025-12-28 22:37:12,259 [ERROR] AppliInfo:139 - Unknown STM32CubeMX version: 6.16.0
2025-12-28 22:37:12,259 [ERROR] AppliInfo:139 - Unknown STM32CubeMX version: 6.16.0
2025-12-28 22:37:12,261 [ERROR] AppliInfo:139 - Unknown STM32CubeMX version: 6.16.0
2025-12-28 22:37:12,262 [ERROR] AppliInfo:139 - Unknown STM32CubeMX version: 6.16.0
2025-12-28 22:37:12,262 [ERROR] AppliInfo:139 - Unknown STM32CubeMX version: 6.16.0
2025-12-28 22:37:12,263 [ERROR] AppliInfo:139 - Unknown STM32CubeMX version: 6.16.0
2025-12-28 22:37:12,264 [ERROR] AppliInfo:139 - Unknown STM32CubeMX version: 6.16.0
2025-12-28 22:37:12,265 [ERROR] AppliInfo:139 - Unknown STM32CubeMX version: 6.16.0
2025-12-28 22:37:12,266 [ERROR] AppliInfo:139 - Unknown STM32CubeMX version: 6.16.0
2025-12-28 22:37:12,266 [ERROR] AppliInfo:139 - Unknown STM32CubeMX version: 6.16.0
2025-12-28 22:37:12,268 [ERROR] AppliInfo:139 - Unknown STM32CubeMX version: 6.16.0
2025-12-28 22:37:12,270 [ERROR] AppliInfo:139 - Unknown STM32CubeMX version: 6.16.0
2025-12-28 22:37:12,270 [ERROR] AppliInfo:139 - Unknown STM32CubeMX version: 6.16.0
2025-12-28 22:37:12,271 [ERROR] AppliInfo:139 - Unknown STM32CubeMX version: 6.16.0
2025-12-28 22:37:12,272 [ERROR] AppliInfo:139 - Unknown STM32CubeMX version: 6.16.0
2025-12-28 22:37:12,418 [ERROR] AppliInfo:139 - Unknown STM32CubeMX version: 6.16.0
2025-12-28 22:37:12,432 [ERROR] AppliInfo:139 - Unknown STM32CubeMX version: 6.16.0
2025-12-28 22:37:12,432 [ERROR] AppliInfo:139 - Unknown STM32CubeMX version: 6.16.0
2025-12-28 22:37:12,433 [ERROR] AppliInfo:139 - Unknown STM32CubeMX version: 6.16.0
2025-12-28 22:37:12,433 [ERROR] AppliInfo:139 - Unknown STM32CubeMX version: 6.16.0
2025-12-28 22:37:12,433 [ERROR] AppliInfo:139 - Unknown STM32CubeMX version: 6.16.0
2025-12-28 22:37:12,433 [ERROR] AppliInfo:139 - Unknown STM32CubeMX version: 6.16.0
2025-12-28 22:37:12,496 [ERROR] AppliInfo:139 - Unknown STM32CubeMX version: 6.12.1
2025-12-28 22:37:12,497 [ERROR] AppliInfo:139 - Unknown STM32CubeMX version: 6.16.0
2025-12-28 22:37:12,497 [ERROR] AppliInfo:139 - Unknown STM32CubeMX version: 6.16.0
2025-12-28 22:37:12,497 [ERROR] AppliInfo:139 - Unknown STM32CubeMX version: 6.16.0
2025-12-28 22:37:12,498 [ERROR] AppliInfo:139 - Unknown STM32CubeMX version: 6.16.0
2025-12-28 22:37:12,498 [ERROR] AppliInfo:139 - Unknown STM32CubeMX version: 6.16.0
2025-12-28 22:37:12,498 [ERROR] AppliInfo:139 - Unknown STM32CubeMX version: 6.16.0
2025-12-28 22:37:12,498 [ERROR] AppliInfo:139 - Unknown STM32CubeMX version: 6.16.0
2025-12-28 22:37:12,499 [ERROR] AppliInfo:139 - Unknown STM32CubeMX version: 6.16.0
2025-12-28 22:37:12,499 [ERROR] AppliInfo:139 - Unknown STM32CubeMX version: 6.16.0
2025-12-28 22:37:12,499 [ERROR] AppliInfo:139 - Unknown STM32CubeMX version: 6.16.0
2025-12-28 22:37:12,500 [ERROR] AppliInfo:139 - Unknown STM32CubeMX version: 6.16.0
2025-12-28 22:37:12,500 [ERROR] AppliInfo:139 - Unknown STM32CubeMX version: 6.16.0
2025-12-28 22:37:12,500 [ERROR] AppliInfo:139 - Unknown STM32CubeMX version: 6.16.0
2025-12-28 22:37:12,501 [ERROR] AppliInfo:139 - Unknown STM32CubeMX version: 6.16.0
2025-12-28 22:37:12,501 [ERROR] AppliInfo:139 - Unknown STM32CubeMX version: 6.16.0
2025-12-28 22:37:12,502 [ERROR] AppliInfo:139 - Unknown STM32CubeMX version: 6.16.0
2025-12-28 22:37:12,502 [ERROR] AppliInfo:139 - Unknown STM32CubeMX version: 6.16.0
2025-12-28 22:37:12,502 [ERROR] AppliInfo:139 - Unknown STM32CubeMX version: 6.16.0
2025-12-28 22:37:12,502 [ERROR] AppliInfo:139 - Unknown STM32CubeMX version: 6.16.0
2025-12-28 22:37:12,503 [ERROR] AppliInfo:139 - Unknown STM32CubeMX version: 6.16.0
2025-12-28 22:37:12,503 [ERROR] AppliInfo:139 - Unknown STM32CubeMX version: 6.16.0
2025-12-28 22:37:12,512 [ERROR] AppliInfo:139 - Unknown STM32CubeMX version: 6.16.0
2025-12-28 22:37:12,512 [ERROR] AppliInfo:139 - Unknown STM32CubeMX version: 6.16.0
2025-12-28 22:37:12,513 [ERROR] AppliInfo:139 - Unknown STM32CubeMX version: 6.16.0
2025-12-28 22:37:12,513 [ERROR] AppliInfo:139 - Unknown STM32CubeMX version: 6.16.0
2025-12-28 22:37:12,513 [ERROR] AppliInfo:139 - Unknown STM32CubeMX version: 6.16.0
2025-12-28 22:37:12,514 [ERROR] AppliInfo:139 - Unknown STM32CubeMX version: 6.16.0
2025-12-28 22:37:12,514 [ERROR] AppliInfo:139 - Unknown STM32CubeMX version: 6.16.0
2025-12-28 22:37:12,514 [ERROR] AppliInfo:139 - Unknown STM32CubeMX version: 6.16.0
2025-12-28 22:37:12,515 [ERROR] AppliInfo:139 - Unknown STM32CubeMX version: 6.16.0
2025-12-28 22:37:12,515 [ERROR] AppliInfo:139 - Unknown STM32CubeMX version: 6.16.0
2025-12-28 22:37:12,515 [ERROR] AppliInfo:139 - Unknown STM32CubeMX version: 6.16.0
2025-12-28 22:37:12,516 [ERROR] AppliInfo:139 - Unknown STM32CubeMX version: 6.16.0
2025-12-28 22:37:12,516 [ERROR] AppliInfo:139 - Unknown STM32CubeMX version: 6.16.0
2025-12-28 22:37:12,517 [ERROR] AppliInfo:139 - Unknown STM32CubeMX version: 6.16.0
2025-12-28 22:37:12,517 [ERROR] AppliInfo:139 - Unknown STM32CubeMX version: 6.16.0
2025-12-28 22:37:12,517 [ERROR] AppliInfo:139 - Unknown STM32CubeMX version: 6.16.0
2025-12-28 22:37:12,517 [ERROR] AppliInfo:139 - Unknown STM32CubeMX version: 6.16.0
2025-12-28 22:37:12,518 [ERROR] AppliInfo:139 - Unknown STM32CubeMX version: 6.16.0
2025-12-28 22:37:12,519 [ERROR] AppliInfo:139 - Unknown STM32CubeMX version: 6.16.0
2025-12-28 22:37:12,519 [ERROR] AppliInfo:139 - Unknown STM32CubeMX version: 6.16.0
2025-12-28 22:37:12,519 [ERROR] AppliInfo:139 - Unknown STM32CubeMX version: 6.16.0
2025-12-28 22:37:12,529 [ERROR] AppliInfo:139 - Unknown STM32CubeMX version: 6.16.0
2025-12-28 22:37:12,529 [ERROR] AppliInfo:139 - Unknown STM32CubeMX version: 6.16.0
2025-12-28 22:37:12,530 [ERROR] AppliInfo:139 - Unknown STM32CubeMX version: 6.16.0
2025-12-28 22:37:12,530 [ERROR] AppliInfo:139 - Unknown STM32CubeMX version: 6.16.0
2025-12-28 22:37:12,531 [ERROR] AppliInfo:139 - Unknown STM32CubeMX version: 6.16.0
2025-12-28 22:37:12,531 [ERROR] AppliInfo:139 - Unknown STM32CubeMX version: 6.16.0
2025-12-28 22:37:12,531 [ERROR] AppliInfo:139 - Unknown STM32CubeMX version: 6.16.0
2025-12-28 22:37:12,531 [ERROR] AppliInfo:139 - Unknown STM32CubeMX version: 6.16.0
2025-12-28 22:37:12,532 [ERROR] AppliInfo:139 - Unknown STM32CubeMX version: 6.16.0
2025-12-28 22:37:12,532 [ERROR] AppliInfo:139 - Unknown STM32CubeMX version: 6.16.0
2025-12-28 22:37:12,532 [ERROR] AppliInfo:139 - Unknown STM32CubeMX version: 6.16.0
2025-12-28 22:37:12,533 [ERROR] AppliInfo:139 - Unknown STM32CubeMX version: 6.16.0
2025-12-28 22:37:12,533 [ERROR] AppliInfo:139 - Unknown STM32CubeMX version: 6.16.0
2025-12-28 22:37:12,533 [ERROR] AppliInfo:139 - Unknown STM32CubeMX version: 6.16.0
2025-12-28 22:37:12,534 [ERROR] AppliInfo:139 - Unknown STM32CubeMX version: 6.16.0
2025-12-28 22:37:12,534 [ERROR] AppliInfo:139 - Unknown STM32CubeMX version: 6.16.0
2025-12-28 22:37:12,534 [ERROR] AppliInfo:139 - Unknown STM32CubeMX version: 6.16.0
2025-12-28 22:37:12,535 [ERROR] AppliInfo:139 - Unknown STM32CubeMX version: 6.16.0
2025-12-28 22:37:12,535 [ERROR] AppliInfo:139 - Unknown STM32CubeMX version: 6.16.0
2025-12-28 22:37:12,535 [ERROR] AppliInfo:139 - Unknown STM32CubeMX version: 6.16.0
2025-12-28 22:37:12,536 [ERROR] AppliInfo:139 - Unknown STM32CubeMX version: 6.16.0
2025-12-28 22:37:12,551 [ERROR] AppliInfo:139 - Unknown STM32CubeMX version: 6.16.0
2025-12-28 22:37:12,552 [ERROR] AppliInfo:139 - Unknown STM32CubeMX version: 6.16.0
2025-12-28 22:37:12,552 [ERROR] AppliInfo:139 - Unknown STM32CubeMX version: 6.16.0
2025-12-28 22:37:12,552 [ERROR] AppliInfo:139 - Unknown STM32CubeMX version: 6.16.0
2025-12-28 22:37:12,553 [ERROR] AppliInfo:139 - Unknown STM32CubeMX version: 6.16.0
2025-12-28 22:37:12,553 [ERROR] AppliInfo:139 - Unknown STM32CubeMX version: 6.16.0
2025-12-28 22:37:12,553 [ERROR] AppliInfo:139 - Unknown STM32CubeMX version: 6.16.0
2025-12-28 22:37:12,554 [ERROR] AppliInfo:139 - Unknown STM32CubeMX version: 6.16.0
2025-12-28 22:37:12,554 [ERROR] AppliInfo:139 - Unknown STM32CubeMX version: 6.16.0
2025-12-28 22:37:12,556 [ERROR] AppliInfo:139 - Unknown STM32CubeMX version: 6.16.0
2025-12-28 22:37:12,556 [ERROR] AppliInfo:139 - Unknown STM32CubeMX version: 6.16.0
2025-12-28 22:37:12,556 [ERROR] AppliInfo:139 - Unknown STM32CubeMX version: 6.16.0
2025-12-28 22:37:12,557 [ERROR] AppliInfo:139 - Unknown STM32CubeMX version: 6.16.0
2025-12-28 22:37:12,557 [ERROR] AppliInfo:139 - Unknown STM32CubeMX version: 6.16.0
2025-12-28 22:37:12,557 [ERROR] AppliInfo:139 - Unknown STM32CubeMX version: 6.16.0
2025-12-28 22:37:12,559 [ERROR] AppliInfo:139 - Unknown STM32CubeMX version: 6.16.0
2025-12-28 22:37:12,559 [ERROR] AppliInfo:139 - Unknown STM32CubeMX version: 6.16.0
2025-12-28 22:37:12,560 [ERROR] AppliInfo:139 - Unknown STM32CubeMX version: 6.16.0
2025-12-28 22:37:12,560 [ERROR] AppliInfo:139 - Unknown STM32CubeMX version: 6.16.0
2025-12-28 22:37:12,560 [ERROR] AppliInfo:139 - Unknown STM32CubeMX version: 6.16.0
2025-12-28 22:37:12,560 [ERROR] AppliInfo:139 - Unknown STM32CubeMX version: 6.16.0
2025-12-28 22:37:12,561 [ERROR] AppliInfo:139 - Unknown STM32CubeMX version: 6.16.0
2025-12-28 22:37:12,561 [ERROR] AppliInfo:139 - Unknown STM32CubeMX version: 6.16.0
2025-12-28 22:37:12,562 [ERROR] AppliInfo:139 - Unknown STM32CubeMX version: 6.16.0
2025-12-28 22:37:12,563 [ERROR] AppliInfo:139 - Unknown STM32CubeMX version: 6.16.0
2025-12-28 22:37:12,563 [ERROR] AppliInfo:139 - Unknown STM32CubeMX version: 6.16.0
2025-12-28 22:37:12,564 [ERROR] AppliInfo:139 - Unknown STM32CubeMX version: 6.16.0
2025-12-28 22:37:12,564 [ERROR] AppliInfo:139 - Unknown STM32CubeMX version: 6.16.0
2025-12-28 22:37:12,564 [ERROR] AppliInfo:139 - Unknown STM32CubeMX version: 6.16.0
2025-12-28 22:37:12,564 [ERROR] AppliInfo:139 - Unknown STM32CubeMX version: 6.16.0
2025-12-28 22:37:12,565 [ERROR] AppliInfo:139 - Unknown STM32CubeMX version: 6.16.0
2025-12-28 22:37:12,565 [ERROR] AppliInfo:139 - Unknown STM32CubeMX version: 6.16.0
2025-12-28 22:37:12,565 [ERROR] AppliInfo:139 - Unknown STM32CubeMX version: 6.16.0
2025-12-28 22:37:12,565 [ERROR] AppliInfo:139 - Unknown STM32CubeMX version: 6.16.0
2025-12-28 22:37:12,566 [ERROR] AppliInfo:139 - Unknown STM32CubeMX version: 6.16.0
2025-12-28 22:37:12,566 [ERROR] AppliInfo:139 - Unknown STM32CubeMX version: 6.16.0
2025-12-28 22:37:12,566 [ERROR] AppliInfo:139 - Unknown STM32CubeMX version: 6.16.0
2025-12-28 22:37:12,567 [ERROR] AppliInfo:139 - Unknown STM32CubeMX version: 6.16.0
2025-12-28 22:37:12,567 [ERROR] AppliInfo:139 - Unknown STM32CubeMX version: 6.16.0
2025-12-28 22:37:12,567 [ERROR] AppliInfo:139 - Unknown STM32CubeMX version: 6.16.0
2025-12-28 22:37:12,567 [ERROR] AppliInfo:139 - Unknown STM32CubeMX version: 6.16.0
2025-12-28 22:37:12,568 [ERROR] AppliInfo:139 - Unknown STM32CubeMX version: 6.16.0
2025-12-28 22:37:12,568 [ERROR] AppliInfo:139 - Unknown STM32CubeMX version: 6.16.0
2025-12-28 22:37:12,569 [ERROR] AppliInfo:139 - Unknown STM32CubeMX version: 6.16.0
2025-12-28 22:37:12,569 [ERROR] AppliInfo:139 - Unknown STM32CubeMX version: 6.16.0
2025-12-28 22:37:12,580 [ERROR] AppliInfo:139 - Unknown STM32CubeMX version: 6.16.0
2025-12-28 22:37:12,581 [ERROR] AppliInfo:139 - Unknown STM32CubeMX version: 6.16.0
2025-12-28 22:37:12,582 [ERROR] AppliInfo:139 - Unknown STM32CubeMX version: 6.16.0
2025-12-28 22:37:12,582 [ERROR] AppliInfo:139 - Unknown STM32CubeMX version: 6.16.0
2025-12-28 22:37:12,583 [ERROR] AppliInfo:139 - Unknown STM32CubeMX version: 6.16.0
2025-12-28 22:37:12,583 [ERROR] AppliInfo:139 - Unknown STM32CubeMX version: 6.16.0
2025-12-28 22:37:12,583 [ERROR] AppliInfo:139 - Unknown STM32CubeMX version: 6.16.0
2025-12-28 22:37:12,583 [ERROR] AppliInfo:139 - Unknown STM32CubeMX version: 6.16.0
2025-12-28 22:37:12,583 [ERROR] AppliInfo:139 - Unknown STM32CubeMX version: 6.16.0
2025-12-28 22:37:12,584 [ERROR] AppliInfo:139 - Unknown STM32CubeMX version: 6.16.0
2025-12-28 22:37:12,584 [ERROR] AppliInfo:139 - Unknown STM32CubeMX version: 6.16.0
2025-12-28 22:37:12,584 [ERROR] AppliInfo:139 - Unknown STM32CubeMX version: 6.16.0
2025-12-28 22:37:12,584 [ERROR] AppliInfo:139 - Unknown STM32CubeMX version: 6.16.0
2025-12-28 22:37:12,585 [ERROR] AppliInfo:139 - Unknown STM32CubeMX version: 6.16.0
2025-12-28 22:37:12,585 [ERROR] AppliInfo:139 - Unknown STM32CubeMX version: 6.16.0
2025-12-28 22:37:12,600 [ERROR] AppliInfo:139 - Unknown STM32CubeMX version: 6.16.0
2025-12-28 22:37:12,601 [ERROR] AppliInfo:139 - Unknown STM32CubeMX version: 6.16.0
2025-12-28 22:37:12,601 [ERROR] AppliInfo:139 - Unknown STM32CubeMX version: 6.16.0
2025-12-28 22:37:12,601 [ERROR] AppliInfo:139 - Unknown STM32CubeMX version: 6.16.0
2025-12-28 22:37:12,602 [ERROR] AppliInfo:139 - Unknown STM32CubeMX version: 6.16.0
2025-12-28 22:37:12,602 [ERROR] AppliInfo:139 - Unknown STM32CubeMX version: 6.16.0
2025-12-28 22:37:12,612 [ERROR] AppliInfo:139 - Unknown STM32CubeMX version: 6.16.0
2025-12-28 22:37:12,614 [ERROR] AppliInfo:139 - Unknown STM32CubeMX version: 6.16.0
2025-12-28 22:37:12,631 [ERROR] AppliInfo:139 - Unknown STM32CubeMX version: 6.16.0
2025-12-28 22:37:12,632 [ERROR] AppliInfo:139 - Unknown STM32CubeMX version: 6.16.0
2025-12-28 22:37:12,632 [ERROR] AppliInfo:139 - Unknown STM32CubeMX version: 6.16.0
2025-12-28 22:37:12,632 [ERROR] AppliInfo:139 - Unknown STM32CubeMX version: 6.16.0
2025-12-28 22:37:12,633 [ERROR] AppliInfo:139 - Unknown STM32CubeMX version: 6.16.0
2025-12-28 22:37:12,633 [ERROR] AppliInfo:139 - Unknown STM32CubeMX version: 6.16.0
2025-12-28 22:37:12,633 [ERROR] AppliInfo:139 - Unknown STM32CubeMX version: 6.16.0
2025-12-28 22:37:12,633 [ERROR] AppliInfo:139 - Unknown STM32CubeMX version: 6.16.0
2025-12-28 22:37:12,634 [ERROR] AppliInfo:139 - Unknown STM32CubeMX version: 6.16.0
2025-12-28 22:37:12,634 [ERROR] AppliInfo:139 - Unknown STM32CubeMX version: 6.16.0
2025-12-28 22:37:12,636 [ERROR] AppliInfo:139 - Unknown STM32CubeMX version: 6.16.0
2025-12-28 22:37:12,636 [ERROR] AppliInfo:139 - Unknown STM32CubeMX version: 6.16.0
2025-12-28 22:37:12,636 [ERROR] AppliInfo:139 - Unknown STM32CubeMX version: 6.16.0
2025-12-28 22:37:12,636 [ERROR] AppliInfo:139 - Unknown STM32CubeMX version: 6.16.0
2025-12-28 22:37:12,637 [ERROR] AppliInfo:139 - Unknown STM32CubeMX version: 6.16.0
2025-12-28 22:37:12,637 [ERROR] AppliInfo:139 - Unknown STM32CubeMX version: 6.16.0
2025-12-28 22:37:12,637 [ERROR] AppliInfo:139 - Unknown STM32CubeMX version: 6.16.0
2025-12-28 22:37:12,637 [ERROR] AppliInfo:139 - Unknown STM32CubeMX version: 6.16.0
2025-12-28 22:37:12,638 [ERROR] AppliInfo:139 - Unknown STM32CubeMX version: 6.16.0
2025-12-28 22:37:12,638 [ERROR] AppliInfo:139 - Unknown STM32CubeMX version: 6.16.0
2025-12-28 22:37:12,638 [ERROR] AppliInfo:139 - Unknown STM32CubeMX version: 6.16.0
2025-12-28 22:37:12,638 [ERROR] AppliInfo:139 - Unknown STM32CubeMX version: 6.16.0
2025-12-28 22:37:12,639 [ERROR] AppliInfo:139 - Unknown STM32CubeMX version: 6.16.0
2025-12-28 22:37:12,639 [ERROR] AppliInfo:139 - Unknown STM32CubeMX version: 6.16.0
2025-12-28 22:37:12,639 [ERROR] AppliInfo:139 - Unknown STM32CubeMX version: 6.16.0
2025-12-28 22:37:12,639 [ERROR] AppliInfo:139 - Unknown STM32CubeMX version: 6.16.0
2025-12-28 22:37:12,639 [ERROR] AppliInfo:139 - Unknown STM32CubeMX version: 6.16.0
2025-12-28 22:37:12,640 [ERROR] AppliInfo:139 - Unknown STM32CubeMX version: 6.16.0
2025-12-28 22:37:12,640 [ERROR] AppliInfo:139 - Unknown STM32CubeMX version: 6.16.0
2025-12-28 22:37:12,640 [ERROR] AppliInfo:139 - Unknown STM32CubeMX version: 6.16.0
2025-12-28 22:37:12,640 [ERROR] AppliInfo:139 - Unknown STM32CubeMX version: 6.16.0
2025-12-28 22:37:12,640 [ERROR] AppliInfo:139 - Unknown STM32CubeMX version: 6.16.0
2025-12-28 22:37:12,641 [ERROR] AppliInfo:139 - Unknown STM32CubeMX version: 6.16.0
2025-12-28 22:37:12,641 [ERROR] AppliInfo:139 - Unknown STM32CubeMX version: 6.16.0
2025-12-28 22:37:12,641 [ERROR] AppliInfo:139 - Unknown STM32CubeMX version: 6.16.0
2025-12-28 22:37:12,641 [ERROR] AppliInfo:139 - Unknown STM32CubeMX version: 6.16.0
2025-12-28 22:37:12,642 [ERROR] AppliInfo:139 - Unknown STM32CubeMX version: 6.16.0
2025-12-28 22:37:12,642 [ERROR] AppliInfo:139 - Unknown STM32CubeMX version: 6.16.0
2025-12-28 22:37:12,643 [ERROR] AppliInfo:139 - Unknown STM32CubeMX version: 6.16.0
2025-12-28 22:37:12,644 [ERROR] AppliInfo:139 - Unknown STM32CubeMX version: 6.16.0
2025-12-28 22:37:12,646 [ERROR] AppliInfo:139 - Unknown STM32CubeMX version: 6.16.0
2025-12-28 22:37:12,647 [ERROR] AppliInfo:139 - Unknown STM32CubeMX version: 6.16.0
2025-12-28 22:37:12,647 [ERROR] AppliInfo:139 - Unknown STM32CubeMX version: 6.16.0
2025-12-28 22:37:12,647 [ERROR] AppliInfo:139 - Unknown STM32CubeMX version: 6.16.0
2025-12-28 22:37:12,648 [ERROR] AppliInfo:139 - Unknown STM32CubeMX version: 6.16.0
2025-12-28 22:37:12,648 [ERROR] AppliInfo:139 - Unknown STM32CubeMX version: 6.16.0
2025-12-28 22:37:12,648 [ERROR] AppliInfo:139 - Unknown STM32CubeMX version: 6.16.0
2025-12-28 22:37:12,648 [ERROR] AppliInfo:139 - Unknown STM32CubeMX version: 6.16.0
2025-12-28 22:37:12,648 [ERROR] AppliInfo:139 - Unknown STM32CubeMX version: 6.16.0
2025-12-28 22:37:12,649 [ERROR] AppliInfo:139 - Unknown STM32CubeMX version: 6.16.0
2025-12-28 22:37:12,649 [ERROR] AppliInfo:139 - Unknown STM32CubeMX version: 6.16.0
2025-12-28 22:37:12,649 [ERROR] AppliInfo:139 - Unknown STM32CubeMX version: 6.16.0
2025-12-28 22:37:12,649 [ERROR] AppliInfo:139 - Unknown STM32CubeMX version: 6.16.0
2025-12-28 22:37:12,650 [ERROR] AppliInfo:139 - Unknown STM32CubeMX version: 6.16.0
2025-12-28 22:37:12,650 [ERROR] AppliInfo:139 - Unknown STM32CubeMX version: 6.16.0
2025-12-28 22:37:12,650 [ERROR] AppliInfo:139 - Unknown STM32CubeMX version: 6.16.0
2025-12-28 22:37:12,650 [ERROR] AppliInfo:139 - Unknown STM32CubeMX version: 6.16.0
2025-12-28 22:37:12,651 [ERROR] AppliInfo:139 - Unknown STM32CubeMX version: 6.16.0
2025-12-28 22:37:12,651 [ERROR] AppliInfo:139 - Unknown STM32CubeMX version: 6.16.0
2025-12-28 22:37:12,651 [ERROR] AppliInfo:139 - Unknown STM32CubeMX version: 6.16.0
2025-12-28 22:37:12,651 [ERROR] AppliInfo:139 - Unknown STM32CubeMX version: 6.16.0
2025-12-28 22:37:12,652 [ERROR] AppliInfo:139 - Unknown STM32CubeMX version: 6.16.0
2025-12-28 22:37:12,653 [ERROR] AppliInfo:139 - Unknown STM32CubeMX version: 6.16.0
2025-12-28 22:37:12,653 [ERROR] AppliInfo:139 - Unknown STM32CubeMX version: 6.16.0
2025-12-28 22:37:12,653 [ERROR] AppliInfo:139 - Unknown STM32CubeMX version: 6.16.0
2025-12-28 22:37:12,654 [ERROR] AppliInfo:139 - Unknown STM32CubeMX version: 6.16.0
2025-12-28 22:37:12,654 [ERROR] AppliInfo:139 - Unknown STM32CubeMX version: 6.16.0
2025-12-28 22:37:12,654 [ERROR] AppliInfo:139 - Unknown STM32CubeMX version: 6.16.0
2025-12-28 22:37:12,654 [ERROR] AppliInfo:139 - Unknown STM32CubeMX version: 6.16.0
2025-12-28 22:37:12,655 [ERROR] AppliInfo:139 - Unknown STM32CubeMX version: 6.16.0
2025-12-28 22:37:12,655 [ERROR] AppliInfo:139 - Unknown STM32CubeMX version: 6.16.0
2025-12-28 22:37:12,655 [ERROR] AppliInfo:139 - Unknown STM32CubeMX version: 6.16.0
2025-12-28 22:37:12,655 [ERROR] AppliInfo:139 - Unknown STM32CubeMX version: 6.16.0
2025-12-28 22:37:12,656 [ERROR] AppliInfo:139 - Unknown STM32CubeMX version: 6.16.0
2025-12-28 22:37:12,656 [ERROR] AppliInfo:139 - Unknown STM32CubeMX version: 6.16.0
2025-12-28 22:37:12,656 [ERROR] AppliInfo:139 - Unknown STM32CubeMX version: 6.16.0
2025-12-28 22:37:12,656 [ERROR] AppliInfo:139 - Unknown STM32CubeMX version: 6.16.0
2025-12-28 22:37:12,657 [ERROR] AppliInfo:139 - Unknown STM32CubeMX version: 6.16.0
2025-12-28 22:37:12,657 [ERROR] AppliInfo:139 - Unknown STM32CubeMX version: 6.16.0
2025-12-28 22:37:12,657 [ERROR] AppliInfo:139 - Unknown STM32CubeMX version: 6.16.0
2025-12-28 22:37:12,658 [ERROR] AppliInfo:139 - Unknown STM32CubeMX version: 6.16.0
2025-12-28 22:37:12,658 [ERROR] AppliInfo:139 - Unknown STM32CubeMX version: 6.16.0
2025-12-28 22:37:12,658 [ERROR] AppliInfo:139 - Unknown STM32CubeMX version: 6.16.0
2025-12-28 22:37:12,659 [ERROR] AppliInfo:139 - Unknown STM32CubeMX version: 6.16.0
2025-12-28 22:37:12,659 [ERROR] AppliInfo:139 - Unknown STM32CubeMX version: 6.16.0
2025-12-28 22:37:12,659 [ERROR] AppliInfo:139 - Unknown STM32CubeMX version: 6.16.0
2025-12-28 22:37:12,659 [ERROR] AppliInfo:139 - Unknown STM32CubeMX version: 6.16.0
2025-12-28 22:37:12,659 [ERROR] AppliInfo:139 - Unknown STM32CubeMX version: 6.16.0
2025-12-28 22:37:12,659 [ERROR] AppliInfo:139 - Unknown STM32CubeMX version: 6.16.0
2025-12-28 22:37:12,660 [ERROR] AppliInfo:139 - Unknown STM32CubeMX version: 6.16.0
2025-12-28 22:37:12,660 [ERROR] AppliInfo:139 - Unknown STM32CubeMX version: 6.16.0
2025-12-28 22:37:12,660 [ERROR] AppliInfo:139 - Unknown STM32CubeMX version: 6.16.0
2025-12-28 22:37:12,660 [ERROR] AppliInfo:139 - Unknown STM32CubeMX version: 6.16.0
2025-12-28 22:37:12,661 [ERROR] AppliInfo:139 - Unknown STM32CubeMX version: 6.16.0
2025-12-28 22:37:12,661 [ERROR] AppliInfo:139 - Unknown STM32CubeMX version: 6.16.0
2025-12-28 22:37:12,661 [ERROR] AppliInfo:139 - Unknown STM32CubeMX version: 6.16.0
2025-12-28 22:37:12,661 [ERROR] AppliInfo:139 - Unknown STM32CubeMX version: 6.16.0
2025-12-28 22:37:12,673 [ERROR] AppliInfo:139 - Unknown STM32CubeMX version: 6.16.0
2025-12-28 22:37:12,673 [ERROR] AppliInfo:139 - Unknown STM32CubeMX version: 6.16.0
2025-12-28 22:37:12,673 [ERROR] AppliInfo:139 - Unknown STM32CubeMX version: 6.16.0
2025-12-28 22:37:12,674 [ERROR] AppliInfo:139 - Unknown STM32CubeMX version: 6.16.0
2025-12-28 22:37:12,674 [ERROR] AppliInfo:139 - Unknown STM32CubeMX version: 6.16.0
2025-12-28 22:37:12,674 [ERROR] AppliInfo:139 - Unknown STM32CubeMX version: 6.16.0
2025-12-28 22:37:12,674 [ERROR] AppliInfo:139 - Unknown STM32CubeMX version: 6.16.0
2025-12-28 22:37:12,674 [ERROR] AppliInfo:139 - Unknown STM32CubeMX version: 6.16.0
2025-12-28 22:37:12,675 [ERROR] AppliInfo:139 - Unknown STM32CubeMX version: 6.16.0
2025-12-28 22:37:12,675 [ERROR] AppliInfo:139 - Unknown STM32CubeMX version: 6.16.0
2025-12-28 22:37:12,679 [ERROR] AppliInfo:139 - Unknown STM32CubeMX version: 6.16.0
2025-12-28 22:37:12,680 [ERROR] AppliInfo:139 - Unknown STM32CubeMX version: 6.16.0
2025-12-28 22:37:12,680 [ERROR] AppliInfo:139 - Unknown STM32CubeMX version: 6.16.0
2025-12-28 22:37:12,680 [ERROR] AppliInfo:139 - Unknown STM32CubeMX version: 6.16.0
2025-12-28 22:37:12,680 [ERROR] AppliInfo:139 - Unknown STM32CubeMX version: 6.16.0
2025-12-28 22:37:12,681 [ERROR] AppliInfo:139 - Unknown STM32CubeMX version: 6.16.0
2025-12-28 22:37:12,681 [ERROR] AppliInfo:139 - Unknown STM32CubeMX version: 6.16.0
2025-12-28 22:37:12,681 [ERROR] AppliInfo:139 - Unknown STM32CubeMX version: 6.16.0
2025-12-28 22:37:12,681 [ERROR] AppliInfo:139 - Unknown STM32CubeMX version: 6.16.0
2025-12-28 22:37:12,681 [ERROR] AppliInfo:139 - Unknown STM32CubeMX version: 6.16.0
2025-12-28 22:37:12,682 [ERROR] AppliInfo:139 - Unknown STM32CubeMX version: 6.16.0
2025-12-28 22:37:12,682 [ERROR] AppliInfo:139 - Unknown STM32CubeMX version: 6.16.0
2025-12-28 22:37:12,682 [ERROR] AppliInfo:139 - Unknown STM32CubeMX version: 6.16.0
2025-12-28 22:37:12,682 [ERROR] AppliInfo:139 - Unknown STM32CubeMX version: 6.16.0
2025-12-28 22:37:12,683 [ERROR] AppliInfo:139 - Unknown STM32CubeMX version: 6.16.0
2025-12-28 22:37:12,684 [ERROR] AppliInfo:139 - Unknown STM32CubeMX version: 6.16.0
2025-12-28 22:37:12,684 [ERROR] AppliInfo:139 - Unknown STM32CubeMX version: 6.16.0
2025-12-28 22:37:12,684 [ERROR] AppliInfo:139 - Unknown STM32CubeMX version: 6.16.0
2025-12-28 22:37:12,685 [ERROR] AppliInfo:139 - Unknown STM32CubeMX version: 6.16.0
2025-12-28 22:37:12,685 [ERROR] AppliInfo:139 - Unknown STM32CubeMX version: 6.16.0
2025-12-28 22:37:12,685 [ERROR] AppliInfo:139 - Unknown STM32CubeMX version: 6.16.0
2025-12-28 22:37:12,685 [ERROR] AppliInfo:139 - Unknown STM32CubeMX version: 6.16.0
2025-12-28 22:37:12,686 [ERROR] AppliInfo:139 - Unknown STM32CubeMX version: 6.16.0
2025-12-28 22:37:12,687 [ERROR] AppliInfo:139 - Unknown STM32CubeMX version: 6.16.0
2025-12-28 22:37:12,687 [ERROR] AppliInfo:139 - Unknown STM32CubeMX version: 6.16.0
2025-12-28 22:37:12,687 [ERROR] AppliInfo:139 - Unknown STM32CubeMX version: 6.16.0
2025-12-28 22:37:12,687 [ERROR] AppliInfo:139 - Unknown STM32CubeMX version: 6.16.0
2025-12-28 22:37:12,688 [ERROR] AppliInfo:139 - Unknown STM32CubeMX version: 6.16.0
2025-12-28 22:37:12,688 [ERROR] AppliInfo:139 - Unknown STM32CubeMX version: 6.16.0
2025-12-28 22:37:12,688 [ERROR] AppliInfo:139 - Unknown STM32CubeMX version: 6.16.0
2025-12-28 22:37:12,689 [ERROR] AppliInfo:139 - Unknown STM32CubeMX version: 6.16.0
2025-12-28 22:37:12,689 [ERROR] AppliInfo:139 - Unknown STM32CubeMX version: 6.16.0
2025-12-28 22:37:12,689 [ERROR] AppliInfo:139 - Unknown STM32CubeMX version: 6.16.0
2025-12-28 22:37:12,689 [ERROR] AppliInfo:139 - Unknown STM32CubeMX version: 6.16.0
2025-12-28 22:37:12,689 [ERROR] AppliInfo:139 - Unknown STM32CubeMX version: 6.16.0
2025-12-28 22:37:12,690 [ERROR] AppliInfo:139 - Unknown STM32CubeMX version: 6.16.0
2025-12-28 22:37:12,690 [ERROR] AppliInfo:139 - Unknown STM32CubeMX version: 6.16.0
2025-12-28 22:37:12,690 [ERROR] AppliInfo:139 - Unknown STM32CubeMX version: 6.16.0
2025-12-28 22:37:12,690 [ERROR] AppliInfo:139 - Unknown STM32CubeMX version: 6.16.0
2025-12-28 22:37:12,690 [ERROR] AppliInfo:139 - Unknown STM32CubeMX version: 6.16.0
2025-12-28 22:37:12,690 [ERROR] AppliInfo:139 - Unknown STM32CubeMX version: 6.16.0
2025-12-28 22:37:12,691 [ERROR] AppliInfo:139 - Unknown STM32CubeMX version: 6.16.0
2025-12-28 22:37:12,691 [ERROR] AppliInfo:139 - Unknown STM32CubeMX version: 6.16.0
2025-12-28 22:37:12,692 [ERROR] AppliInfo:139 - Unknown STM32CubeMX version: 6.16.0
2025-12-28 22:37:12,692 [ERROR] AppliInfo:139 - Unknown STM32CubeMX version: 6.16.0
2025-12-28 22:37:12,692 [ERROR] AppliInfo:139 - Unknown STM32CubeMX version: 6.16.0
2025-12-28 22:37:12,723 [ERROR] AppliInfo:139 - Unknown STM32CubeMX version: 6.16.0
2025-12-28 22:37:12,724 [ERROR] AppliInfo:139 - Unknown STM32CubeMX version: 6.16.0
2025-12-28 22:37:12,724 [ERROR] AppliInfo:139 - Unknown STM32CubeMX version: 6.16.0
2025-12-28 22:37:12,725 [ERROR] AppliInfo:139 - Unknown STM32CubeMX version: 6.16.0
2025-12-28 22:37:12,725 [ERROR] AppliInfo:139 - Unknown STM32CubeMX version: 6.16.0
2025-12-28 22:37:12,725 [ERROR] AppliInfo:139 - Unknown STM32CubeMX version: 6.16.0
2025-12-28 22:37:12,725 [ERROR] AppliInfo:139 - Unknown STM32CubeMX version: 6.16.0
2025-12-28 22:37:12,726 [ERROR] AppliInfo:139 - Unknown STM32CubeMX version: 6.16.0
2025-12-28 22:37:12,726 [ERROR] AppliInfo:139 - Unknown STM32CubeMX version: 6.16.0
2025-12-28 22:37:12,726 [ERROR] AppliInfo:139 - Unknown STM32CubeMX version: 6.16.0
2025-12-28 22:37:12,727 [ERROR] AppliInfo:139 - Unknown STM32CubeMX version: 6.16.0
2025-12-28 22:37:12,727 [ERROR] AppliInfo:139 - Unknown STM32CubeMX version: 6.16.0
2025-12-28 22:37:12,727 [ERROR] AppliInfo:139 - Unknown STM32CubeMX version: 6.16.0
2025-12-28 22:37:12,727 [ERROR] AppliInfo:139 - Unknown STM32CubeMX version: 6.16.0
2025-12-28 22:37:12,727 [ERROR] AppliInfo:139 - Unknown STM32CubeMX version: 6.16.0
2025-12-28 22:37:12,729 [ERROR] AppliInfo:139 - Unknown STM32CubeMX version: 6.16.0
2025-12-28 22:37:12,730 [ERROR] AppliInfo:139 - Unknown STM32CubeMX version: 6.16.0
2025-12-28 22:37:12,730 [ERROR] AppliInfo:139 - Unknown STM32CubeMX version: 6.16.0
2025-12-28 22:37:12,730 [ERROR] AppliInfo:139 - Unknown STM32CubeMX version: 6.16.0
2025-12-28 22:37:12,758 [ERROR] AppliInfo:139 - Unknown STM32CubeMX version: 6.16.0
2025-12-28 22:37:12,758 [ERROR] AppliInfo:139 - Unknown STM32CubeMX version: 6.16.0
2025-12-28 22:37:12,758 [ERROR] AppliInfo:139 - Unknown STM32CubeMX version: 6.16.0
2025-12-28 22:37:12,759 [ERROR] AppliInfo:139 - Unknown STM32CubeMX version: 6.16.0
2025-12-28 22:37:12,759 [ERROR] AppliInfo:139 - Unknown STM32CubeMX version: 6.16.0
2025-12-28 22:37:12,759 [ERROR] AppliInfo:139 - Unknown STM32CubeMX version: 6.16.0
2025-12-28 22:37:12,759 [ERROR] AppliInfo:139 - Unknown STM32CubeMX version: 6.16.0
2025-12-28 22:37:12,759 [ERROR] AppliInfo:139 - Unknown STM32CubeMX version: 6.16.0
2025-12-28 22:37:12,760 [ERROR] AppliInfo:139 - Unknown STM32CubeMX version: 6.16.0
2025-12-28 22:37:12,760 [ERROR] AppliInfo:139 - Unknown STM32CubeMX version: 6.16.0
2025-12-28 22:37:12,760 [ERROR] AppliInfo:139 - Unknown STM32CubeMX version: 6.16.0
2025-12-28 22:37:12,760 [ERROR] AppliInfo:139 - Unknown STM32CubeMX version: 6.16.0
2025-12-28 22:37:12,760 [ERROR] AppliInfo:139 - Unknown STM32CubeMX version: 6.16.0
2025-12-28 22:37:12,761 [ERROR] AppliInfo:139 - Unknown STM32CubeMX version: 6.16.0
2025-12-28 22:37:12,761 [ERROR] AppliInfo:139 - Unknown STM32CubeMX version: 6.16.0
2025-12-28 22:37:12,761 [ERROR] AppliInfo:139 - Unknown STM32CubeMX version: 6.16.0
2025-12-28 22:37:12,761 [ERROR] AppliInfo:139 - Unknown STM32CubeMX version: 6.16.0
2025-12-28 22:37:12,761 [ERROR] AppliInfo:139 - Unknown STM32CubeMX version: 6.16.0
2025-12-28 22:37:12,762 [ERROR] AppliInfo:139 - Unknown STM32CubeMX version: 6.16.0
2025-12-28 22:37:12,763 [ERROR] AppliInfo:139 - Unknown STM32CubeMX version: 6.16.0
2025-12-28 22:37:12,763 [ERROR] AppliInfo:139 - Unknown STM32CubeMX version: 6.16.0
2025-12-28 22:37:12,780 [ERROR] AppliInfo:139 - Unknown STM32CubeMX version: 6.16.0
2025-12-28 22:37:12,781 [ERROR] AppliInfo:139 - Unknown STM32CubeMX version: 6.16.0
2025-12-28 22:37:12,781 [ERROR] AppliInfo:139 - Unknown STM32CubeMX version: 6.16.0
2025-12-28 22:37:12,791 [ERROR] AppliInfo:139 - Unknown STM32CubeMX version: 6.16.0
2025-12-28 22:37:12,791 [ERROR] AppliInfo:139 - Unknown STM32CubeMX version: 6.16.0
2025-12-28 22:37:12,791 [ERROR] AppliInfo:139 - Unknown STM32CubeMX version: 6.16.0
2025-12-28 22:37:12,792 [ERROR] AppliInfo:139 - Unknown STM32CubeMX version: 6.16.0
2025-12-28 22:37:12,792 [ERROR] AppliInfo:139 - Unknown STM32CubeMX version: 6.16.0
2025-12-28 22:37:12,792 [ERROR] AppliInfo:139 - Unknown STM32CubeMX version: 6.16.0
2025-12-28 22:37:12,792 [ERROR] AppliInfo:139 - Unknown STM32CubeMX version: 6.16.0
2025-12-28 22:37:12,792 [ERROR] AppliInfo:139 - Unknown STM32CubeMX version: 6.16.0
2025-12-28 22:37:12,792 [ERROR] AppliInfo:139 - Unknown STM32CubeMX version: 6.16.0
2025-12-28 22:37:12,793 [ERROR] AppliInfo:139 - Unknown STM32CubeMX version: 6.16.0
2025-12-28 22:37:12,793 [ERROR] AppliInfo:139 - Unknown STM32CubeMX version: 6.16.0
2025-12-28 22:37:12,794 [ERROR] AppliInfo:139 - Unknown STM32CubeMX version: 6.16.0
2025-12-28 22:37:12,794 [ERROR] AppliInfo:139 - Unknown STM32CubeMX version: 6.16.0
2025-12-28 22:37:12,794 [ERROR] AppliInfo:139 - Unknown STM32CubeMX version: 6.16.0
2025-12-28 22:37:12,794 [ERROR] AppliInfo:139 - Unknown STM32CubeMX version: 6.16.0
2025-12-28 22:37:12,794 [ERROR] AppliInfo:139 - Unknown STM32CubeMX version: 6.16.0
2025-12-28 22:37:12,795 [ERROR] AppliInfo:139 - Unknown STM32CubeMX version: 6.16.0
2025-12-28 22:37:12,795 [ERROR] AppliInfo:139 - Unknown STM32CubeMX version: 6.16.0
2025-12-28 22:37:12,795 [ERROR] AppliInfo:139 - Unknown STM32CubeMX version: 6.16.0
2025-12-28 22:37:12,796 [ERROR] AppliInfo:139 - Unknown STM32CubeMX version: 6.16.0
2025-12-28 22:37:12,796 [ERROR] AppliInfo:139 - Unknown STM32CubeMX version: 6.16.0
2025-12-28 22:37:12,796 [ERROR] AppliInfo:139 - Unknown STM32CubeMX version: 6.16.0
2025-12-28 22:37:12,796 [ERROR] AppliInfo:139 - Unknown STM32CubeMX version: 6.16.0
2025-12-28 22:37:12,797 [ERROR] AppliInfo:139 - Unknown STM32CubeMX version: 6.16.0
2025-12-28 22:37:12,797 [ERROR] AppliInfo:139 - Unknown STM32CubeMX version: 6.16.0
2025-12-28 22:37:12,797 [ERROR] AppliInfo:139 - Unknown STM32CubeMX version: 6.16.0
2025-12-28 22:37:12,797 [ERROR] AppliInfo:139 - Unknown STM32CubeMX version: 6.16.0
2025-12-28 22:37:12,797 [ERROR] AppliInfo:139 - Unknown STM32CubeMX version: 6.16.0
2025-12-28 22:37:12,797 [ERROR] AppliInfo:139 - Unknown STM32CubeMX version: 6.16.0
2025-12-28 22:37:12,798 [ERROR] AppliInfo:139 - Unknown STM32CubeMX version: 6.16.0
2025-12-28 22:37:12,798 [ERROR] AppliInfo:139 - Unknown STM32CubeMX version: 6.16.0
2025-12-28 22:37:12,798 [ERROR] AppliInfo:139 - Unknown STM32CubeMX version: 6.16.0
2025-12-28 22:37:12,798 [ERROR] AppliInfo:139 - Unknown STM32CubeMX version: 6.16.0
2025-12-28 22:37:12,798 [ERROR] AppliInfo:139 - Unknown STM32CubeMX version: 6.16.0
2025-12-28 22:37:12,798 [ERROR] AppliInfo:139 - Unknown STM32CubeMX version: 6.16.0
2025-12-28 22:37:12,799 [ERROR] AppliInfo:139 - Unknown STM32CubeMX version: 6.16.0
2025-12-28 22:37:12,799 [ERROR] AppliInfo:139 - Unknown STM32CubeMX version: 6.16.0
2025-12-28 22:37:12,799 [ERROR] AppliInfo:139 - Unknown STM32CubeMX version: 6.16.0
2025-12-28 22:37:12,799 [ERROR] AppliInfo:139 - Unknown STM32CubeMX version: 6.16.0
2025-12-28 22:37:12,799 [ERROR] AppliInfo:139 - Unknown STM32CubeMX version: 6.16.0
2025-12-28 22:37:12,799 [ERROR] AppliInfo:139 - Unknown STM32CubeMX version: 6.16.0
2025-12-28 22:37:12,800 [ERROR] AppliInfo:139 - Unknown STM32CubeMX version: 6.16.0
2025-12-28 22:37:12,800 [ERROR] AppliInfo:139 - Unknown STM32CubeMX version: 6.16.0
2025-12-28 22:37:12,800 [ERROR] AppliInfo:139 - Unknown STM32CubeMX version: 6.16.0
2025-12-28 22:37:12,800 [ERROR] AppliInfo:139 - Unknown STM32CubeMX version: 6.16.0
2025-12-28 22:37:12,800 [ERROR] AppliInfo:139 - Unknown STM32CubeMX version: 6.16.0
2025-12-28 22:37:12,801 [ERROR] AppliInfo:139 - Unknown STM32CubeMX version: 6.16.0
2025-12-28 22:37:12,801 [ERROR] AppliInfo:139 - Unknown STM32CubeMX version: 6.16.0
2025-12-28 22:37:12,801 [ERROR] AppliInfo:139 - Unknown STM32CubeMX version: 6.16.0
2025-12-28 22:37:12,801 [ERROR] AppliInfo:139 - Unknown STM32CubeMX version: 6.16.0
2025-12-28 22:37:12,801 [ERROR] AppliInfo:139 - Unknown STM32CubeMX version: 6.16.0
2025-12-28 22:37:12,801 [ERROR] AppliInfo:139 - Unknown STM32CubeMX version: 6.16.0
2025-12-28 22:37:12,802 [ERROR] AppliInfo:139 - Unknown STM32CubeMX version: 6.16.0
2025-12-28 22:37:12,802 [ERROR] AppliInfo:139 - Unknown STM32CubeMX version: 6.16.0
2025-12-28 22:37:12,802 [ERROR] AppliInfo:139 - Unknown STM32CubeMX version: 6.16.0
2025-12-28 22:37:12,802 [ERROR] AppliInfo:139 - Unknown STM32CubeMX version: 6.16.0
2025-12-28 22:37:12,802 [ERROR] AppliInfo:139 - Unknown STM32CubeMX version: 6.16.0
2025-12-28 22:37:12,802 [ERROR] AppliInfo:139 - Unknown STM32CubeMX version: 6.16.0
2025-12-28 22:37:12,803 [ERROR] AppliInfo:139 - Unknown STM32CubeMX version: 6.16.0
2025-12-28 22:37:12,803 [ERROR] AppliInfo:139 - Unknown STM32CubeMX version: 6.16.0
2025-12-28 22:37:18,566 [ERROR] AppliInfo:139 - Unknown STM32CubeMX version: 6.16.0
2025-12-28 22:37:18,567 [ERROR] AppliInfo:139 - Unknown STM32CubeMX version: 6.16.0
2025-12-28 22:37:18,567 [ERROR] AppliInfo:139 - Unknown STM32CubeMX version: 6.16.0
2025-12-28 22:37:18,568 [ERROR] AppliInfo:139 - Unknown STM32CubeMX version: 6.16.0
2025-12-28 22:37:18,568 [ERROR] AppliInfo:139 - Unknown STM32CubeMX version: 6.16.0
2025-12-28 22:37:18,568 [ERROR] AppliInfo:139 - Unknown STM32CubeMX version: 6.16.0
2025-12-28 22:37:18,568 [ERROR] AppliInfo:139 - Unknown STM32CubeMX version: 6.16.0
2025-12-28 22:37:18,569 [ERROR] AppliInfo:139 - Unknown STM32CubeMX version: 6.16.0
2025-12-28 22:37:18,569 [ERROR] AppliInfo:139 - Unknown STM32CubeMX version: 6.16.0
2025-12-28 22:37:18,569 [ERROR] AppliInfo:139 - Unknown STM32CubeMX version: 6.16.0
2025-12-28 22:37:18,583 [ERROR] AppliInfo:139 - Unknown STM32CubeMX version: 6.16.0
2025-12-28 22:37:18,584 [ERROR] AppliInfo:139 - Unknown STM32CubeMX version: 6.16.0
2025-12-28 22:37:18,584 [ERROR] AppliInfo:139 - Unknown STM32CubeMX version: 6.16.0
2025-12-28 22:37:18,584 [ERROR] AppliInfo:139 - Unknown STM32CubeMX version: 6.16.0
2025-12-28 22:37:18,584 [ERROR] AppliInfo:139 - Unknown STM32CubeMX version: 6.16.0
2025-12-28 22:37:18,585 [ERROR] AppliInfo:139 - Unknown STM32CubeMX version: 6.16.0
2025-12-28 22:37:18,585 [ERROR] AppliInfo:139 - Unknown STM32CubeMX version: 6.16.0
2025-12-28 22:37:42,577 [INFO] SoftwarePacks:190 - Size of SW pack 'STM32Cube_FW_WB_V1.24.0' is: 170.0 MB
2025-12-28 22:38:01,918 [INFO] ExampleToolKit:675 - [info] 2025/12/28 22:38:01
2025-12-28 22:38:01,920 [INFO] ExampleToolKit:723 - [info] Start Project: BLE_p2pServer
2025-12-28 22:38:01,926 [WARN] ExampleToolKit:785 - [WARNING] IDE PROJECT 'SW4STM32' NOT FOUND
2025-12-28 22:38:01,926 [INFO] ExampleToolKit:817 - [info] Project path: C:\STM32\.metadata\project2\BLE_p2pServer
2025-12-28 22:38:02,215 [INFO] ExampleToolKit:1785 - [info] CubeMX '.mxproject' file found
2025-12-28 22:38:02,245 [WARN] ExampleToolKit:2005 - [WARNING] Update IDE User File: .extSettings
2025-12-28 22:38:02,342 [WARN] ExampleToolKit:2178 - [WARNING] IDE PROJECT 'SW4STM32'NOT FOUND
2025-12-28 22:38:02,399 [INFO] ExampleToolKit:1070 - [info] SW Package located in: C:\Users\kleyton\STM32Cube\Repository\STM32Cube_FW_WB_V1.24.0
2025-12-28 22:38:02,399 [INFO] ExampleToolKit:1075 - [info] SW Package copy: LITE
2025-12-28 22:38:56,201 [ERROR] ExampleToolKit:1604 - File not found: ../3rdparty/p256-m/p256-m_driver_entrypoints.h
2025-12-28 22:38:56,552 [INFO] ExampleToolKit:894 - [WARNING] Project 'BLE_p2pServer' installed with Warning(s)/Error(s)
2025-12-28 22:38:56,553 [INFO] ExampleToolKit:915 - [info] 2025/12/28 22:38:56
2025-12-28 22:38:56,561 [INFO] ExampleToolKit:1034 - [info] Elapsed time: 0h 0m 54s 642ms
2025-12-28 22:39:05,597 [INFO] McuFinderGlobals:76 - Set McuFinderConnectedMode to true
2025-12-28 22:39:05,610 [INFO] ApiDb:448 - Save user favorites file C:\Users\kleyton/.stm32cubeide/favorites.mcus.txt: 0 item(s)
2025-12-28 22:39:05,610 [INFO] ApiDb:452 - User favorites MCUs=[]
2025-12-28 22:39:05,613 [INFO] ApiDb:448 - Save user favorites file C:\Users\kleyton/.stm32cubeide/favorites.boards.txt: 0 item(s)
2025-12-28 22:39:05,613 [INFO] ApiDb:452 - User favorites Boards=[]
2025-12-28 22:39:05,617 [INFO] ApiDb:448 - Save user favorites file C:\Users\kleyton/.stm32cubeide/favorites.examples.txt: 0 item(s)
2025-12-28 22:39:05,618 [INFO] ApiDb:452 - User favorites Examples=[]
2025-12-28 22:42:48,350 [ERROR] LogOutputStream:75 - [STDERR_REDIRECT] 
