:020000040800F2
:1000000000000320BD0E000801320008093200087C
:1000100011320008193200082132000800000000E7
:10002000000000000000000000000000293200086D
:100030003732000800000000453200085332000843
:10004000110F0008110F0008110F0008C532000839
:10005000110F0008110F0008110F0008110F000800
:10006000110F0008110F0008110F0008110F0008F0
:10007000110F0008110F0008110F0008110F0008E0
:10008000110F0008110F0008110F0008110F0008D0
:10009000110F0008110F0008110F0008110F0008C0
:1000A000110F0008110F0008D1320008110F0008CD
:1000B000110F0008110F0008110F0008110F0008A0
:1000C000110F0008110F0008110F0008110F000890
:1000D00061320008110F0008110F0008110F00080D
:1000E000AD320008110F0008110F0008110F0008B1
:1000F00095320008A132000875320008110F00087F
:10010000110F0008110F0008110F0008110F00084F
:10011000110F0008110F0008110F0008110F00083F
:10012000110F0008110F000881320008110F00089C
:0C013000110F0008110F0008110F00084B
:1001400010B5054C237833B9044B13B10448AFF311
:1001500000800123237010BDC002002000000000B9
:10016000F03B010808B5034B1BB103490348AFF34B
:10017000008008BD00000000C4020020F03B010820
:1001800010F8012B11F8013B012A28BF9A42F7D041
:10019000D01A7047000000000000000000000000BE
:1001A00001F0FF01102A2BDB10F0070F08D010F828
:1001B000013B013A8B422DD010F0070F42B3F6D12C
:1001C000F0B441EA012141EA014122F007047FF045
:1001D00000070023F0E80256083C85EA010586EA9C
:1001E000010685FA47F5A3FA87F586FA47F6A5FAD8
:1001F00087F68EB9EED1F0BC01F0FF0102F00702E4
:1002000032B110F8013B013A83EA010313B1F8D18E
:100210000020704701387047002D06BF354603386F
:10022000073815F0010F07D1013015F4807F02BFA8
:10023000013015F4C03F0130F0BC0138704700BFF9
:10024000034613F8012B002AFBD1181A0138704716
:1002500081F0004102E000BF83F0004330B54FEA77
:1002600041044FEA430594EA050F08BF90EA020FE4
:100270001FBF54EA000C55EA020C7FEA645C7FEA77
:10028000655C00F0E2804FEA5454D4EB5555B8BF9A
:100290006D420CDD2C4480EA020281EA030382EA0B
:1002A000000083EA010180EA020281EA0303362D9D
:1002B00088BF30BD11F0004F4FEA01314FF4801C70
:1002C0004CEA113102D0404261EB410113F0004F82
:1002D0004FEA03334CEA133302D0524263EB430339
:1002E00094EA050F00F0A780A4F10104D5F1200ED7
:1002F0000DDB02FA0EFC22FA05F2801841F1000132
:1003000003FA0EF2801843FA05F359410EE0A5F105
:1003100020050EF1200E012A03FA0EFC28BF4CF036
:10032000020C43FA05F3C01851EBE37101F00045EC
:1003300007D54FF0000EDCF1000C7EEB00006EEBF9
:100340000101B1F5801F1BD3B1F5001F0CD3490883
:100350005FEA30004FEA3C0C04F101044FEA4452DA
:1003600012F5800F80F09A80BCF1004F08BF5FEA61
:10037000500C50F1000041EB045141EA050130BD41
:100380005FEA4C0C404141EB0101013C28BFB1F553
:10039000801FE9D291F0000F04BF01460020B1FA9E
:1003A00081F308BF2033A3F10B03B3F120020CDA71
:1003B0000C3208DD02F1140CC2F10C0201FA0CF04F
:1003C00021FA02F10CE002F11402D8BFC2F1200CB4
:1003D00001FA02F120FA0CFCDCBF41EA0C0190406A
:1003E000E41AA2BF01EB0451294330BD6FEA0404B3
:1003F0001F3C1CDA0C340EDC04F11404C4F120029E
:1004000020FA04F001FA02F340EA030021FA04F3AF
:1004100045EA030130BDC4F10C04C4F1200220FA06
:1004200002F001FA04F340EA0300294630BD21FA44
:1004300004F0294630BD94F0000F83F4801306BF0A
:1004400081F480110134013D4EE77FEA645C18BFFE
:100450007FEA655C29D094EA050F08BF90EA020F95
:1004600005D054EA000C04BF1946104630BD91EA8D
:10047000030F1EBF0021002030BD5FEA545C05D190
:100480004000494128BF41F0004130BD14F58004CF
:100490003CBF01F5801130BD01F0004545F0FE4143
:1004A00041F470014FF0000030BD7FEA645C1ABF78
:1004B000194610467FEA655C1CBF0B46024650EAAF
:1004C000013406BF52EA033591EA030F41F40021DB
:1004D00030BD00BF90F0000F04BF0021704730B561
:1004E0004FF4806404F132044FF000054FF0000136
:1004F00050E700BF90F0000F04BF0021704730B5F7
:100500004FF4806404F1320410F0004548BF4042CB
:100510004FF000013EE700BF42004FEAE2014FEA20
:1005200031014FEA02701FBF12F07F4393F07F4FFB
:1005300081F06051704732F07F4208BF704793F0FE
:100540007F4F04BF41F40021704730B54FF4607411
:1005500001F0004521F000411CE700BF50EA010214
:1005600008BF704730B54FF000050AE050EA0102BD
:1005700008BF704730B511F0004502D5404261EB2D
:1005800041014FF4806404F132045FEA915C3FF46E
:10059000D8AE4FF003025FEADC0C18BF03325FEA0B
:1005A000DC0C18BF033202EBDC02C2F1200300FABC
:1005B00003FC20FA02F001FA03FE40EA0E0021FAE1
:1005C00002F11444BDE600BF70B54FF0FF0C4CF4CF
:1005D000E06C1CEA11541DBF1CEA135594EA0C0F81
:1005E00095EA0C0F00F0DEF82C4481EA030621EABC
:1005F0004C5123EA4C5350EA013518BF52EA0335F7
:1006000041F4801143F4801338D0A0FB02CE4FF0A8
:100610000005E1FB02E506F00042E0FB03E54FF0D8
:100620000006E1FB03569CF0000F18BF4EF0010ED0
:10063000A4F1FF04B6F5007F64F5407404D25FEACC
:100640004E0E6D4146EB060642EAC62141EA55517F
:100650004FEAC52040EA5E504FEACE2EB4F1FD0CC1
:1006600088BFBCF5E06F1ED8BEF1004F08BF5FEA3F
:10067000500E50F1000041EB045170BD06F00046F1
:1006800046EA010140EA020081EA0301B4EB5C049E
:10069000C2BFD4EB0C0541EA045170BD41F4801196
:1006A0004FF0000E013C00F3AB8014F1360FDEBFBB
:1006B000002001F0004170BDC4F10004203C35DA97
:1006C0000C341BDC04F11404C4F1200500FA05F31A
:1006D00020FA04F001FA05F240EA020001F00042BB
:1006E00021F0004110EBD37021FA04F642EB060131
:1006F0005EEA430E08BF20EAD37070BDC4F10C045B
:10070000C4F1200500FA04F320FA05F001FA04F21E
:1007100040EA020001F0004110EBD37041F100010A
:100720005EEA430E08BF20EAD37070BDC4F1200515
:1007300000FA05F24EEA020E20FA04F301FA05F27D
:1007400043EA020321FA04F001F0004121FA04F225
:1007500020EA020000EBD3705EEA430E08BF20EAF5
:10076000D37070BD94F0000F0FD101F0004640002F
:1007700041EB010111F4801F08BF013CF7D041EAB1
:10078000060195F0000F18BF704703F000465200B5
:1007900043EB030313F4801F08BF013DF7D043EA86
:1007A0000603704794EA0C0F0CEA135518BF95EA3C
:1007B0000C0F0CD050EA410618BF52EA4306D1D1C3
:1007C00081EA030101F000414FF0000070BD50EAE2
:1007D000410606BF1046194652EA430619D094EA6C
:1007E0000C0F02D150EA013613D195EA0C0F05D156
:1007F00052EA03361CBF104619460AD181EA0301AA
:1008000001F0004141F0FE4141F470014FF0000061
:1008100070BD41F0FE4141F4780170BD70B54FF0FC
:10082000FF0C4CF4E06C1CEA11541DBF1CEA13557C
:1008300094EA0C0F95EA0C0F00F0A7F8A4EB05045E
:1008400081EA030E52EA03354FEA013100F0888055
:100850004FEA03334FF0805545EA131343EA12631E
:100860004FEA022245EA111545EA10654FEA0026D3
:100870000EF000419D4208BF964244F1FD0404F58C
:10088000407402D25B084FEA3202B61A65EB0305E8
:100890005B084FEA32024FF480104FF4002CB6EBA5
:1008A000020E75EB030E22BFB61A754640EA0C0025
:1008B0005B084FEA3202B6EB020E75EB030E22BF65
:1008C000B61A754640EA5C005B084FEA3202B6EBA6
:1008D000020E75EB030E22BFB61A754640EA9C0065
:1008E0005B084FEA3202B6EB020E75EB030E22BF35
:1008F000B61A754640EADC0055EA060E18D04FEAF3
:10090000051545EA16754FEA06164FEAC30343EA92
:1009100052734FEAC2025FEA1C1CC0D111F4801F5F
:100920000BD141EA00014FF000004FF0004CB6E758
:1009300011F4801F04BF01430020B4F1FD0C88BFF7
:10094000BCF5E06F3FF6AFAEB5EB030C04BFB6EB02
:10095000020C5FEA500C50F1000041EB045170BDF5
:100960000EF0004E4EEA113114EB5C04C2BFD4EB22
:100970000C0541EA045170BD41F480114FF0000EA6
:10098000013C90E645EA060E8DE60CEA135594EA22
:100990000C0F08BF95EA0C0F3FF43BAF94EA0C0F25
:1009A0000AD150EA01347FF434AF95EA0C0F7FF49A
:1009B00025AF104619462CE795EA0C0F06D152EAEE
:1009C00003353FF4FDAE1046194622E750EA4106D2
:1009D00018BF52EA43067FF4C5AE50EA41047FF4E3
:1009E0000DAF52EA43057FF4EBAE12E74FF0FF3C48
:1009F00006E000BF4FF0010C02E000BF4FF0010C19
:100A00004DF804CD4FEA410C7FEA6C5C4FEA430C91
:100A100018BF7FEA6C5C1BD001B050EA410C0CBFE0
:100A200052EA430C91EA030F02BF90EA020F002042
:100A3000704710F1000F91EA030F58BF994208BFA9
:100A400090422CBFD8176FEAE37040F00100704766
:100A50004FEA410C7FEA6C5C02D150EA013C07D1BD
:100A60004FEA430C7FEA6C5CD6D152EA033CD3D008
:100A70005DF8040B704700BF8446104662468C4602
:100A80001946634600E000BF01B5FFF7B7FF002835
:100A900048BF10F1000F01BD4DF808EDFFF7F4FF5E
:100AA0000CBF012000205DF808FB00BF4DF808EDE9
:100AB000FFF7EAFF34BF012000205DF808FB00BF0C
:100AC0004DF808EDFFF7E0FF94BF012000205DF82E
:100AD00008FB00BF4DF808EDFFF7CEFF94BF0120E3
:100AE00000205DF808FB00BF4DF808EDFFF7C4FFDC
:100AF00034BF012000205DF808FB00BF4FEA410C25
:100B00007FEA6C5C02D150EA013C0AD14FEA430C07
:100B10007FEA6C5C02D152EA033C02D14FF0000044
:100B200070474FF0010070474FEA410212F5001282
:100B300015D211D56FF47873B3EB625212D94FEA24
:100B4000C12343F0004343EA505311F0004F23FA0E
:100B500002F018BF404270474FF00000704750EA63
:100B6000013005D111F0004008BF6FF00040704720
:100B70004FF00000704700BF53B94AB9002908BFC1
:100B800000281CBF4FF0FF314FF0FF3000F088B954
:100B9000ADF1080C6DE904CE00F006F8DDF804E0D4
:100BA000DDE9022304B070472DE9F047089D8E4629
:100BB00004468846002B4AD18A42174662D9B2FAC7
:100BC00082F64EB1C6F1200301FA06F820FA03F3CB
:100BD000B74043EA0808B4404FEA174E1FFA87FCB3
:100BE000B8FBFEF1230C0EFB118843EA084301FB1E
:100BF0000CF29A4209D9FB1801F1FF3080F0EA802B
:100C00009A4240F2E78002393B449A1AA3B2B2FBFF
:100C1000FEF00EFB102243EA024300FB0CFC9C4555
:100C200009D9FB1800F1FF3280F0D6809C4540F2D4
:100C3000D3803B44023840EA0140A3EB0C0300217F
:100C40001DB1F3400022C5E90032BDE8F0878B42B8
:100C500005D90DB1C5E9000100210846F5E7B3FA51
:100C600083F1002946D1734502D3824200F2058107
:100C7000841A6EEB030201209046002DE5D0C5E9F1
:100C80000048E2E7002A00F09080B2FA82F6002ED7
:100C900040F0A4808A1A030C4FEA174E80B2BCB20F
:100CA0000121B2FBFEFC0EFB1C2243EA024304FBC3
:100CB0000CF29A4207D9FB180CF1FF3802D29A4283
:100CC00000F2E080C4469B1AB3FBFEF20EFB123327
:100CD00040EA034302FB04F49C4207D9FB1802F1EB
:100CE000FF3002D29C4200F2CA8002461B1B42EA3D
:100CF0000C40A5E7C1F120068B4022FA06F71F43FE
:100D00000EFA01F420FA06F32EFA06FE4FEA17490E
:100D1000234300FA01F81FFA87FCBEFBF9F01C0C14
:100D200009FB10EE44EA0E4400FB0CFEA64502FA55
:100D300001F209D93C1900F1FF3A80F09C80A645E8
:100D400040F2998002383C44A4EB0E041FFA83FE63
:100D5000B4FBF9F309FB13444EEA044403FB0CFC17
:100D6000A44508D93C1903F1FF3E80F08280A445D8
:100D70007FD9023B3C4443EA0040A4EB0C04A0FBB7
:100D800002EC64457346E14662D35FD05DB1B8EBD7
:100D9000030264EB090404FA06F622FA01F31E4387
:100DA000CC40C5E9006400214FE7B1FBF2FC010C27
:100DB00041EA0E4180B240EA01423B4638463C4699
:100DC000B846BE462026B1FBF7F1A2EB080241EA85
:100DD0000C4166E7014618E710462CE7C6F12002F1
:100DE0002EFA02F3B740B14020FA02F24FEA174E52
:100DF0000A43B3FBFEF8BCB20EFB1833110C41EAF8
:100E0000034108FB04F9B04089454FEA104380B222
:100E10003ED9791808F1FF3C01D289451FD8A1EBD2
:100E20000901B1FBFEF909FB04F80EFB191192B29E
:100E300042EA0142424529D2BA1809F1FF31C4D22F
:100E40004245C2D2A9F102013A44BEE7F0459DD223
:100E5000BEEB02036CEB070C0138E14696E7A7EB0B
:100E600009094944A8F1020CB1FBFEF909FB04F899
:100E7000DBE773467FE7504666E70846FDE63B44FE
:100E8000023A33E7ACF1020C3B441CE749469CE7CD
:100E9000A1EB0901C446B1FBFEF909FB04F8C4E764
:100EA000704700BFD458C4500433C4188C42F9D3DF
:100EB0007047036004308842FBD370470C48854676
:100EC00005F0EEFF0B480C490C4A0023FFF7EDFF3D
:100ED0000B480C490023FFF7EEFF0B480B4900239A
:100EE000FFF7E9FF10F06CFE01F0DAFCFEE700000E
:100EF000000003200800002084020020D45B0108C9
:100F0000C0020020881E0020E4010320670A03209D
:100F1000FEE7000080B483B000AF7860064BD3F8E2
:100F2000902005497B681343C1F8903000BF0C370F
:100F3000BD465DF8047B70470008005880B485B05A
:100F400000AF78604FF0B043DA6C4FF0B0417B688F
:100F50001343CB644FF0B043DA6C7B681340FB6003
:100F6000FB6800BF1437BD465DF8047B704780B452
:100F700085B000AF78604FF0B043D3F84C214FF00C
:100F8000B0417B681343C1F84C314FF0B043D3F804
:100F90004C217B681340FB60FB6800BF1437BD46E3
:100FA0005DF8047B704780B500AF06F03FF806F0AF
:100FB00043F84FF48030FFF7ADFF0DF011FB00F068
:100FC00021F800F0C1F800BF80BD0000B0B588B0C6
:100FD00000AF0B4B3C1D1D460FCD0FC495E807001D
:100FE00003C422800234130C23700FF049F83B1D18
:100FF00018460DF09AFE00BF2037BD46B0BD00BFB9
:10100000083C010880B588B000AF3B1D00221A6083
:101010005A609A60DA601A610023BB8300237B83E5
:1010200000233B830023FB7736E0FB7F434ADB0052
:1010300013449B79002B2CD0FB7F404A52F833306D
:101040003F4A93421BD03E4A934221D8B3F1904F7E
:1010500003D03C4A934209D01AE0FB7F374ADB00B9
:1010600013449A88BB8B1343BB8312E0FB7F334A44
:10107000DB0013449A887B8B13437B8309E0FB7F5F
:101080002E4ADB0013449A883B8B13433B8300E0DA
:1010900000BFFB7F0133FB77FB7F252BC5D90023E6
:1010A000FB600123BB6003233B61BB8B002B14D08F
:1010B000BB8B7B600120FFF741FF0120FFF757FF4B
:1010C0003B1D19464FF0904006F0D8FCBB8B002228
:1010D00019464FF0904006F01FFF7B8B002B12D07B
:1010E0007B8B7B600220FFF729FF0220FFF73FFF89
:1010F0003B1D1946134806F0C1FC7B8B00221946A4
:10110000104806F009FF3B8B002B13D03B8B7B6014
:101110000420FFF713FF0420FFF729FF3B1D1946AA
:10112000074806F0ABFC3B8B00221946044806F04A
:10113000F3FE00BF00BF2037BD4680BD54510108FB
:10114000000800480004004880B400AF00BFBD465E
:101150005DF8047B704780B500AF01F08BFC00BFE9
:1011600080BD80B584B000AFF8600B467A607B81AB
:101170007A897B68F968002001F098FA00BF10377F
:10118000BD4680BD80B483B000AF7860074BD3F814
:10119000803023F0070205497B681343C1F8803093
:1011A00000BF0C37BD465DF8047B70470004005853
:1011B00080B483B000AF7860064BD3F89020054927
:1011C0007B681343C1F8903000BF0C37BD465DF813
:1011D000047B70470008005880B483B000AF78608B
:1011E0004FF0B0430A4AC3F89C204FF0B043D3F805
:1011F0009C3023F47C527B681B024FF0B0411343B8
:10120000C1F89C3000BF0C37BD465DF8047B7047C9
:10121000FECAFECA80B483B000AF78604FF0B0431E
:101220009B6823F400424FF0B0417B6813438B600E
:1012300000BF0C37BD465DF8047B704780B400AF3B
:10124000044B1B68C3F30B031846BD465DF8047BD3
:10125000704700BF002004E080B400AF044B1B685F
:101260001B0C9BB21846BD465DF8047B704700BF5F
:10127000002004E080B400AF054B1B69044A23F052
:101280000403136100BFBD465DF8047B704700BFD7
:1012900000ED00E080B483B000AF78607B68FF228F
:1012A0005A6200BF0C37BD465DF8047B704780B4BE
:1012B00083B000AF78607B68CA225A627B68532291
:1012C0005A6200BF0C37BD465DF8047B704780B49E
:1012D00083B000AF786039607B689B6823F00702B9
:1012E0003B681A437B689A6000BF0C37BD465DF8C7
:1012F000047B704780B500AF044B4FF400421A6185
:1013000000F09DF800F0A2F800BF80BD004000583A
:1013100080B500AF00F0AEF800F0C6F8204900201C
:1013200000F034FFFFF73FFE012101200FF06AFAC1
:101330000021002005F08EF91A480EF035FF00203C
:101340000EF088FF0021002005F0A8FB002005F02A
:1013500051FA002005F07AFA13480EF0C3FFFF207F
:101360000EF098FF00200EF0A9FF0021002005F0EC
:1013700095FB002005F06AFA01230C4A00210020A9
:101380000FF026F8002005F061FA00F04EF800F0AA
:10139000EDF900F065FA00F095F800BF80BD00BFE0
:1013A000D4040020E4520108AC000020243C0108D1
:1013B00080B400AF00BFBD465DF8047B704780B5C8
:1013C00000AF5020FFF7F4FE00BF80BD80B586B0AF
:1013D00000AF3B1D00221A605A609A60DA601A6101
:1013E00004F0AEFD80237B600223BB600223FB6020
:1013F00000233B6105237B613B1D19464FF0904064
:1014000006F03CFB00BF1837BD4680BD80B582B0FA
:1014100000AF786004F036FD786804F0BDFDFFF79A
:10142000D5FF00BF0837BD4680BD80B500AF04F0D2
:1014300029FD04F0BDFDFFF7C9FF00BF80BD80B4EA
:1014400000AF00BFBD465DF8047B704780B582B039
:1014500000AF00200DF0FEFA78607B68002B05D00D
:101460007B689B791846FFF7B7FE00BF00BF0837BF
:10147000BD4680BD80B500AFFFF79AFFFFF79FFF25
:1014800000F002F800BF80BD80B500AF0548FFF74F
:101490000EFF00210348FFF71AFF0248FFF7FAFE8C
:1014A00000BF80BD0028004080B500AF4FF4004071
:1014B000FFF7B0FE0FF094F90420FFF763FE00BFC2
:1014C00080BD000080B588B000AF0EF01FFC114A4F
:1014D000002110200FF048FB0F4B3B600F4B7B604F
:1014E0003B4619460E480DF0FBFC0E4BBB600E4B05
:1014F000FB600E4B3B6140F23C537B6107F10803FC
:1015000018460EF049FD0EF0FBFB00BF2037BD462C
:1015100080BD00BF19EF0008340703203115000813
:10152000491500084C09032040080320F801032056
:1015300080B483B000AF0346FB7100BF0C37BD46DB
:101540005DF8047B7047000080B588B000AF78601C
:101550007B685B680B33FB61FB691B889BB2A3F55F
:101560001243072B60D801A252F823F08D15000812
:10157000CF150008DD15000829160008F915000828
:1015800009160008111600082116000807F10C03BF
:1015900018460DF0F7FB3B7B19467B7B1A46BB7B5D
:1015A000244810F043F93B7C1946234810F03EF9DB
:1015B000BB7D1946FB7D1A463B7E204810F036F96C
:1015C0001F4810F033F9786800F070F82DE01D48DE
:1015D00010F02CF9786800F043F826E01A4810F073
:1015E00095F9FB6902331968FB6902335B681A4697
:1015F000164810F01BF918E0FB6902331B68194606
:10160000134810F013F910E0124810F00FF90CE035
:10161000FB6902331B6819460F4810F007F904E014
:101620000E4810F003F900E000BF00BF2037BD46B0
:1016300080BD00BF383C01085C3C0108783C0108D3
:10164000903C0108B03C0108D43C0108243D01084D
:101650004C3D0108883D0108AC3D0108E83D01080A
:1016600080B584B000AF78607B685B680B33FB604B
:10167000FB680233BB60BB681B781946084810F052
:10168000D5F8BB681B78002B03D1064810F03EF953
:1016900003E0054810F03AF900BF1037BD4680BDA1
:1016A0000C3E01083C3E0108783E010880B58AB036
:1016B00000AF786007F1080300221A605A609A6050
:1016C000DA6000237B6200233B627B685B680B333C
:1016D000FB61FB690233BB61BB691B78002B28D11E
:1016E0001D4810F013F9FFF771FC0F233B727F23A5
:1016F000BB72FFF7B1FD7862796A184810F096F86E
:101700007B6A9BB2BB82FFF799FD3862396A144845
:1017100010F08CF83B6A9BB2FB8207F10803184675
:101720000DF01AFB01F0A8FE002101200FF06AF86D
:101730000EE0BB691B78012B06D10A4810F076F841
:101740007B6800221A7003E0074810F06FF800BFB2
:101750002837BD4680BD00BFB03E0108CC3E010821
:10176000F03E0108103F0108443F010880B500AF7A
:101770000121002004F044FC0121012004F040FC80
:1017800000BF80BD80B584B000AF786005F02AFC52
:10179000B8607B68FB60FB68B3F1FF3F0AD005F0DF
:1017A00039FC03461A46FB681344FB6002E0FFF76E
:1017B00061FD30BF05F016FC0246BB68D31AFA681B
:1017C0009A42F4D800BF00BF1037BD4680BD80B537
:1017D00000AF4FF0FF300FF045F800BF80BD80B480
:1017E00000AF00BFBD465DF8047B704780B582B096
:1017F00000AF7860002110200FF0D8F900BF083743
:10180000BD4680BD80B582B000AF786002200FF089
:1018100039FA00BF0837BD4680BD80B582B000AF41
:10182000786002200FF04EFA00BF0837BD4680BD39
:1018300080B582B000AF0346FB80FB88B3F5805FC4
:1018400003D0B3F5005F03D005E002F0FFFA02E039
:1018500002F002FB00BF00BF0837BD4680BD00009C
:1018600080B500AF034B01220349002000F0FAFECF
:1018700000BF80BD7D180008E402002080B500AFE5
:10188000154B1B88FF2B1ED8144B1B780D2B0FD12B
:10189000134914480FF0CAFF00F028F80E4B00223D
:1018A0001A804FF4807200210D4810F031F90AE0DF
:1018B000094B1B885A1C91B2074A11801A46074BE4
:1018C0001978074B9954084B01220449002000F075
:1018D000C9FE00BF80BD00BFEC030020E402002071
:1018E000EC020020783F01087D18000880B500AFA9
:1018F00013491448FEF744FC0346002B09D1124853
:1019000010F004F8114B124A1A60104806F094F8CF
:1019100014E010490B48FEF733FC0346002B09D1B5
:101920000D480FF0F3FF094B0C4A1A60074806F008
:1019300083F803E003490A480FF078FF00BF80BD39
:10194000883F0108EC0200208C3F0108DC020020E7
:101950000C000016943F0108983F01080D00001686
:10196000A03F010880B483B000AF7860064BD3F885
:10197000802005497B681343C1F8803000BF0C37D5
:10198000BD465DF8047B70470008005880B483B002
:1019900000AF7860054B1A6804497B6813430B60FD
:1019A00000BF0C37BD465DF8047B70470008005847
:1019B00080B483B000AF0D4B9B6A9BB27B600B4B36
:1019C0009B6A9BB23B6005E03B687B60074B9B6A70
:1019D0009BB23B607A683B689A42F5D13B681846F7
:1019E0000C37BD465DF8047B704700BF00280040FF
:1019F00080B485B000AF03460A46FB711346BB7145
:101A0000BA791D4913465B001344DB000B441533C0
:101A10001B78FB73FB7B062B09D0FA7B1649134618
:101A20005B001344DB000B441433FA791A70FA7923
:101A3000114913465B001344DB000B441533FA7B5A
:101A40001A70FA790C4913465B001344DB000B440F
:101A50001433BA791A70BA79074913465B001344F4
:101A6000DB000B441533FA791A7000BF1437BD46FA
:101A70005DF8047B704700BFF003002080B485B0A0
:101A800000AF03460A46FB711346BB71294B1B7816
:101A9000DBB2BA799A4232D0BA79274913465B0051
:101AA0001344DB000B4414331B78FB73FA7B22498D
:101AB00013465B001344DB000B441533FA791A70AC
:101AC000FA791D4913465B001344DB000B441533C0
:101AD000BA791A70FA79184913465B001344DB008F
:101AE0000B441433FA7B1A70BA79134913465B001E
:101AF0001344DB000B441433FA791A7014E0FA79BA
:101B00000D4913465B001344DB000B441533BA79CF
:101B10001A70BA79084913465B001344DB000B4482
:101B20001433FA791A7000BF1437BD465DF8047B90
:101B3000704700BF80040020F003002080B584B00F
:101B400000AF0346FB714E4B1B78DBB2062B18D15E
:101B50004B4B1B78DAB24B4B1A70494AFB79137026
:101B6000FA79494913465B001344DB000B441533F3
:101B700006221A70454B4FF0FF321A600023FB819A
:101B800078E000F009F90346FB81FA793E491346F3
:101B90005B001344DB000B4408331968FB89FA79B6
:101BA0001944394813465B001344DB0003440833EF
:101BB0001960FA79344913465B001344DB000B4487
:101BC00008331B68BB602E4B1B78DBB219462E4ACC
:101BD0000B465B000B44DB00134408331B68BA68F8
:101BE0009A4237D3264B1B787B737A7B2649134660
:101BF0005B001344DB000B4415331B783B7313E08D
:101C00007A7B214913465B001344DB000B441533F8
:101C10001B787B737A7B1C4913465B001344DB0003
:101C20000B4415331B783B733B7B062B0BD03A7B65
:101C3000154913465B001344DB000B4408331B6853
:101C4000BA689A42DCD27A7BFB7911461846FFF7D4
:101C5000CFFE0FE00A4B1B78DAB2FB79114618462B
:101C6000FFF70CFF064B1B78DAB2064B1A70044ADA
:101C7000FB791370FB8918461037BD4680BD00BF45
:101C80008004002081040020F00300208404002050
:101C900080B485B000AF03460A46FB711346BB71A2
:101CA000394B1B78DBB2FA799A4211D1364B1B784B
:101CB000DAB2364B1A70FA79354913465B00134491
:101CC000DB000B4415331B78DAB22F4B1A703EE061
:101CD000FA792F4913465B001344DB000B4414339D
:101CE0001B78FB73FA792A4913465B001344DB0027
:101CF0000B4415331B78BB73F979FA7B24480B46E8
:101D00005B000B44DB00034415331B78D8B2204939
:101D100013465B001344DB000B44153302461A7074
:101D2000BB7B062B13D0F979BA7B19480B465B00B5
:101D30000B44DB00034414331B78D8B21449134618
:101D40005B001344DB000B44143302461A70FA792B
:101D50000F4913465B001344DB000B440C33012294
:101D60001A70094B1B78DBB2062B07D1BB79002B0D
:101D700004D1084B4FF0FF321A6000BF00BF143788
:101D8000BD465DF8047B704780040020810400207C
:101D9000F00300208404002080B582B000AF1A4B0D
:101DA0001B68B3F1FF3F26D0FFF702FE7860164BA9
:101DB0001B687A689A4205D8134B1A687B68D31A55
:101DC0007B600AE0114B1B881A467B68D31A3B6084
:101DD0000D4B1B683A6813447B600D4B1B781A4609
:101DE0007B6802FB03F37B600A4B1B781A467B6817
:101DF000D3407B6001E000237B607B689BB2184688
:101E00000837BD4680BD00BF840400208C0400203C
:101E10008A0400208904002080B582B000AF034608
:101E2000FB80FB88002B08D1FFF7C2FD0346214A47
:101E30001360032005F083FA39E0FB88012B03D8F7
:101E40001D4B1B78012B02D0FB88013BFB8000BFA0
:101E50001A4B1B68DB6803F00403002BF8D0174B08
:101E60001B68DB68DAB2154B1B6862F49062DA60BB
:101E7000134B4FF40022DA60032005F06EFA114B89
:101E80005B691B0C1B04FA880E4913434B61FFF777
:101E90008FFD0346074A1360084B1B689A68074B7F
:101EA0001B6842F480629A60AFF3008000BF08377D
:101EB000BD4680BD8404002089040020D404002095
:101EC000000800580028004080B584B000AF454BA2
:101ED0009B6803F48063B3F5806F07D100BF424B6A
:101EE0001B68DB6803F00403002BF8D13E4B1B6832
:101EF0009A683D4B1B6822F480629A603B4B1B78CA
:101F0000FB73FA7B3A4913465B001344DB000B4436
:101F100008331B68BB60FFF73FFF0346FB80FB886D
:101F2000BA689A4205D20023BB81324B01221A7053
:101F30004DE0FB88304A128892B213441A46BB68BF
:101F4000934206D92C4B1B88BB812A4B00221A7066
:101F50003DE0BB689AB2FB88D31ABB81254B0122B6
:101F60001A7034E0FA7B224913465B001344DB000D
:101F70000B4408331A68FB889A420AD2FA7B1C4940
:101F800013465B001344DB000B44083300221A6045
:101F900013E0FA7B164913465B001344DB000B4445
:101FA00008331968FB88FA7BC91A114813465B008D
:101FB0001344DB00034408331960FA7B0C491346D1
:101FC0005B001344DB000B4415331B78FB73FB7B76
:101FD000062BC7D1BB891846FFF71EFF00BF10377D
:101FE000BD4680BD00280040D404002080040020AD
:101FF000F0030020880400208E04002080B58AB001
:1020000000AFEFF310837B617B697B6272B600BF28
:10201000594B1B68CA225A62574B1B6853225A629B
:10202000554B1B689A68544B1B6822F480629A6077
:10203000524B1B7887F8233097F8232050491346DA
:102040005B001344DB000B440C331B78DBB2022B28
:102050006ED197F823204A4913465B001344DB00F6
:102060000B441B68FB6197F82320454913465B002E
:102070001344DB000B4410331B68BB61414B1B78DE
:10208000DBB2002B4CD097F823203D4913465B0070
:102090001344DB000B440D331B78DBB2012B24D13E
:1020A00097F8233001211846FFF7F2FD7B6A3B6168
:1020B0003B6983F3108800BF97F82320304913460B
:1020C0005B001344DB000B4404331A6897F8233099
:1020D0001146184600F032FA274B1B68CA225A6292
:1020E000254B1B6853225A6212E07B6AFB60FB6837
:1020F00083F3108800BF97F82330184600F09AF950
:102100001D4B1B68CA225A621B4B1B6853225A6222
:1021100097F82330FA691946B86900F095FA22E079
:10212000FFF7D2FE7B6ABB60BB6883F310881AE0BE
:1021300000BF114B1B68DB6803F00403002BF8D0D1
:102140000D4B1B68DB68DAB20B4B1B6862F49062C4
:10215000DA600D4B4FF40022DA607B6A7B607B68AB
:1021600083F3108800BF044B1B68FF225A6200BF34
:102170002837BD4680BD00BFD40400208004002065
:10218000F0030020880400200008005880B588B0C3
:1021900000AF03463960FB715E4B1B68CA225A626E
:1021A0005C4B1B6853225A625B4B9B685A4A43F054
:1021B00020039360584B9B68DBB203F00703DBB24C
:1021C000C3F10403DAB2554B1A70534B1B6903F485
:1021D000FE034FF4FE023A613A6992FAA2F2FA6003
:1021E000FA687A617A69002A01D1202203E07A69CB
:1021F000B2FA82F2D2B2D340DBB20133DAB2484B48
:102200001A70454B1B699BB2C3F30E039BB201339B
:102210009AB2444B1A80434B1B88013B404A1278C8
:1022200002FB03F3A3F5A0733C4A1278D340BB61D1
:10223000BB694FF6FE72934204D93B4B4FF6FF72D7
:102240001A8003E0BB699AB2374B1A804FF4002022
:10225000FFF79CFB4FF40020FFF784FBFB79002B7A
:102260003DD1324B01221A70314B4FF0FF321A60D0
:102270000023FB770CE0FA7F2E4913465B001344E2
:10228000DB000B440C3300221A70FB7F0133FB7719
:10229000FB7F052BEFD9284B06221A701D4B1B68BC
:1022A0009A681C4B1B6822F480629A60194B1B6869
:1022B000DB68DAB2174B1B6862F49062DA601F4B7E
:1022C0004FF40022DA60032005F047F8114B1B6839
:1022D0009A68104B1B6842F480429A6009E00D4BEB
:1022E0001B68DB6803F48063002B02D0032005F039
:1022F00026F8084B1B68FF225A62002203210320A4
:1023000004F0DBFF032004F0F2FF00BF2037BD46DE
:1023100080BD00BFD40400200028004089040020B4
:102320008A0400208C0400208E04002088040020F1
:1023300084040020F00300208004002000080058DE
:1023400080B48BB000AFF860B9603B601346FB719E
:10235000002387F82630EFF31083FB61FB693B62B3
:1023600072B600BF04E097F82630013387F82630B4
:1023700097F82630052B0CD897F826202C491346C1
:102380005B001344DB000B440C331B78DBB2002BE7
:10239000E9D197F82630062B38D097F82620244923
:1023A00013465B001344DB000B440C3301221A700C
:1023B0003B6ABB61BB6983F3108800BF97F8262096
:1023C0001B4913465B001344DB000B441033FA68CF
:1023D0001A6097F82620164913465B001344DB0069
:1023E0000B440D33FA791A7097F8262010491346DA
:1023F0005B001344DB000B443A681A60BB6897F833
:1024000026201A70002387F8273008E03B6A7B619A
:102410007B6983F3108800BF012387F8273097F882
:10242000273018462C37BD465DF8047B704700BF47
:10243000F003002080B586B000AF0346FB71EFF3D8
:102440001083FB60FB687B6172B600BF032004F061
:102450005CFF344B1B68CA225A62324B1B68532202
:102460005A62FA79304913465B001344DB000B448F
:102470000C331B78DBB2022B42D1FB7900211846CA
:10248000FFF706FC294B1B78FB74FB7C062B2FD136
:10249000274B9B6803F48063B3F5806F07D100BFBF
:1024A000204B1B68DB6803F00403002BF8D11D4BA5
:1024B0001B689A681B4B1B6822F480629A6000BFFD
:1024C000184B1B68DB6803F00403002BF8D0154B96
:1024D0001B68DB68DAB2134B1B6862F49062DA6047
:1024E000144B4FF40022DA60032004F036FF07E0BB
:1024F000114B1B78DBB2FA7C9A4201D0FFF7E4FC67
:10250000084B1B68FF225A62032004F0F0FE7B692F
:10251000BB60BB6883F3108800BF00BF1837BD469F
:1025200080BD00BFD4040020F00300208004002000
:1025300000280040000800588104002080B586B0C3
:1025400000AF03463960FB71FA793B4913465B00E3
:102550001344DB000B440C331B78DBB2022B03D19A
:10256000FB791846FFF766FFEFF31083FB60FB680B
:102570007B6172B600BF032004F0C7FE2F4B1B68BF
:10258000CA225A622D4B1B6853225A62FA792A4991
:1025900013465B001344DB000B440C3302221A7019
:1025A000FA79254913465B001344DB000B440833DA
:1025B0003A681A60FA79204913465B001344DB003D
:1025C0000B4404333A681A60FB791846FFF7B6FAF1
:1025D00003467B821A4B1B787B741A4B1B78DBB249
:1025E0007A7C9A4202D0FFF76FFC13E0FA79124925
:1025F00013465B001344DB000B44083319687B8AE5
:10260000FA79C91A0C4813465B001344DB000344F3
:1026100008331960094B1B68FF225A62032004F03B
:1026200066FE7B69BB60BB6883F3108800BF00BF98
:102630001837BD4680BD00BFF0030020D404002041
:10264000800400208104002080B584B000AFF860D1
:102650000B467A60FB727B68984700BF1037BD4617
:1026600080BD000080B584B000AFB9607B600346D8
:10267000FB731346BB81FB7B002B0CD1084A7B68A4
:102680001360084B084A1A60BB891A46B9680548A6
:1026900008F0F0FB00E000BF00BF1037BD4680BD72
:1026A00090040020F80400200038014080B586B076
:1026B00000AFB9607B600346FB731346BB81002308
:1026C000FB750023BB75FB7B002B0ED1174A7B6883
:1026D0001360174B174A1A60BB891A46B968144829
:1026E00008F014FC0346FB7500E000BFFB7D032BE4
:1026F00016D801A252F823F0092700080F27000876
:10270000152700081B2700080023BB7509E00123DB
:10271000BB7506E00223BB7503E00323BB7500E035
:1027200000BFBB7D18461837BD4680BD940400200D
:10273000F80400200038014080B582B000AF786016
:102740007B681B681A46094B9A4207D1084B1B68E5
:10275000002B05D0064B1B68984701E000BF00E046
:1027600000BF00BF0837BD4680BD00BF0038014034
:102770009004002080B582B000AF78607B681B6851
:102780001A46094B9A4207D1084B1B68002B05D00B
:10279000064B1B68984701E000BF00E000BF00BF88
:1027A0000837BD4680BD00BF0038014094040020BA
:1027B00080B483B000AF78604FF0B043D3F890306E
:1027C00023F018024FF0B0417B681343C1F89030FA
:1027D00000BF0C37BD465DF8047B704780B485B000
:1027E00000AF78604FF0B0439A6C4FF0B0417B6817
:1027F00013438B644FF0B0439A6C7B681340FB60CB
:10280000FB6800BF1437BD465DF8047B704780B499
:1028100085B000AF78604FF0B043DA6C4FF0B04154
:102820007B681343CB644FF0B043DA6C7B68134092
:10283000FB60FB6800BF1437BD465DF8047B704742
:1028400080B483B000AF78607B68FF225A6200BF1B
:102850000C37BD465DF8047B704780B483B000AF91
:1028600078607B68CA225A627B6853225A6200BF32
:102870000C37BD465DF8047B704780B483B000AF71
:10288000786039607B689B6823F007023B681A43D5
:102890007B689A6000BF0C37BD465DF8047B7047CB
:1028A00080B500AF04F030FBFEF724FD00F016F811
:1028B00000F070F800F08EF800F034FB00F03AF908
:1028C00000F026F900F0A2F800F0D4F800F096F835
:1028D000FEF71EFDFEF77BFFFCE7000080B59AB017
:1028E00000AF07F120034822002118460FF010F92D
:1028F0003B1D00221A605A609A60DA601A615A61C0
:102900009A6105F0E3FB1020FFF752FF204B1B6894
:1029100023F4C0631E4A43F4007313601C4B1B680E
:1029200003F4C0633B603B6807233B624FF4803392
:102930007B620123BB624FF48073FB6240233B63E5
:102940000023FB6407F12003184605F053FF0346FC
:10295000002B01D000F0EDFA6F237B600223BB60F7
:102960000023FB6000233B6100237B610023BB61EC
:102970000023FB613B1D0121184606F0AFFA034618
:10298000002B01D000F0D5FA00BF6837BD4680BDEE
:102990000004005880B594B000AF3B46502200219F
:1029A00018460FF0B5F84FF440533B604FF48043A6
:1029B0007B640223BB640023FB643B46184606F09D
:1029C000CAFE0346002B01D000F0B3FA00BF503717
:1029D000BD4680BD80B500AF064B074A1A6005486A
:1029E00005F0EEFA0346002B01D000F0A2FA00BF7A
:1029F00080BD00BF98040020000C005880B400AFD8
:102A000000BFBD465DF8047B7047000080B500AF95
:102A1000164B174A1A60154B00225A60134B0F22AF
:102A20009A60124B47F6FF72DA60104B00221A616F
:102A30000E4B00229A610D4B0022DA610B4B0022F3
:102A40005A610A4807F00EF90346002B01D000F046
:102A500070FA0748FFF701FF00210548FFF70DFF57
:102A60000348FFF7EDFE00BF80BD00BFD404002087
:102A70000028004080B500AF234B244A1A60224B47
:102A80004FF4E1325A60204B00229A601E4B002224
:102A9000DA601D4B00221A611B4B0C225A611A4B43
:102AA00000229A61184B4FF40042DA61164B002263
:102AB0001A62154B00225A62134B00229A62124886
:102AC00008F088F90346002B01D000F032FA00210B
:102AD0000D480AF0E8F90346002B01D000F029FA6E
:102AE000002109480AF01DFA0346002B01D000F02E
:102AF00020FA05480AF09EF90346002B01D000F0A9
:102B000018FA00BF80BD00BFF80400200038014063
:102B100080B500AF0420FFF761FE0220FFF75EFEE4
:102B200000220F213A2004F0C8FB3A2004F0DFFB1A
:102B300000BF80BD80B586B000AF3B1D00221A608B
:102B40005A609A60DA601A610120FFF760FE042083
:102B5000FFF75DFE0220FFF75AFE0820FFF757FE41
:102B60001020FFF754FE8020FFF751FE00220321C2
:102B7000BD4805F0D1F900224FF44071BB4805F083
:102B8000CBF900224FF48071B94805F0C5F9002255
:102B90000421B84805F0C0F925237B600323BB60FE
:102BA0000023FB603B1D19464FF0904004F066FF88
:102BB0003A237B600323BB600023FB603B1D194667
:102BC000AA4804F05BFF40F604437B600023BB602F
:102BD0000023FB603B1D1946A44804F04FFF4FF44F
:102BE00000737B600223BB600023FB6000233B611A
:102BF0000A237B613B1D19469F4804F03FFF0123D8
:102C00007B600223BB600023FB6000233B61082341
:102C10007B613B1D1946954804F030FF4FF48073EB
:102C20007B601223BB600023FB6000233B61042315
:102C30007B613B1D1946904804F020FF4FF48153FF
:102C40007B600223BB600023FB6000233B61082301
:102C50007B613B1D1946884804F010FF4FF4004388
:102C60007B600223BB600023FB6000233B610123E8
:102C70007B613B1D19464FF0904004F0FFFE4FF47E
:102C800080637B601223BB600023FB6000233B61F9
:102C900004237B613B1D19464FF0904004F0EEFE8B
:102CA0004FF4C0537B600223BB600023FB60002312
:102CB0003B610A237B613B1D19464FF0904004F0B5
:102CC000DDFE03237B600223BB600023FB60002347
:102CD0003B6105237B613B1D1946654804F0CEFE30
:102CE000C0237B600223BB600023FB6000233B61A9
:102CF00009237B613B1D19465C4804F0BFFE4FF47D
:102D000040437B600223BB600023FB6000233B61E8
:102D100005237B613B1D1946574804F0AFFE122383
:102D20007B600023BB600023FB603B1D19465148BC
:102D300004F0A4FE4FF480637B600223BB60002399
:102D4000FB6000233B6101237B613B1D19464A4820
:102D500004F094FE04237B600023BB600023FB602F
:102D60003B1D1946444804F089FE4FF440737B60D4
:102D70000223BB600023FB6000233B6103237B61D4
:102D80003B1D19464FF0904004F078FE40237B60D5
:102D90000223BB600023FB6000233B6108237B61AF
:102DA0003B1D19464FF0904004F068FE08237B60FD
:102DB0000223BB600023FB6000233B610A237B618D
:102DC0003B1D19464FF0904004F058FE03237B60F2
:102DD0000123BB600023FB6000233B613B1D1946C0
:102DE000214804F04BFE4FF440437B600223BB605C
:102DF0000023FB6000233B6101237B613B1D1946DF
:102E00001B4804F03BFE43F210037B600023BB60D1
:102E10000023FB603B1D1946154804F02FFE4FF4BC
:102E200001737B604FF48813BB600023FB603B1D84
:102E300019460F4804F022FE4FF440737B600123D3
:102E4000BB600023FB6000233B613B1D1946074824
:102E500004F014FE68237B600223BB600023FB6048
:102E600000233B610A2309E0001C004800080048D9
:102E7000000C004800100048000400487B613B1D26
:102E80001946264804F0FAFD08237B604FF48813A6
:102E9000BB600023FB603B1D1946214804F0EEFD9A
:102EA0004FF480737B600123BB600023FB60002331
:102EB0003B613B1D1946194804F0E0FD4FF44063A7
:102EC0007B600223BB600023FB6000233B6109237E
:102ED0007B613B1D1946114804F0D0FD04237B6043
:102EE0000123BB600023FB6000233B613B1D1946AF
:102EF0000B4804F0C3FD01237B600223BB60002369
:102F0000FB6000233B610E237B613B1D1946044897
:102F100004F0B4FD00BF1837BD4680BD000C00486A
:102F20000010004880B400AF00BFBD465DF8047BD0
:102F3000704780B400AF72B600BF00BFFDE780B439
:102F400083B000AF78604FF0B043D3F8903023F4F3
:102F500040724FF0B0417B681343C1F8903000BF1E
:102F60000C37BD465DF8047B704780B400AF4FF06E
:102F7000B043D3F890304FF0B04243F40043C2F86E
:102F8000903000BFBD465DF8047B704780B485B0CB
:102F900000AF78604FF0B043DA6C4FF0B0417B681F
:102FA0001343CB644FF0B043DA6C7B681340FB6093
:102FB000FB6800BF1437BD465DF8047B704780B4E2
:102FC00085B000AF78604FF0B0431A6D4FF0B0415C
:102FD0007B6813430B654FF0B0431A6D7B68134059
:102FE000FB60FB6800BF1437BD465DF8047B70478B
:102FF00080B485B000AF78604FF0B0439A6D4FF069
:10300000B0417B6813438B654FF0B0439A6D7B688A
:103010001340FB60FB6800BF1437BD465DF8047BBE
:10302000704780B485B000AF78604FF0B0431A6E3F
:103030004FF0B0417B6813430B664FF0B0431A6EFC
:103040007B681340FB60FB6800BF1437BD465DF82A
:10305000047B704780B500AF4FF40020FFF7AFFF4F
:10306000002200212E2004F028F92E2004F03FF940
:1030700000BF80BD80B582B000AF78607B681B6800
:10308000054A934203D14FF48010FFF798FF00BF29
:103090000837BD4680BD00BF000C005880B596B013
:1030A00000AF786007F108035022002118460EF0A7
:1030B0002FFD7B681B68144A934220D105F006F867
:1030C00005F004F84FF48070FFF739FF4FF4006308
:1030D000BB604FF48073BB6407F10803184606F029
:1030E0003AFB0346002B01D0FFF723FFFFF73DFF1C
:1030F0004FF48060FFF77CFF786806F0BFFE00BFEA
:103100005837BD4680BD00BF0028004080B59CB048
:1031100000AF786007F15C0300221A605A609A6081
:10312000DA601A6107F10C035022002118460EF0F4
:10313000EFFC7B681B682E4A934255D10123FB604C
:1031400000237B6207F10C03184606F004FB0346DC
:10315000002B01D0FFF7EDFE4FF48040FFF761FF39
:103160000220FFF713FFC023FB6502233B66012308
:103170007B660323BB660723FB6607F15C031946E6
:103180001C4804F07BFC1C4B1C4A1A601A4B0F2293
:103190005A60194B10229A60174B0022DA60164BC6
:1031A00080221A61144B00225A61134B00229A614B
:1031B000114B0022DA61104B00221A620E4804F013
:1031C000DBF80346002B01D0FFF7B3FE7B680A4A09
:1031D000DA67094A7B68936200220021242004F008
:1031E0006CF8242004F083F800BF7037BD4680BD22
:1031F00000380140000400488C05002044040240CF
:1032000080B400AF00BFFDE780B400AF00BFFDE7B2
:1032100080B400AF00BFFDE780B400AF00BFFDE7A2
:1032200080B400AF00BFFDE780B400AF00BFBD4673
:103230005DF8047B704780B400AF00BFBD465DF809
:10324000047B704780B400AF00BFBD465DF8047BCF
:10325000704780B500AF03F0B1FE00BF80BD000035
:1032600080B500AF024807F0D1FE00BF80BD00BFAF
:10327000F804002080B500AF04F07EFE00BF80BDE2
:1032800080B500AF024804F058FA00BF80BD00BF0F
:103290008C05002080B500AF01F0F8FB00BF80BDB9
:1032A00080B500AF01F028FC00BF80BD80B500AF45
:1032B0004FF4805004F048FE4FF4005004F044FEF8
:1032C00000BF80BD80B500AFFEF798FE00BF80BD97
:1032D00080B500AF02F07EFE00BF80BD80B400AFBD
:1032E00001231846BD465DF8047B704780B582B067
:1032F00000AF786039600EF05DFC034616221A605C
:103300004FF0FF3318460837BD4680BD80B582B008
:1033100000AF78604FF0FF317868FFF7E7FF00BF3C
:10332000FDE780B586B000AFF860B9607A60002331
:103330007B610AE0AFF300800146BB685A1CBA60AB
:10334000CAB21A707B6901337B617A697B689A42E1
:10335000F0DB7B6818461837BD4680BD80B483B06B
:1033600000AF78604FF0FF3318460C37BD465DF86C
:10337000047B704780B483B000AF786039603B68ED
:103380004FF400525A60002318460C37BD465DF8D2
:10339000047B704780B483B000AF78600123184687
:1033A0000C37BD465DF8047B704780B485B000AF34
:1033B000F860B9607A60002318461437BD465DF89E
:1033C000047B704780B586B000AF7860144A154B17
:1033D000D31A7B617B693B61134B1B68002B02D1C5
:1033E000114B124A1A60104B1A687B6813443A69F1
:1033F0009A4207D20EF0DEFB03460C221A604FF011
:10340000FF3309E0084B1B68FB60074B1A687B68B9
:103410001344054A1360FB6818461837BD4680BD43
:103420000000032000100000EC050020881E002092
:1034300080B400AF034B1B681846BD465DF8047BA3
:10344000704700BF8075FF1F80B400AF034B1B683F
:10345000DBB21846BD465DF8047B70478475FF1FDC
:1034600080B400AF034B1B681B0A1846BD465DF8CD
:10347000047B70478475FF1FF0B5B3B004AF92238F
:1034800087F8B33007F19803C7F8AC300023C7F8CA
:10349000B4303B464322002118460EF039FB44234A
:1034A000BB820823FB824FF4A8633B830223BB76D5
:1034B0000123FB7612233B7729237B779C23FB8315
:1034C0004FF4FA733B84022387F823304FF0FF3325
:1034D0007B624FF4A4733B85012387F82A302023B5
:1034E00087F82D30D82387F82E30062387F82F3021
:1034F000032387F8313040F272637B860D2387F80F
:103500003830042387F83A3000F0AEFC0121022065
:103510000DF078F9AD4A002104200DF025FB3B4663
:1035200018460BF0EBFB034687F8AB3097F8AB304F
:10353000002B08D097F8AB301946A5480EF076F965
:10354000FFF7F7FC02E0A3480EF070F900F0A2FCD0
:103550000CF030FBA04B002283F874209E4B4FF6FA
:10356000FF729A819D4A002101200DF0FDFA9C4ACC
:10357000002102200DF0F8FA06200AF0E7FD0346CC
:1035800087F8B33097F8B330002B06D097F8B330F4
:10359000194694480EF04AF902E093480EF046F9B5
:1035A000924B00221A70924B01221A7001F0EAF835
:1035B000904B002290490020FEF7C2FE8F4B002264
:1035C0008F490020FEF7BCFE834B0022DA73824B4A
:1035D00000229A738B4B80221A808B4BA0221A8078
:1035E000012000F0F9FDD7F8AC000BF0CBFB03464F
:1035F000002B40F0928000F09BFEC7F8B400D7F893
:10360000B43005331B781D46D7F8B43004331B782B
:103610001E46D7F8B43003331B781A46D7F8B430B7
:1036200002331B781946D7F8B43001331B781C4697
:10363000D7F8B4301B7807F184000393029401910A
:10364000009233462A4671490EF068F9D7F8AC303B
:103650001B781A46D7F8AC305B781946D7F8AC30EF
:103660009B7807F16C0000930B4669490EF056F900
:10367000D7F8AC30DB781A46D7F8AC301B7907F1B5
:10368000580064490EF04AF9D7F8AC309B7A1A46D4
:10369000D7F8AC30DB7A1946D7F8AC301B7B07F192
:1036A000440000930B465C490EF038F900210020DD
:1036B00003F0F4F9002003F0C9F807F184020323B2
:1036C000002100200CF084FE0CF020FE0346DB8875
:1036D000194607F16C02032300200CF079FE0CF070
:1036E00015FE0346DB885B00194607F158020323E9
:1036F00000200CF06DFE0CF009FE0346DB881A4634
:1037000013465B001344194607F1440203230020CB
:103710000CF05EFE002003F099F84FF47A60FEF79B
:1037200031F8D7F8B43005331B781D46D7F8B430DC
:1037300004331B781E46D7F8B43003331B781A467F
:10374000D7F8B43002331B781946D7F8B4300133B8
:103750001B781C46D7F8B4301B7807F1840003931C
:1037600002940191009233462A4628490EF0D6F879
:103770000021002003F092F9002003F067F80123F4
:10378000264A002100200CF023FE0CF0BFFD03466A
:10379000DB88194607F18402032300200CF018FE91
:1037A0000CF0B4FD0346DB881A4613465B00134455
:1037B000194603231A4A00200CF00AFE002003F0E9
:1037C00045F800BFBC37BD46F0BD00BF15E7000897
:1037D000C03F0108F83F0108F8050020B943000880
:1037E0004545000820400108644001087806002093
:1037F00079060020114400086D06002021440008CD
:103800006E06002070060020720600209C40010811
:10381000BC400108D0400108E4400108F440010820
:1038200008410108F0B599B004AF7860922387F899
:103830004F307B680133BB64BB6C1B78FF2B00F0FF
:10384000D881FF2B00F3C482052B02D03E2B7BD006
:10385000BEE2BB6C02337B627B6AB3F801309AB282
:10386000A64B9B899A4214D1A44B00229A81A34B68
:10387000002283F87420A2480EF048F87B6AB3F85F
:1038800001309BB219467B6ADB781A469D480DF0E1
:10389000CDFF012000F0A0FC9B4B01221A70974B3A
:1038A0009A89994B5A80984800F058FF00F040FDE3
:1038B000B862BB6A05331B781D46BB6A04331B78AC
:1038C0001E46BB6A03331B781A46BB6A02331B7859
:1038D0001946BB6A01331B781C46BB6A1B7807F18B
:1038E0000C00039302940191009233462A468749C3
:1038F0000EF014F80021002003F0D0F8002002F0B0
:10390000A5FF0123824A002100200CF061FD0CF08C
:10391000FDFC0346DB88194607F10C020323002057
:103920000CF056FD0CF0F2FC0346DB881A461346F9
:103930005B00134419460323764A00200CF048FD2F
:10394000002002F083FF46E2BB6C0233BB63BB6B1B
:103950001B780C2B33D00C2B00F34981012B72D038
:10396000032B40F04481BB6B01333B636A480DF08D
:10397000CDFF3B6BB3F803309BB21846FCF7BAFDA2
:103980004FF00002654BFCF71FFE02460B46104647
:1039900019463B6BB3F805309BB21C463B6BB3F842
:1039A00007309BB21A4613469B0013445B000193F9
:1039B000009402460B465A480DF038FF18E1BB6BE5
:1039C00001337B6357480DF031FF7B6B1B78002B75
:1039D00003D155480DF09AFF02E054480DF096FFD0
:1039E000464B9B8907F1220207F1230118460AF092
:1039F00025FC034687F84F3097F84F30002B03D053
:103A00004B480DF013FFF3E04A480DF07FFF97F8A5
:103A10002330022B0DD197F82230022B09D197F8D1
:103A20002330194697F822301A4643480DF0FEFE1F
:103A3000DEE097F82330194697F822301A463E48C0
:103A40000DF0F4FED4E0BB6B0133FB622B4B93F81B
:103A500075301846FEF7EEFCFB6AB3F801309BB2F6
:103A6000194636480DF0E2FEFB6A9B7A1846FB6A5F
:103A70005B7A1C46FB6A1B7A1D46FB6ADB791A4699
:103A8000FB6A9B791946FB6A5B790293019100926C
:103A90002B46224601462A480DF0C8FEFB6AB3F8C1
:103AA0000B309BB21846FCF725FD4FF000021B4B74
:103AB000FCF78AFD02460B4610461946FB6AB3F82E
:103AC0000D309BB21C46FB6AB3F80F309BB21A460E
:103AD00013469B0013445B000193009402460B467F
:103AE0000F480DF0A3FE054B93F87430042B29D139
:103AF000024B062283F8742028E000BFF80500205E
:103B00001441010840410108740600209C4001084E
:103B1000F4400108084101087C4101080000F43F1D
:103B2000B04101081C4201084C42010858420108FA
:103B30006442010884420108A4420108C842010805
:103B400010430108A64B052283F87420FB6AB3F8E2
:103B500001309AB2A24B9A81A24B00221A70A04B5C
:103B60009A89A04B5A809F4800F0F8FD00F0E0FBD6
:103B7000B862BB6A05331B781D46BB6A04331B78E9
:103B80001E46BB6A03331B781A46BB6A02331B7896
:103B90001946BB6A01331B781C46BB6A1B7807F1C8
:103BA0000C00039302940191009233462A468E49F9
:103BB0000DF0B4FE0CF0AAFB0346DB88194607F1B2
:103BC0000C02032300200CF003FC0CF09FFB0346C7
:103BD000DB881A4613465B00134419460323834AC5
:103BE00000200CF0F5FB002002F030FE00E000BFEA
:103BF000F1E0BB6C02337B647B6C1B889BB241F6AB
:103C00000402934200F0D28041F60402934200F392
:103C1000E18040F60E42934200F0D08040F60E4222
:103C2000934200F3D78040F20A42934222DCB3F57C
:103C3000806FC0F2CF80A3F580630A2B00F2CA80A8
:103C400001A252F823F000BF7F3C0008673D000846
:103C5000873C0008C53C0008D53D0008CD3C000865
:103C6000D53D0008A53D0008013D0008113D0008B4
:103C7000093D0008B3F5006F00F09080AAE05C48B1
:103C80000DF044FEA3E05B480DF040FE5A4B3B6450
:103C90005A4B3B64524B9B89396C184609F004FC23
:103CA000034687F84F3097F84F30002B06D097F82F
:103CB0004F30194652480DF0B9FD88E051480DF0DB
:103CC00025FE84E050480DF021FE80E04F480DF0C5
:103CD0001DFE434B9B89184609F090FD034687F86B
:103CE0004F3097F84F30002B06D097F84F301946D9
:103CF00047480DF09BFD6AE046480DF007FE66E080
:103D000045480DF003FE62E044480DF0FFFD5EE023
:103D100043480DF0FBFD7B6C0233D3F802301946AB
:103D200040480DF083FD7B6C0233D3F80230194616
:103D30003D480DF07BFD2A4B9B890121184609F077
:103D4000B1FD034687F84F3097F84F30002B06D06F
:103D500097F84F30194635480DF068FD37E0344884
:103D60000DF0D4FD33E07B6C0233FB6331480DF082
:103D7000CDFDFB6B9B78002B03D12F480DF0C6FDCA
:103D800008E0FB6B9B781946FB6BDB781A462B48E7
:103D90000DF04CFD0A200DF05BFD18E0284B0122D0
:103DA0001A7014E027480DF041FD10E00C4B93F819
:103DB00076300A211846FEF7C1FB08E022480DF0D4
:103DC00035FD074B9B8918460AF07FF800BF01E0DC
:103DD00000BF00E000BF012318465437BD46F0BDC8
:103DE000F8050020740600209C400108604301088B
:103DF0006C4301089C43010807B2010040E2010046
:103E0000C4430108F8430108204401084C44010858
:103E100070440108A0440108C8440108F4440108A2
:103E20002445010858450108744501088C450108DE
:103E3000DC4501082446010850460108684601088F
:103E400079060020A4460108CC46010880B500AFE1
:103E500000F0BEFC00BF80BD80B500AF0021022095
:103E60000CF0A4FE00BF80BD80B582B000AF064B51
:103E70003B60064B7B603B46194605480AF02EFC2A
:103E800000BF0837BD4680BD28000320ED4500086F
:103E9000B5450008B0B58CB006AF00233B80922337
:103EA000FB75AF480DF032FD0AF0A4F90346FB752F
:103EB000FB7D002B05D0FB7D1946AA480DF0B6FC12
:103EC00002E0A9480DF022FD00F032FA38613A69AB
:103ED000062100200AF04EF80346FB75FB7D002BFF
:103EE00005D0FB7D1946A1480DF0A0FC21E0A048BB
:103EF0000DF00CFD3B6905331B7818463B69043314
:103F00001B781C463B6903331B781D463B69023313
:103F10001B781A463B6901331B7819463B691B78AD
:103F20000293019100922B462246014691480DF0E2
:103F30007DFC3B6905331A788F4B1A723B69043359
:103F40001A788D4B5A723B6903331A788A4B9A72EE
:103F50003B6902331A78884BDA723B6901331A786D
:103F6000854B1A733B691A78834B5A73834A102125
:103F7000182009F0FFFF0346FB75FB7D002B05D0E1
:103F8000FB7D19467E480DF051FC02E07D480DF0A6
:103F9000BDFC7D4A1021082009F0ECFF0346FB75AB
:103FA000FB7D002B05D0FB7D194678480DF03EFCCB
:103FB00002E077480DF0AAFC182101200AF05FF812
:103FC0000346FB75FB7D002B05D0FB7D1946714830
:103FD0000DF02CFC02E070480DF098FC09F0C9FCD3
:103FE0000346FB75FB7D002B05D0FB7D19466B4816
:103FF0000DF01CFC02E06A480DF088FC0023FB7306
:10400000FB7B43F00103FB73FB7B002B2BD0654B49
:10401000BB60BA1DF87BBB1C01933B1D009313468C
:104020000722002109F0A7FA0346FB75FB7D002B50
:1040300005D0FB7D19465C480DF0F8FB02E05B48BB
:104040000DF064FCFC88BD88B868FCF7F9F80346FD
:10405000DAB2BB680093134600222946204609F0D5
:104060008BFE0346FB75F88879883B460093022354
:10407000002209F081FE0346FB7502220221002086
:104080000AF05AF90346FB75FB7D002B05D0FB7D3A
:10409000194647480DF0CAFB02E046480DF036FCD1
:1040A000454B01221A70444B1B78184609F0E4F87E
:1040B0000346FB75FB7D002B05D0FB7D19463F4871
:1040C0000DF0B4FB02E03E480DF020FC3A4B01221B
:1040D0005A70394B0822DA70374B10221A71364B5E
:1040E00001229A70344B9878334B5978324BDB78F5
:1040F000314A127900240494002403940124029488
:10410000019200930023012209F00AF90346FB758E
:10411000FB7D002B05D0FB7D19462A480DF086FB60
:1041200002E029480DF0F2FB234B9B78002B0FD0C7
:1041300009F040FB0346FB75FB7D002B05D0FB7DA2
:10414000194622480DF072FB02E021480DF0DEFB1B
:1041500020480DF06BFB00BF1837BD46B0BD00BF57
:10416000F44601082047010850470108704701083C
:10417000D447010828480108100000208C5201088B
:1041800064480108BC4801089C5201080449010820
:104190005C490108A4490108E4490108144A0108DE
:1041A000484A01086C4A0108744A0108A44A0108F7
:1041B000C44A0108004B0108F80500202C4B0108F7
:1041C0006C4B01089C4B0108E84B0108244C01088A
:1041D000644C0108944C010880B58CB008AF0346CC
:1041E000FB719223FB72FB79012B06D1414B1B889B
:1041F000FB81414B1B88BB8105E04FF4C863FB8109
:104200004FF47A63BB813D4B93F875301846FEF747
:1042100011F9FB79022B19D1384B93F87430012B2B
:1042200004D0364B93F87430022B0FD108F006FF00
:104230000346FB72FB7A002B05D0FB7A1946304807
:104240000DF0F4FA02E02F480DF060FB2B4AFB79E9
:1042500082F87430294B9B7BBA89F989002006903B
:1042600000200590284804900393284B02930823CC
:104270000193002300930023002008F003FF03466E
:10428000FB72FB7A002B05D0FB7A194620480DF013
:10429000CDFA02E01F480DF039FB1F490E2009F04E
:1042A00017FA0346FB72FB7A002B0ED0FB79012B29
:1042B00005D1FB7A194619480DF0B8FA17E0FB7AD8
:1042C000194617480DF0B2FA11E0FB79012B0AD11B
:1042D00014480DF0ABFA094B93F8753012491846A3
:1042E000FEF72CF903E011480DF0A0FA00BF1037DB
:1042F000BD4680BD7006002072060020F805002033
:10430000C04C01080C4D010807060020AC52010802
:10431000544D01088C4D010810000020B44D0108D7
:10432000E84D0108204E010846E00100484E010812
:1043300080B586B000AFFFF77BF838613B69B3F119
:10434000FF3F23D0FFF78CF8B860FFF77DF8786067
:104350003B69DAB2164B1A703B691B0ADAB2144B8E
:104360005A707B68DAB2124B9A70BB68DAB2104BA3
:10437000DA70BB681B0ADAB20D4B1A71BB681B0CF2
:10438000DAB20B4B5A710A4B7B610BE000200AF04A
:1043900061FBF860FB68002B02D0FB687B6101E0E9
:1043A000044B7B617B6918461837BD4680BD00BF52
:1043B000F00500208452010880B582B000AF104B98
:1043C00093F87430052B17D09223FB7108F036FE5A
:1043D0000346FB710A4B002283F87420FB79002B03
:1043E00003D008480DF022FA06E007480DF01EFA47
:1043F00006480DF01BFA00BF00BF0837BD4680BD60
:10440000F8050020784E01089C4E0108A44E0108D2
:1044100080B500AF002101200CF0C8FB00BF80BDBB
:1044200080B400AF00BFBD465DF8047B704700005C
:1044300090B589B002AF0346FB803A4B1B78012B45
:1044400048D1384B00221A70374B1B780133002BB0
:1044500003F00103B8BF5B42DAB2334B1A70324B40
:104460001B78324A9B00134493ED007AF7EE046AFE
:10447000C7EE267AFDEEE77A17EE903AFB822A4BDA
:104480001B782A4A9B00134493ED007AF7EE046AE6
:10449000C7EE267AFDEEE77A17EE903ABB8200234C
:1044A0007B824FF4FA733B82214B98897C8ABA8ACB
:1044B000F98A3B8A0093234609F0BBFF0346FB734E
:1044C000FB7B002B03D01B480DF0B0F902E01A482B
:1044D0000DF0ACF9144B1B78002B0ED10BF016FF2E
:1044E0000346DB881A4613465B0013441946032330
:1044F000124A00200BF06CFF0DE00BF007FF0346A3
:10450000DB881A4613465B001344194603230C4A02
:1045100000200BF05DFF002002F098F900BF1C376F
:10452000BD4690BD790600207806002008000020D6
:10453000F8050020C04E0108E84E0108184F010898
:104540002C4F010880B500AF084B93F87430012B55
:104550000AD0064B93F87430002B05D0034B9B898F
:104560001846FFF765FF00BF00BF80BDF8050020BB
:1045700080B582B000AF7860002104200CF016FBFB
:1045800000BF0837BD4680BD80B582B000AF7860FF
:1045900001200CF077FB00BF0837BD4680BD80B519
:1045A00082B000AF786001200CF08CFB00BF0837B0
:1045B000BD4680BD80B584B000AF78607B68FB608D
:1045C000FB685B68083318460BF046FB0346FB723A
:1045D000FB7A002B03D0FB6801221A7003E0FB6812
:1045E00000221A7000BF1037BD4680BD80B584B070
:1045F00000AF0346FB71FB79002B02D0012B06D0E4
:104600000BE00F23FB60F8680CF0FCFA05E00F23C9
:10461000FB60F8680CF016FB00BF00BF1037BD460A
:1046200080BD000080B584B000AF78607B681B78E7
:10463000032B1AD0032B79DC002B02D0012B0AD0DC
:1046400074E03E4B01221A703D480DF05FF93D4881
:104650000DF0ECF86DE0394B00221A703A480DF07D
:1046600055F938480DF0E2F863E07B685B681B7829
:10467000002B2AD17B685B6801331B78012B13D197
:1046800000233B7300237B732223BB7307F10C03CE
:104690001846FCF7BBFE2D480DF038F929480DF0FF
:1046A000C5F8264B01229A707B685B6801331B7842
:1046B000002B0AD1FCF7B9FE25480DF027F9214857
:1046C0000DF0B4F81D4B00229A707B685B681B7874
:1046D000012B2DD17B685B6801331B78012B13D133
:1046E00000233B7300237B732223BB7307F10C036E
:1046F0001846FCF78BFE17480DF008F911480DF02D
:1047000095F80E4B01229A707B685B6801331B7829
:10471000002B0DD1FCF789FE0F480DF0F7F8094882
:104720000DF084F8054B00229A7001E000BF00E014
:1047300000BF00BF1037BD4680BD00BF7C06002013
:10474000404F0108744F0108784F0108AC4F010831
:10475000D44F0108FC4F01082450010880B582B0F5
:1047600000AF78607B681B78002B05D0012B00D050
:1047700003E000F019F800E000BF00BF0837BD46B5
:1047800080BD000080B500AF054A002108200CF074
:10479000EBF9044B00221A7000F006F800BF80BD50
:1047A000E14700087C06002080B500AFFCF73DFE25
:1047B000064B01225A70054B00229A70034B0122CE
:1047C000DA70024B00221A7100BF80BD7C06002007
:1047D00080B500AF002108200CF0E8F900BF80BDD3
:1047E00080B500AF1D4B1B79002B11D11B4B012253
:1047F0001A710BF08BFD0346DB885B00194603231F
:10480000174A00200BF0E4FD002002F01FF810E032
:10481000124B00221A710BF079FD0346DB885B0016
:10482000194603230F4A00200BF0D2FD002002F0AE
:104830000DF80A4B1B78002B0BD00B480CF0F6FF41
:104840000A480CF0F3FF0A494FF642600AF034FAC6
:1048500003E008480CF0EAFF00BF80BD7C060020A2
:104860004C5001086050010874500108744F010851
:104870007F060020B450010880B400AF054BDB6810
:10488000044A43F40043D36000BFBD465DF8047B97
:10489000704700BF0004005880B483B000AF786058
:1048A000064BD3F8D42005497B681343C1F8D430B4
:1048B00000BF0C37BD465DF8047B70470008005808
:1048C00080B483B000AF7860054B1A6A04497B68F6
:1048D00013430B6200BF0C37BD465DF8047B704785
:1048E0000008005880B485B000AF78604FF0B04346
:1048F0001A6D4FF0B0417B6813430B654FF0B04326
:104900001A6D7B681340FB60FB6800BF1437BD461F
:104910005DF8047B704780B485B000AF78604FF0DD
:10492000B043D3F850214FF0B0417B681343C1F836
:1049300050314FF0B043D3F850217B681340FB60F7
:10494000FB6800BF1437BD465DF8047B704780B438
:1049500083B000AF78607B681B6843F480327B686B
:104960001A6000BF0C37BD465DF8047B704780B409
:1049700083B000AF78607B681B6843F001027B68FE
:104980001A6000BF0C37BD465DF8047B704780B4E9
:1049900083B000AF786039607B685A683B681B045D
:1049A000DB431A407B685A6000BF0C37BD465DF898
:1049B000047B704780B483B000AF786039607B6857
:1049C0005A683B681B041A437B685A6000BF0C3767
:1049D000BD465DF8047B704780B483B000AF78605B
:1049E00039607B685A683B68DB431A407B685A60D1
:1049F00000BF0C37BD465DF8047B704780B483B0C0
:104A000000AF786039607B683A689A6000BF0C3705
:104A1000BD465DF8047B704780B483B000AF78601A
:104A200039603B681A047B689A6000BF0C37BD464A
:104A30005DF8047B704780B483B000AF7860396064
:104A40007B68DA683B6813403A689A4201D10123D7
:104A500000E0002318460C37BD465DF8047B704724
:104A600080B483B000AF786039607B68DA693B68F6
:104A700013403A689A4201D1012300E0002318460E
:104A80000C37BD465DF8047B7047000080B500AF71
:104A900002211848FFF7E4FF0346002B08D0154B0E
:104AA0005B6803F00203002B02D100F025F91EE041
:104AB00001211048FFF7D4FF0346002B08D00D4B0F
:104AC0005B6803F00103002B02D100F099F80EE0BF
:104AD00008210848FFF7C4FF0346002B08D0054B08
:104AE0005B6803F00803002B02D100F07DF900BFE2
:104AF00000BF80BD000C005880B500AF02211848EF
:104B0000FFF799FF0346002B08D1154B5B6803F4B0
:104B10000033002B02D100F0D3F81EE0082110482A
:104B2000FFF789FF0346002B08D10D4B5B6803F4A8
:104B30000023002B02D100F019F90EE020210848D3
:104B4000FFF779FF0346002B08D1054B5B6803F4A0
:104B50000013002B02D100F05FF800BF00BF80BD42
:104B6000000C005880B500AF4FF48010FFF7D3FE63
:104B70004FF40070FFF7A4FE4FF40070FFF78CFEB7
:104B800040BF20BFFFF778FE00BF80BD80B500AFFB
:104B90004FF48010FFF7A6FE0648FFF7E8FE054831
:104BA000FFF7D5FE2C2002F0A2FB2D2002F09FFB88
:104BB00000BF80BD000C005880B584B000AFEFF39B
:104BC00010837B607B68FB6072B600BF01210648E2
:104BD000FFF702FFFB68BB60BB6883F3108800BF70
:104BE00000BF1037BD4680BD000C005880B500AF37
:104BF00001210248FFF710FF00BF80BD000C0058E4
:104C000080B500AF0BF00CF901210248FFF7F6FE6A
:104C100000BF80BD000C005880B584B000AFEFF33A
:104C200010837B607B68FB6072B600BF2021074861
:104C3000FFF7C0FEFB68BB60BB6883F3108800BF52
:104C40000BF01EF900BF1037BD4680BD000C0058A8
:104C500080B584B000AFEFF310837B607B68FB60AE
:104C600072B600BF02210648FFF7B6FEFB68BB60C4
:104C7000BB6883F3108800BF00BF1037BD4680BDFE
:104C8000000C005880B584B000AF02210B48FFF73C
:104C9000C3FEEFF310837B607B68FB6072B600BFDE
:104CA00002210648FFF773FEFB68BB60BB6883F315
:104CB000108800BF00BF1037BD4680BD000C0058F3
:104CC00080B584B000AFEFF310837B607B68FB603E
:104CD00072B600BF02210748FFF76CFEFB68BB609D
:104CE000BB6883F3108800BF0BF01EF900BF1037BC
:104CF000BD4680BD000C005880B500AF0BF02AF90E
:104D000002210248FFF77AFE00BF80BD000C005868
:104D100080B586B000AF786008211248FFF78BFE9F
:104D20000346002B13D0104A7B681360EFF3108307
:104D3000FB60FB687B6172B600BF08210948FFF782
:104D400026FE7B693B613B6983F3108805E07B6845
:104D5000984708210348FFF75FFE00BF1837BD469C
:104D600080BD00BF000C00588406002080B584B0D0
:104D700000AFEFF310837B607B68FB6072B600BF0F
:104D800008210A48FFF716FEFB68BB60BB6883F387
:104D9000108800BF064B1B68984708210348FFF79F
:104DA0003BFE00BF1037BD4680BD00BF000C005861
:104DB0008406002080B584B000AFEFF310837B60E1
:104DC0007B68FB6072B600BF08210648FFF704FE4F
:104DD000FB68BB60BB6883F3108800BF00BF10375F
:104DE000BD4680BD000C005880B500AF0BF05AF9ED
:104DF00008210248FFF702FE00BF80BD000C0058EA
:104E000080B584B000AF786039607B68002B03D137
:104E10004FF0FF33FB601CE03B681A687B681A6048
:104E20003B685A687B685A603B689A687B689A60FE
:104E30003B68DA687B68DA603B681A697B681A61EC
:104E40007B680C4A9A617B680B4A5A617B687A6876
:104E5000DA617B681B68002B04D07B681B6898476D
:104E6000F86002E04FF0FF33FB60FB681846103734
:104E7000BD4680BD055D0008335D000880B586B085
:104E800000AFF860B9607A6000237B61FB68002B9B
:104E900002D07B68002B03D04FF0FF337B61ABE087
:104EA000FB6893F82030002B40F0A380FB680122C0
:104EB00083F82020FB687A685A626421F86800F061
:104EC0006BFF8023FB74FB6803F1140007F11302EE
:104ED0000123012100F07AFF02467B6913447B61C4
:104EE0008D23FB74FB6803F1140007F11302012307
:104EF000012100F06BFF02467B6913447B611423A0
:104F0000FB74FB6803F1140007F113020123012174
:104F100000F05CFF02467B6913447B612023FB7435
:104F2000FB6803F1140007F113020123012100F0D3
:104F30004DFF02467B6913447B610023FB74FB68D1
:104F400003F1140007F113020123012100F03EFFD9
:104F500002467B6913447B614023FB74FB6803F1C9
:104F6000140007F113020123012100F02FFF024674
:104F70007B6913447B61C823FB74FB6803F1140055
:104F800007F113020123012100F020FF02467B6993
:104F900013447B61A123FB74FB6803F1140007F148
:104FA00013020123012100F011FF02467B69134423
:104FB0007B61AF23FB74FB6803F1140007F113025C
:104FC0000123012100F002FF02467B6913447B614B
:104FD000002000F0C5FEFB6803F114004FF480636D
:104FE0000B4A012100F0F2FE02467B6913447B610B
:104FF00002E04FF0FF337B617B69002B02D04FF062
:10500000FF337B617B6918461837BD4680BD00BF02
:105010009006002080B584B000AF78600023FB606C
:105020007B6893F82030002B0AD0786800F05EF897
:105030000246FB681344FB607B68002283F8202053
:10504000FB68002B02D04FF0FF33FB60FB68184673
:105050001037BD4680BD80B483B000AF7860396042
:105060004FF0FF3318460C37BD465DF8047B7047A0
:1050700080B584B000AF78600023FB608D23FB72A5
:105080007B6803F1140007F10B020123012100F0FA
:105090009DFE0246FB681344FB601423FB727B6891
:1050A00003F1140007F10B020123012100F08EFE31
:1050B0000246FB681344FB60AF23FB727B6803F17D
:1050C000140007F10B020123012100F07FFE0246CC
:1050D000FB681344FB60FB68002B02D04FF0FF33EA
:1050E000FB60FB6818461037BD4680BD80B584B0B4
:1050F00000AF78600023FB608D23FB727B6803F1B7
:10510000140007F10B020123012100F05FFE0246AB
:10511000FB681344FB601023FB727B6803F11400EF
:1051200007F10B020123012100F050FE0246FB684B
:105130001344FB60AE23FB727B6803F1140007F19C
:105140000B020123012100F041FE0246FB681344DB
:10515000FB60FB68002B02D04FF0FF33FB60FB6865
:1051600018461037BD4680BD80B483B000AF78606C
:1051700039604FF0FF3318460C37BD465DF8047BAD
:10518000704780B483B000AF786039604FF0FF3370
:1051900018460C37BD465DF8047B704780B483B079
:1051A00000AF786039604FF0FF3318460C37BD46CA
:1051B0005DF8047B704780B483B000AF78603960DD
:1051C0004FF0FF3318460C37BD465DF8047B70473F
:1051D00080B485B000AFF860B9607A604FF0FF33FB
:1051E00018461437BD465DF8047B704780B584B01F
:1051F00000AF78600023FB604023FB727B6803F103
:10520000140007F10B020123012100F0DFFD02462B
:10521000FB681344FB602123FB727B6803F11400DD
:1052200007F10B020123012100F0D0FD0246FB68CB
:105230001344FB600023FB727B6803F1140007F149
:105240000B020123012100F0C1FD0246FB6813445B
:10525000FB607F23FB727B6803F1140007F10B02F4
:105260000123012100F0B2FD0246FB681344FB60FC
:105270002223FB727B6803F1140007F10B02012368
:10528000012100F0A3FD0246FB681344FB600023EC
:10529000FB727B6803F1140007F10B02012301216B
:1052A00000F094FD0246FB681344FB600F23FB7281
:1052B0007B6803F1140007F10B020123012100F0C8
:1052C00085FD0246FB681344FB607B6803F1140014
:1052D0004FF48063094A012100F078FD0246FB6823
:1052E0001344FB60FB68002B02D04FF0FF33FB60E0
:1052F000FB6818461037BD4680BD00BF90060020F1
:1053000080B58EB000AFF860B9607A603B60002372
:105310007B630023BB6200237B6200233B6200238C
:10532000FB610023BB6100237B6100233B61002301
:105330003B630023FB623B6802331B781A463B68E1
:1053400003331B781B021A443B6804331B781B048D
:105350001A443B6805331B781B0613447B623B6889
:105360000A331B781A463B680B331B781B021A441E
:105370003B680C331B781B041A443B680D331B78C5
:105380001B061344BB623B6812331B781A463B680A
:1053900013331B781B021A443B6814331B781B041D
:1053A0001A443B6815331B781B061344FB613B68AA
:1053B00016331B781A463B6817331B781B021A44B6
:1053C0003B6818331B781B041A443B6819331B785D
:1053D0001B0613443B627A6ABB6AD31A5B087B6282
:1053E0003A68BB6A13443B60BB68002B16D1BB68AC
:1053F000002B0CBF01230023DAB27B6AB3F5806F68
:105400000CBF01230023DBB21340DBB2002B05D01D
:105410007A6A396843480CF0FAFB78E0BA68FB69AD
:105420001344BB617A683B6A13447B617B683B61D0
:1054300069E03B697B600023FB625AE07B6803F014
:105440000703002B21D17A697B68D31A072B1CD95B
:10545000FB6A03F00703002B17D1FB6ADB08FA692C
:1054600003FB02F23B6B13443A681A447B68DB0887
:10547000D901BB680B4411782A4AD1547B680733A1
:105480007B60FB6A0733FB622DE0FB6ADB08FA698D
:1054900003FB02F23B6B13443A6813441B781A4631
:1054A000FB6A03F0070342FA03F303F00103002B46
:1054B0000CD0FF237A68B968F86800F03DFA03461B
:1054C000002B10D04FF0FF337B6316E000237A6887
:1054D000B968F86800F030FA0346002B03D04FF0AB
:1054E000FF337B6309E07B6801337B60FB6A013338
:1054F000FB627A687B699A42A0D3BB680133BB60C8
:105500003B6B01333B63BA68BB699A4291D37B6BB7
:10551000002B02D04FF0FF337B637B6B184638378C
:10552000BD4680BD9006002080B590B000AFF86009
:10553000084611461A4603467B810B463B811346BB
:10554000FB800023FB630023BB6200237B620023FC
:10555000BB6300237B6300233B620023FB610023CA
:10556000BB6100237B6100233B630023FB620023BC
:105570003B61FB6C02331B889BB27B62FB6C043388
:105580001B889BB21B041A467B6A13437B62FB6C2D
:105590000A331B889BB2BB62FB6C0C331B889BB22B
:1055A0001B041A46BB6A1343BB62FB6C12331B8895
:1055B0007B63FB6C14331B881B047A6B13437B6384
:1055C0007B6B3B62B7F90630002B09DBFA887B89DD
:1055D00013447B81B7F906307A6BD31A7B6308E0FA
:1055E000B7F906307A6B13447B63B7F906305B4238
:1055F0003B63FB6C16331B88BB63FB6C18331B8847
:105600001B04BA6B1343BB63B7F94830002B0ADBAA
:10561000B7F94830BA6BD31ABB63B7F848203B8957
:1056200013443B8108E0B7F94830BA6B1344BB63BD
:10563000B7F948305B42FB62FB6A3B617A6ABB6A3E
:10564000D31A5B087B62B7F90630BA6B02FB03F32F
:10565000DA08B7F94830796B01FB03F3DB08134430
:105660007A6AD31A7B62FA6CBB6A1344FB647B8947
:10567000002B16D17B89002B0CBF01230023DAB24B
:105680007B6AB3F5806F0CBF01230023DBB21340AC
:10569000DBB2002B05D07A6AF96C45480CF0B7FAFA
:1056A0007AE07B897A6B1344FB613B89BA6B1344C4
:1056B000BB613B897B616BE07B693B813B69FB6242
:1056C0005CE03B8903F007039BB2002B22D13B89AE
:1056D000BA69D31A072B1DD9FB6A03F00703002B05
:1056E00018D1FB6ADB083A6A03FB02F23B6B1344F6
:1056F000FA6C1A4479893B89DB089BB2DB010B44C5
:1057000011782B4AD1543B8907333B81FB6A07331D
:10571000FB622DE0FB6ADB083A6A03FB02F23B6B9B
:105720001344FA6C13441B781A46FB6A03F0070310
:1057300042FA03F303F00103002B0CD079893A8974
:10574000FF23F86800F0F8F80346002B10D04FF064
:10575000FF33FB6316E079893A890023F86800F08B
:10576000EBF80346002B03D04FF0FF33FB6309E057
:105770003B8901333B81FB6A0133FB623B89BA6998
:105780009A429ED87B8901337B813B6B01333B631B
:105790007B89FA699A428FD8FB6B002B02D04FF0BD
:1057A000FF33FB63FB6B18464037BD4680BD00BF2F
:1057B0009006002080B588B000AFF860B9607A60CC
:1057C0003B600023FB610023BB6132E000237B616F
:1057D00028E03B681B781A463B6801331B781B02A4
:1057E0001A433B6802331B781B041A433B6803339C
:1057F0001B781B0613433B61BA687B69D1187A6832
:10580000BB691A443B69F86800F096F80346002B20
:1058100002D04FF0FF33FB613B6804333B607B6990
:1058200001337B617A69BB6A9A42D2D3BB69013387
:10583000BB61BA69FB6A9A42C8D3FB691846203734
:10584000BD4680BD80B586B000AFF860B9607A60B3
:105850003B6000237B6100233B61BB683B6108E048
:105860003B6A7A683969F86800F066F83B69013389
:105870003B61BA683B6813443A699A42F0D37B694A
:10588000002B02D04FF0FF337B617B69184618373D
:10589000BD4680BD80B586B000AFF860B9607A6063
:1058A0003B6000237B6100233B617B683B6108E038
:1058B0003B6A3A69B968F86800F03EF83B69013321
:1058C0003B617A683B6813443A699A42F0D37B693A
:1058D000002B02D04FF0FF337B617B6918461837ED
:1058E000BD4680BD80B588B002AFF860B9607A600F
:1058F0003B6000237B6100233B6113E03A697B68D6
:105900001A447B6A00933B68B968F868FFF79AFF0E
:105910000346002B03D04FF0FF337B6106E03B6969
:1059200001333B613A693B6A9A42E7D37B69184687
:105930001837BD4680BD000080B487B000AFF86066
:10594000B9607A603B6000237B613B68FF2B17D115
:105950007B68DB08D901BA680A441C498A5C51B2E9
:105960007A6802F00702012000FA02F252B20A43FA
:1059700051B2DA01BB681344C9B2144AD15418E0D9
:105980007B68DB08D901BA680A4410498A5C51B2C5
:105990007A6802F00702012000FA02F252B2D24302
:1059A00052B20A4051B2DA01BB681344C9B2074A85
:1059B000D1547B69002B02D04FF0FF337B617B69B0
:1059C00018461C37BD465DF8047B704790060020E2
:1059D00080B487B000AFF860B9607A603B600023A4
:1059E0007B61BB687F2B02D87B683F2B03D93B6868
:1059F00000221A601CE07B68DB08DA01BB681344F4
:105A00000F4AD35C19467B6803F00703012202FAB0
:105A100003F30B401A463B681A603B681B68002B77
:105A200003D03B6801221A6002E03B6800221A6042
:105A30007B6918461C37BD465DF8047B704700BF84
:105A40009006002080B485B000AF786039600023F4
:105A5000FB607B685B6A002B03D13B6880221A6085
:105A600002E04FF0FF33FB60FB6818461437BD4679
:105A70005DF8047B704780B485B000AF7860396012
:105A80000023FB607B685B6A002B03D13B684022EC
:105A90001A6002E04FF0FF33FB60FB6818461437D2
:105AA000BD465DF8047B704780B584B000AF786078
:105AB0000B467B800023FB607B88DBB263F04F03E7
:105AC000DBB2FB727B6803F1140007F10B020123C8
:105AD000012100F07BF90246FB681344FB60FB6880
:105AE000002B02D04FF0FF33FB60FB6818461037E5
:105AF000BD4680BD80B584B000AF78600B467B802A
:105B00000023FB600023FB727B6803F1140007F1A4
:105B10000B020123012100F059F90246FB681344EE
:105B2000FB607B88DBB2FB727B6803F1140007F13A
:105B30000B020123012100F049F90246FB681344DE
:105B4000FB601F23FB727B6803F1140007F10B025B
:105B50000123012100F03AF90246FB681344FB607F
:105B6000FB68002B02D04FF0FF33FB60FB68184648
:105B70001037BD4680BD80B586B000AFF8600846DE
:105B800011461A4603467B810B463B811346FB8038
:105B900000237B617B89DBB2FB74FB6803F114009B
:105BA00007F113020123012100F010F902467B697D
:105BB00013447B610023FB74FB6803F1140007F1BD
:105BC00013020123012100F001F902467B6913440D
:105BD0007B613B89DBB2FB74FB6803F1140007F1C6
:105BE00013020123012100F0F1F802467B691344FE
:105BF0007B613B8CDBB2FB74FB6803F1140007F1A3
:105C000013020123012100F0E1F802467B691344ED
:105C10007B61FB88DBB2FB74FB6803F1140007F1C6
:105C200013020123012100F0D1F802467B691344DD
:105C30007B610023FB74FB6803F1140007F113027E
:105C40000123012100F0C2F802467B6913447B6105
:105C5000FF23FB74FB6803F1140007F11302012317
:105C6000012100F0B3F802467B6913447B617B6934
:105C7000002B02D04FF0FF337B617B691846183749
:105C8000BD4680BD80B584B000AF78600023FB6066
:105C90002F23FB727B6803F1140007F10B02012331
:105CA000012100F093F80246FB681344FB60FB6897
:105CB000002B02D04FF0FF33FB60FB681846103713
:105CC000BD4680BD80B584B000AF78600023FB6026
:105CD0002E23FB727B6803F1140007F10B020123F2
:105CE000012100F073F80246FB681344FB60FB6877
:105CF000002B02D04FF0FF33FB60FB6818461037D3
:105D0000BD4680BD80B586B000AFF8607A601A46A7
:105D10000B467B8113463B81FB687B617B69DB68BB
:105D20003A89788979689847034618461837BD46F6
:105D300080BD80B586B000AFF8607A601A460B4629
:105D40007B8113463B81FB687B617B699B683A8959
:105D5000788979689847034618461837BD4680BD4C
:105D600080B582B000AF0346FB80FB88FF2B06D1D5
:105D70004FF48062FF2107480BF0CAFE05E04FF4A4
:105D80008062002103480BF0C3FE00BF0837BD4608
:105D900080BD00BF9006002080B584B000AF786061
:105DA00039607B681B6998470346FB6000BF7B68CE
:105DB0001B69984703461A46FB68D31A3A689A4209
:105DC000F5D8002318461037BD4680BD90B585B084
:105DD00000AFF8607A601A460B467B8113463B8120
:105DE000FB681C68FB6898683B8979897A68A047DA
:105DF000034618461437BD4690BD80B485B000AF49
:105E000078604FF0B043DA6C4FF0B0417B681343D9
:105E1000CB644FF0B043DA6C7B681340FB60FB68E7
:105E200000BF1437BD465DF8047B704780B485B071
:105E300000AF78604FF0B0431A6E4FF0B0417B680E
:105E400013430B664FF0B0431A6E7B681340FB6040
:105E5000FB6800BF1437BD465DF8047B704780B413
:105E600083B000AF78604FF0B0431A6E7B68DB43BD
:105E70004FF0B04113400B6600BF0C37BD465DF8D4
:105E8000047B704780B586B000AF00237B613B4642
:105E900000221A605A609A60DA601A610120FFF7E6
:105EA000ACFF80233B6001237B600223BB603B4649
:105EB00019464FF0904001F0E1FD002280214FF0A3
:105EC000904002F029F88020FFF797FF02233B6003
:105ED00001237B600223BB603B461946144801F056
:105EE000CDFD00220221124802F016F8114B124A91
:105EF0001A60104800F02AFA03F0C6F903460F4A68
:105F0000A2FB03239B0C013B0A4A5360094B04226A
:105F1000DA60084804F09CFD0346002B02D04FF0E5
:105F2000FF337B617B6918461837BD4680BD00BFD3
:105F3000001C0048A00A00200048014083DE1B43EB
:105F400080B582B000AF00237B600221104801F0D1
:105F500005FF80214FF0904001F000FF0D4B1B68C2
:105F6000DA680C4B1B6822F00102DA60094804F081
:105F70003FFE0346002B02D06FF005037B6005480F
:105F800000F000FA7B6818460837BD4680BD00BFA8
:105F9000001C0048A00A002080B582B000AF7860E5
:105FA000786800F0C7F8034618460837BD4680BD3C
:105FB00080B582B000AF3B1D00210A461A800A4618
:105FC0009A703B1D184600F0B5F80346184608378E
:105FD000BD4680BD80B400AF074B1B686FF0010267
:105FE0001A61064B1B680133044A136000BFBD46AB
:105FF0005DF8047B704700BFA00A0020EC0A002077
:1060000080B588B000AF03460A46FB711346BB71EA
:1060100007F10C0300221A605A609A60DA601A6174
:10602000FB79002B03D10420FFF7E7FE05E0FB79A5
:10603000012B02D10420FFF7E0FEFB79294A32F858
:106040001330FB6001237B610223BB61BB79002B12
:106050000CD100233B61FB79234A52F8233007F12E
:106060000C021146184601F009FD35E04FF4041307
:106070003B61FB791C4A52F8233007F10C021146B0
:10608000184601F0FBFCFB79DB00184A1A44FB7947
:10609000174951F823301946104601F0B9FCFB7935
:1060A000DB00124A9818FB79124A52F823301A463C
:1060B000002101F093FCFB790F4AD056FB790F4A7F
:1060C00052F823300022194601F0F7F8FB790A4A0A
:1060D000D356184601F00BF9002318462037BD4669
:1060E00080BD00BFB452010888000020900A002043
:1060F000BC52010890000020B8520108980000200E
:1061000080B483B000AF0346FB7100BF0C37BD46BF
:106110005DF8047B704780B500AF0020FFF7F0FF0B
:1061200000BF80BD80B500AF0120FFF7E9FF00BFD1
:1061300080BD000080B584B000AF78607B68002B24
:1061400002D16FF0010369E0364B1B68DA68354B0A
:106150001B6842F00102DA60324804F0DBFC0346BF
:10616000002B02D06FF0050358E0002202212E48D8
:1061700001F0D2FE0A20FBF705FB012202212A488A
:1061800001F0CAFE002280214FF0904001F0C4FED1
:10619000012000F0C3F8012280214FF0904001F06F
:1061A000BBFE042000F0BAF8002280214FF090409E
:1061B00001F0B2FE012000F0B1F8012280214FF081
:1061C000904001F0A9FE042000F0A8F83A2000F069
:1061D00063F80023FB730FE0FB7B7A681A44FB7BB8
:1061E0001178124AD154FB7B104AD35C184600F058
:1061F00053F8FB7B0133FB73FB7B022BECD90022B2
:106200000221094801F088FE064804F0C9FC034653
:10621000002B02D06FF0050300E000231846103772
:10622000BD4680BDA00A0020001C0048F00A0020E6
:1062300080B582B000AF0346FB71012280214FF090
:10624000904001F069FE012000F068F800228021F2
:106250004FF0904001F060FE012000F05FF8FB7904
:10626000002B12D0012280214FF0904001F054FE0B
:10627000012000F053F8002280214FF0904001F0FF
:106280004BFE012000F04AF802E0042000F046F83E
:1062900000BF0837BD4680BD80B582B000AF034661
:1062A000FB71FB7923F07F03DBB21846FFF7C0FFD9
:1062B000FB7903F04003DBB21846FFF7B9FFFB7927
:1062C00003F02003DBB21846FFF7B2FFFB7903F0BF
:1062D0001003DBB21846FFF7ABFFFB7903F00803AE
:1062E000DBB21846FFF7A4FFFB7903F00403DBB22F
:1062F0001846FFF79DFFFB7903F00203DBB2184657
:10630000FFF796FFFB7903F00103DBB21846FFF7B6
:106310008FFF00BF0837BD4680BD000080B485B048
:1063200000AF7860084B1B68FB6000BF064B1A6823
:10633000FB68D31A7A689A42F8D800BF00BF1437B6
:10634000BD465DF8047B7047EC0A002080B582B042
:1063500000AF78607B681B68094A93420BD14FF409
:106360008020FFF763FD002203211A2000F0A5FF23
:106370001A2000F0BCFF00BF0837BD4680BD00BF3B
:106380000048014080B582B000AF78607B681B6830
:10639000064A934206D11A2000F0B7FF4FF480203E
:1063A000FFF75DFD00BF0837BD4680BD00480140D6
:1063B00080B485B000AF78604FF0B043DA6C4FF036
:1063C000B0417B681343CB644FF0B043DA6C7B6819
:1063D0001340FB60FB6800BF1437BD465DF8047BCB
:1063E000704780B485B000AF78604FF0B0431A6E4C
:1063F0004FF0B0417B6813430B664FF0B0431A6E09
:106400007B681340FB60FB6800BF1437BD465DF836
:10641000047B704780B582B000AF00237B60114BD6
:10642000114A1A600F4804F0A1F90346002B14D159
:106430000C4800F09AF802F011FF03460B49184689
:1064400000F0C4F803461946064800F011F8034668
:10645000002B02D06FF007037B607B68184608377B
:10646000BD4680BDF40A00200030014020BCBE00C3
:1064700080B584B000AF786039600023FB737B681F
:106480004FF482725A607B6800229A607B684FF4F6
:10649000E062DA607B6802221A617B6800225A613E
:1064A0007B684FF400729A617B681022DA617B6826
:1064B00000221A627B6800225A627B6800229A627C
:1064C0007B680722DA62786803F00EFD0346002B32
:1064D00001D00123FB73FB7B18461037BD4680BDFE
:1064E00080B584B000AF78600B467B800023FB60F2
:1064F0007A884FF480537968064803F0A2FD03467A
:10650000002B01D10023FB60FB6818461037BD4605
:1065100080BD00BFF40A002080B586B002AF78606D
:106520000B467B806FF00503FB604FF0FF33BB60D1
:106530007B8807F108014FF4805200927A68064880
:1065400003F0F5FE0346002B01D10023FB60FB683E
:1065500018461037BD4680BDF40A002080B500AF54
:1065600000F040FD0346184680BD80B588B000AFFE
:1065700078604FF48050FFF734FF0120FFF718FFD9
:106580008023FB6002233B6102237B610023BB610C
:106590000523FB6107F10C0319464FF0904001F011
:1065A0006DFA0223FB6002233B6102237B6100231F
:1065B000BB610523FB6107F10C0319464FF09040C6
:1065C00001F05CFA00BF2037BD4680BD80B487B0C3
:1065D00000AF7860396000237B617B683B610023FA
:1065E000FB600DE00D4A7B6952F82330FB607B694C
:1065F00001337B617B69072B07D83B695B083B61F3
:106600003A693B689A42EDD800E000BFFB68184643
:106610001C37BD465DF8047B704700BFC4520108BB
:1066200080B485B000AF78604FF0B043DA6C4FF0C3
:10663000B0417B681343CB644FF0B043DA6C7B68A6
:106640001340FB60FB6800BF1437BD465DF8047B58
:106650007047000080B584B000AF786039600023D7
:10666000FB607B68002B03D06FF00103FB6032E01E
:106670003B68002B13D11A497A6813465B00134418
:106680009B000B4480221A6015497A6813465B0010
:1066900013449B000B44043340221A6012E010495B
:1066A0007A6813465B0013449B000B4440221A6037
:1066B0000B497A6813465B0013449B000B44043378
:1066C00080221A60386800F027FB0346002B02D0B6
:1066D0006FF00603FB60FB6818461037BD4680BDAF
:1066E0005C0B002080B485B000AF78603960002377
:1066F000FB607B68002B03D06FF00103FB6002E0BE
:106700006FF00A03FB60FB6818461437BD465DF85E
:10671000047B704780B584B000AF78603960002397
:10672000FB607B68002B03D06FF00103FB601DE072
:10673000114B1B681B6E002B0ED00F4B1B681B6E82
:106740000E4A12683968104698470346002B0DDA46
:106750006FF00403FB6009E009497A6813465B00A7
:1067600013449B000B441A683B681A60FB68184688
:106770001037BD4680BD00BF680B0020580B0020BD
:106780005C0B002080B584B000AF786039600023D6
:10679000FB607B68002B03D06FF00103FB601EE001
:1067A000114B1B685B6E002B0ED00F4B1B685B6E92
:1067B0000E4A12683968104698470346002B0EDAD5
:1067C0006FF00403FB600AE009497A6813465B0036
:1067D00013449B000B4404331A683B681A60FB683F
:1067E00018461037BD4680BD680B0020580B0020AE
:1067F0005C0B002080B584B000AF78600023FB60A4
:106800007B68002B03D06FF00103FB6015E00D4B9C
:106810001B68DB68002B0DD00A4B1B68DB680A4A3B
:106820001268104698470346002B06DA6FF00403FF
:10683000FB6002E06FF00A03FB60FB68184610374C
:10684000BD4680BD680B0020580B002080B584B089
:1068500000AF78600023FB607B68002B03D06FF0F3
:106860000103FB6015E00D4B1B685B6A002B0DD02C
:106870000A4B1B685B6A0A4A12681046984703462F
:10688000002B06DA6FF00403FB6002E06FF00A03EE
:10689000FB60FB6818461037BD4680BD680B0020C2
:1068A000580B002090B587B000AFF860B9607A60EF
:1068B0003B6000237B61FB68002B03D06FF001037A
:1068C0007B6117E00E4B1B681B6C002B0FD00C4B31
:1068D0001B681C6C0B4B18683B687A68B968A0474A
:1068E0000346002B06DA6FF004037B6102E06FF0D1
:1068F0000A037B617B6918461C37BD4690BD00BF0B
:10690000680B0020580B002090B589B002AFF860EA
:10691000B9607A603B6000237B61FB68002B03D089
:106920006FF001037B611BE0104B1B689B6C002B1D
:1069300013D00E4B1B689C6C0D4B1868FB6A0193BF
:10694000BB6A00933B687A68B968A0470346002B8E
:1069500006DA6FF004037B6102E06FF00A037B61EB
:106960007B6918461C37BD4690BD00BF680B0020F0
:10697000580B002090B589B002AFF860B9607A601A
:106980003B6000237B61FB68002B03D06FF00103A9
:106990007B6119E00F4B1B68DB6C002B11D00D4B9A
:1069A0001B68DC6C0C4B1868BB6A00933B687A6808
:1069B000B968A0470346002B06DA6FF004037B6139
:1069C00002E06FF00A037B617B6918461C37BD4605
:1069D00090BD00BF680B0020580B002090B589B017
:1069E00002AFF860B9607A603B6000237B61FB68AE
:1069F000002B03D06FF001037B6119E00F4B1B6884
:106A00001B6D002B11D00D4B1B681C6D0C4B1868B7
:106A1000BB6A00933B687A68B968A0470346002BBD
:106A200006DA6FF004037B6102E06FF00A037B611A
:106A30007B6918461C37BD4690BD00BF680B00201F
:106A4000580B002090B589B002AFF860B9607A6049
:106A50003B6000237B61FB68002B03D06FF00103D8
:106A60007B6112E00B4B1B685C6D0B4B1868FB6A7B
:106A70000193BB6A00933B687A68B968A0470346F4
:106A8000002B02DA6FF004037B617B6918461C3728
:106A9000BD4690BD680B0020580B0020B0B586B0F5
:106AA00002AF786039600023FB607B68002B03D065
:106AB0006FF00103FB6022E0134B1B685C6D134B0E
:106AC000186813497A6813465B0013449B000B4413
:106AD00019680F4D7A6813465B0013449B002B44E2
:106AE00004331B683A68019200930B460022002190
:106AF000A0470346002B02DA6FF00403FB60FB683B
:106B000018461037BD46B0BD680B0020580B00205A
:106B10005C0B002090B587B000AFF860B9607A6078
:106B20003B6000237B61FB68002B03D06FF0010307
:106B30007B610EE0094B1B689C6D094B18683B6834
:106B40007A68B968A0470346002B02DA6FF00403A5
:106B50007B617B6918461C37BD4690BD680B0020E1
:106B6000580B002090B587B000AFF860B9607A602C
:106B70003B6000237B61FB68002B03D06FF00103B7
:106B80007B610EE0094B1B68DC6D094B18683B68A4
:106B90007A68B968A0470346002B02DA6FF0040355
:106BA0007B617B6918461C37BD4690BD680B002091
:106BB000580B002080B584B000AF03463960FB80DD
:106BC0001346BB800023FB60FB68002B0DD1BB8804
:106BD000002B0AD0BB881946386800F00BF8034632
:106BE000002B02D06FF00703FB60FB6818461037DC
:106BF000BD4680BD80B584B000AF78600B467B8019
:106C00000023FB607B88012B1BD10022012120483F
:106C100001F082F900224FF400711E4801F07CF966
:106C20007B8819467868FFF75BFC0346002B02D08F
:106C30006FF00703FB6001220121154801F06CF998
:106C400020E000220121124801F066F901224FF4F0
:106C50000071104801F060F97B8819467868FFF7E9
:106C60003FFC0346002B02D06FF00703FB600022BD
:106C70004FF40071074801F04FF901220121044847
:106C800001F04AF9FB6818461037BD4680BD00BFC9
:106C9000001C00480008004880B584B000AF0346DF
:106CA0003960FB801346BB800023FB60FB88002219
:106CB00039681846FFF77EFF0346002B02D06FF0BD
:106CC0000703FB60002201210C4801F025F9FB6855
:106CD000002B09D102213868FFF71EFC0346002B68
:106CE00002D06FF00703FB6001220121034801F08D
:106CF00013F9FB6818461037BD4680BD001C0048DC
:106D000080B500AF00220121024801F005F900BF63
:106D100080BD00BF001C004880B588B000AF78601F
:106D20000023FB61184BBB60184BFB60184B7B6169
:106D3000184B3B61184BBB6107F108031946174814
:106D4000FEF75EF80346002B03D06FF00603FB61ED
:106D500015E0134B114A1A60FFF7D2FF114B124A8C
:106D60001A60104B1B681B680D4A10687A68002176
:106D700098470346002B02D06FF00403FB61FB69C8
:106D800018462037BD4680BDAD6D0008716E000805
:106D9000996C0008B56B00085D6500086C0B00205D
:106DA000580B0020680B00202000002080B586B022
:106DB00000AF00237B618020FFF732FC01233B60A2
:106DC00001237B600023BB600023FB603B46194628
:106DD000254800F053FE00220121234801F09CF8D1
:106DE0000420FFF71DFC4FF400733B6001237B6020
:106DF0000023BB600023FB603B4619461B4800F0A4
:106E00003DFE00224FF40071184801F085F804207F
:106E1000FFF706FC4FF480733B6001237B60002387
:106E2000BB600023FB603B461946104800F026FE7D
:106E3000FFF7F0FA0346002B02D06FF007037B61E7
:106E400000224FF48071094801F066F80120FAF73A
:106E500099FC01224FF48071044801F05DF87B69D0
:106E600018461837BD4680BD001C00480008004881
:106E700080B500AF0121084800F070FF4FF40071A9
:106E8000064800F06BFF4FF48071044800F066FF85
:106E90000023184680BD00BF001C004800080048C1
:106EA00080B400AF074B00229A60064BD3F88830BD
:106EB000044A43F47003C2F8883000BFBD465DF851
:106EC000047B704700ED00E080B400AF054B5B68C9
:106ED000044A43F00103536000BFBD465DF8047BE4
:106EE000704700BF002004E080B400AF054B5B6832
:106EF000044A43F00203536000BFBD465DF8047BC3
:106F0000704700BF002004E080B582B000AF0023CE
:106F1000FB710C4B1B680B4A43F480731360032016
:106F200000F0C0F9002000F00FF80346002B02D05B
:106F30000123FB7101E0FCF78DF8FB791846083757
:106F4000BD4680BD0040005880B584B000AF786079
:106F50000023FB73174B1B78002B24D002F06AF937
:106F60000246144B1B7819464FF47A73B3FBF1F3C6
:106F7000B2FBF3F3184600F0D6F90346002B0FD10D
:106F80007B680F2B09D8002279684FF0FF3000F0A2
:106F900094F9094A7B68136007E00123FB7304E05E
:106FA0000123FB7301E00123FB73FB7B18461037C1
:106FB000BD4680BDA8000020A400002080B400AF22
:106FC000064B1B781A46064B1B681344044A136091
:106FD00000BFBD465DF8047B704700BFA8000020DD
:106FE000940B002080B400AF034B1B681846BD46CD
:106FF0005DF8047B704700BF940B002080B400AFA5
:10700000034B1B681846BD465DF8047B704700BF04
:10701000A400002080B400AF034B1B781846BD4687
:107020005DF8047B704700BFA800002080B500AF6A
:10703000FFF74AFF00BF80BD80B500AFFFF754FFE8
:1070400000BF80BD80B485B000AF78607B6803F07E
:107050000703FB600C4BDB68BB60BA684FF6FF03AD
:107060001340BB60FB681A02BB68134343F0BF6365
:1070700043F40033BB60044ABB68D36000BF1437DD
:10708000BD465DF8047B704700ED00E080B400AFC2
:10709000044BDB681B0A03F007031846BD465DF886
:1070A000047B704700ED00E080B483B000AF03467E
:1070B000FB7197F90730002B0BDBFB7903F01F0204
:1070C000074997F907305B09012000FA02F241F8FD
:1070D000232000BF0C37BD465DF8047B704700BF1E
:1070E00000E100E080B483B000AF0346FB7197F984
:1070F0000730002B12DBFB7903F01F020A4997F9D6
:1071000007305B09012000FA02F2203341F8232006
:10711000BFF34F8F00BFBFF36F8F00BF00BF0C37AF
:10712000BD465DF8047B704700E100E080B483B0A9
:1071300000AF0346FB7197F90730002B0CDBFB799E
:1071400003F01F02074997F907305B09012000FA95
:1071500002F2403341F8232000BF0C37BD465DF8F2
:10716000047B704700E100E080B483B000AF0346C9
:10717000FB7197F90730002B0CDBFB7903F01F0242
:10718000074997F907305B09012000FA02F26033E2
:1071900041F8232000BF0C37BD465DF8047B7047E3
:1071A00000E100E080B483B000AF03463960FB71BA
:1071B00097F90730002B0ADB3B68DAB20C4997F9E4
:1071C00007301201D2B20B4483F800230AE03B6877
:1071D000DAB20849FB7903F00F03043B1201D2B283
:1071E0000B441A7600BF0C37BD465DF8047B704730
:1071F00000E100E000ED00E080B489B000AFF8608D
:10720000B9607A60FB6803F00703FB61FB69C3F1B7
:107210000703042B28BF0423BB61FB690433062B3F
:1072200002D9FB69033B00E000237B614FF0FF3292
:10723000BB6902FA03F3DA43BB681A407B699A40E0
:107240004FF0FF317B6901FA03F3D9437B680B40B0
:10725000134318462437BD465DF8047B7047000091
:1072600080B582B000AF78607B68013BB3F1807F6E
:1072700001D301230FE00A4A7B68013B53600F21D1
:107280004FF0FF30FFF78EFF054B00229A60044B52
:1072900007221A60002318460837BD4680BD00BF8C
:1072A00010E000E080B582B000AF78607868FFF74A
:1072B000C9FE00BF0837BD4680BD80B586B000AFAF
:1072C0000346B9607A60FB73FFF7E0FE78617A6885
:1072D000B9687869FFF790FF024697F90F301146B9
:1072E0001846FFF75FFF00BF1837BD4680BD80B569
:1072F00082B000AF0346FB7197F907301846FFF7DD
:10730000D3FE00BF0837BD4680BD80B582B000AF58
:107310000346FB7197F907301846FFF7E3FE00BFFD
:107320000837BD4680BD80B582B000AF7860786810
:10733000FFF796FF034618460837BD4680BD80B567
:1073400082B000AF0346FB7197F907301846FFF78C
:10735000EDFE00BF0837BD4680BD80B582B000AFEE
:107360000346FB7197F907301846FFF7FDFE00BF93
:107370000837BD4680BD000080B584B000AF78609E
:107380007B68002B01D101238EE07B681B681A46C5
:10739000474B9A420FD87B681B681A46454B1344EB
:1073A000454AA2FB03231B099A007B685A647B6849
:1073B000424A1A640EE07B681B681A46404B13442D
:1073C0003D4AA2FB03231B099A007B685A647B6831
:1073D0003C4A1A647B68022283F825207B681B687C
:1073E0001B68FB60FB6823F4FF4323F07003FB6022
:1073F0007B689A687B68DB681A437B681B691A4361
:107400007B685B691A437B689B691A437B68DB690D
:107410001A437B681B6A1343FA681343FB607B685B
:107420001B68FA681A60786800F074FA7B689B68D9
:10743000B3F5804F02D17B6800225A607B685A689E
:107440007B689B6C02F03F021A607B68DB6C7A6899
:10745000126D5A607B685B68002B10D07B685B689C
:10746000042B0CD8786800F093FA7B685B6D0022DF
:107470001A607B689B6D7A68D26D5A6008E07B6801
:1074800000225A657B6800229A657B680022DA65D3
:107490007B680022DA637B68012283F825207B6801
:1074A000002283F82420002318461037BD4680BDF3
:1074B00007040240F8FFFDBFCDCCCCCC0000024059
:1074C000F8FBFDBF0004024080B586B000AFF86055
:1074D000B9607A603B600023FB75FB6893F8243049
:1074E000012B01D1022366E0FB68012283F82420EE
:1074F000FB6893F82530DBB2012B55D1FB680222E3
:1075000083F82520FB680022DA63FB681B681A6891
:10751000FB681B6822F001021A603B687A68B96850
:10752000F86800F0B9F9FB681B6B002B08D0FB680A
:107530001B681A68FB681B6842F00E021A600FE0B5
:10754000FB681B681A68FB681B6822F004021A605B
:10755000FB681B681A68FB681B6842F00A021A6025
:10756000FB689B6C1B6803F48033002B07D0FB681F
:107570009B6C1A68FB689B6C42F480721A60FB6813
:107580005B6D002B07D0FB685B6D1A68FB685B6D59
:1075900042F480721A60FB681B681A68FB681B68FB
:1075A00042F001021A6005E0FB68002283F8242003
:1075B0000223FB75FB7D18461837BD4680BD80B49D
:1075C00083B000AF78607B68002B01D101234FE0CE
:1075D0007B6893F82530DBB2022B08D07B6804224D
:1075E000DA637B68002283F82420012340E07B6873
:1075F0001B681A687B681B6822F00E021A607B68A1
:107600009B6C1A687B689B6C22F480721A607B68A2
:107610001B681A687B681B6822F001021A607B688D
:107620005B6C03F01C027B681B6C012101FA02F207
:107630005A607B68DB6C7A68126D5A607B685B6DA0
:10764000002B0CD07B685B6D1A687B685B6D22F445
:1076500080721A607B689B6D7A68D26D5A607B6815
:10766000012283F825207B68002283F82420002350
:1076700018460C37BD465DF8047B704780B584B072
:1076800000AF78600023FB737B6893F82530DBB292
:10769000022B05D07B680422DA630123FB7347E0E9
:1076A0007B681B681A687B681B6822F00E021A60F0
:1076B0007B681B681A687B681B6822F001021A60ED
:1076C0007B689B6C1A687B689B6C22F480721A60E2
:1076D0007B685B6C03F01C027B681B6C012101FA68
:1076E00002F25A607B68DB6C7A68126D5A607B68C4
:1076F0005B6D002B0CD07B685B6D1A687B685B6DE3
:1077000022F480721A607B689B6D7A68D26D5A6031
:107710007B68012283F825207B68002283F82420DF
:107720007B689B6B002B03D07B689B6B78689847CA
:10773000FB7B18461037BD4680BD80B584B000AFD6
:1077400078607B681B6C1B68FB607B681B681B6830
:10775000BB607B685B6C03F01C0304229A40FB68EF
:107760001340002B26D0BB6803F00403002B21D06C
:107770007B681B681B6803F02003002B07D17B6824
:107780001B681A687B681B6822F004021A607B6819
:107790005B6C03F01C027B681B6C042101FA02F293
:1077A0005A607B681B6B002B71D07B681B6B786801
:1077B00098476CE07B685B6C03F01C0302229A40E4
:1077C000FB681340002B2ED0BB6803F00203002B94
:1077D00029D07B681B681B6803F02003002B0BD1AA
:1077E0007B681B681A687B681B6822F00A021A60B3
:1077F0007B68012283F825207B685B6C03F01C0208
:107800007B681B6C022101FA02F25A607B6800223D
:1078100083F824207B68DB6A002B38D07B68DB6A26
:107820007868984733E07B685B6C03F01C030822A0
:107830009A40FB681340002B2AD0BB6803F0080372
:10784000002B25D07B681B681A687B681B6822F0B8
:107850000E021A607B685B6C03F01C027B681B6C79
:10786000012101FA02F25A607B680122DA637B6827
:10787000012283F825207B68002283F824207B687E
:107880005B6B002B04D07B685B6B7868984700BF0C
:1078900000BF1037BD4680BD80B485B000AFF86032
:1078A000B9607A603B60FB68DB6CFA68126D5A6005
:1078B000FB685B6D002B04D0FB689B6DFA68D26D92
:1078C0005A60FB685B6C03F01C02FB681B6C0121B7
:1078D00001FA02F25A60FB681B683A685A60FB685A
:1078E0009B68102B08D1FB681B687A689A60FB685C
:1078F0001B68BA68DA6007E0FB681B68BA689A60C0
:10790000FB681B687A68DA6000BF1437BD465DF813
:10791000047B704780B485B000AF78607B681B68DB
:107920001A46174B9A420AD87B685B6C9B089B00EF
:1079300003F1804303F502337A68936407E07B68C0
:107940005B6C9B089A000F4B13447A6893647B68C6
:107950001B68DBB2083B0C4AA2FB03231B09FB603C
:107960007B680A4ADA64FB6803F01F0301229A402D
:107970007B681A6500BF1437BD465DF8047B70470D
:10798000070402401C080240CDCCCCCC8008024049
:1079900080B485B000AF78607B685B6803F03F031C
:1079A000FB60FA680B4B13449B001A467B685A65D0
:1079B0007B68094A9A65FB68013B03F003030122D7
:1079C0009A407B68DA6500BF1437BD465DF8047BDA
:1079D000704700BF3F8200104009024080B487B06A
:1079E00000AFF8600B467A60FB720023FB75FB7AF0
:1079F000002B03D1FB687A685A6002E00123FB7513
:107A000000BFFB7D18461C37BD465DF8047B704700
:107A100080B483B000AF786039607B68002B01D1FF
:107A2000012303E07B683A681A60002318460C378C
:107A3000BD465DF8047B704780B487B000AF7860C6
:107A40007B681B681B0C03F001037B617B681B6870
:107A500003F01F03012202FA03F33B617B695B0120
:107A600003F1B04303F60803FB60FB683A691A6050
:107A700000BF1C37BD465DF8047B704780B487B0FB
:107A800000AF7860396000237B614CE13B681A6885
:107A900001217B6901FA03F31340FB60FB68002BB3
:107AA00000F03E813B685B6803F00303012B05D0C7
:107AB0003B685B6803F00303022B30D17B689B6853
:107AC0003B617B695B00032202FA03F3DB433A6903
:107AD00013403B613B68DA687B695B0002FA03F3A1
:107AE0003A6913433B617B683A699A607B685B68DB
:107AF0003B6101227B6902FA03F3DB433A691340DD
:107B00003B613B685B681B0903F001027B6902FA79
:107B100003F33A6913433B617B683A695A603B68F7
:107B20005B6803F00303032B17D07B68DB683B61C2
:107B30007B695B00032202FA03F3DB433A691340DB
:107B40003B613B689A687B695B0002FA03F33A6920
:107B500013433B617B683A69DA603B685B6803F01A
:107B60000303022B23D17B69DA087B68083253F8C0
:107B700022303B617B6903F007039B000F2202FA6E
:107B800003F3DB433A6913403B613B681A697B6945
:107B900003F007039B0002FA03F33A6913433B61C6
:107BA0007B69DA087B680832396943F822107B6800
:107BB0001B683B617B695B00032202FA03F3DB4332
:107BC0003A6913403B613B685B6803F003027B69E1
:107BD0005B0002FA03F33A6913433B617B683A693D
:107BE0001A603B685B6803F44033002B00F0988018
:107BF000544A7B699B08023352F823303B617B690E
:107C000003F003039B000F2202FA03F3DB433A69FC
:107C100013403B617B68B3F1904F19D07B684A4AAF
:107C2000934213D07B68494A93420DD07B68484AFF
:107C3000934207D07B68474A934201D1042308E06E
:107C4000072306E0032304E0022302E0012300E00F
:107C500000237A6902F00302920093403A691343C9
:107C60003B6138497B699B0802333A6941F823201C
:107C7000394B1B683B61FB68DB433A6913403B614E
:107C80003B685B6803F48013002B03D03A69FB6800
:107C900013433B61304A3B6913602F4B5B683B6188
:107CA000FB68DB433A6913403B613B685B6803F464
:107CB0000013002B03D03A69FB6813433B61264A4B
:107CC0003B695360244BD3F880303B61FB68DB4356
:107CD0003A6913403B613B685B6803F48033002BD7
:107CE00003D03A69FB6813433B611B4A3B69C2F806
:107CF0008030194BD3F884303B61FB68DB433A6931
:107D000013403B613B685B6803F40033002B03D0F6
:107D10003A69FB6813433B610F4A3B69C2F8843000
:107D20007B6901337B613B681A687B6922FA03F344
:107D3000002B7FF4ABAE00BF00BF1C37BD465DF823
:107D4000047B704700000140000400480008004820
:107D5000000C0048001000480008005880B487B0AC
:107D600000AF7860396000237B61BBE001227B6952
:107D700002FA03F33A6813403B613B69002B00F0C1
:107D8000AE805F4A7B699B08023352F82330FB6068
:107D90007B6903F003039B000F2202FA03F3FA68E6
:107DA0001340FB607B68B3F1904F19D07B68554A54
:107DB000934213D07B68544A93420DD07B68534A58
:107DC000934207D07B68524A934201D1042308E0D2
:107DD000072306E0032304E0022302E0012300E07E
:107DE00000237A6902F0030292009340FA689A42F3
:107DF00036D1484BD3F880203B69DB4345491340DB
:107E0000C1F88030434BD3F884203B69DB434149C0
:107E10001340C1F884303F4B1A683B69DB433D494E
:107E200013400B603B4B5A683B69DB4339491340B5
:107E30004B607B6903F003039B000F2202FA03F3FC
:107E4000FB602F4A7B699B08023352F82310FB68C2
:107E5000DA432B487B699B080A40023340F8232011
:107E60007B681A687B695B00032101FA03F31A43FC
:107E70007B681A607B69DA087B68083253F8221045
:107E80007B6903F007039B000F2202FA03F3DB4335
:107E90007A69D20819407B68083243F822107B685F
:107EA000DA687B695B00032101FA03F3DB431A40C4
:107EB0007B68DA607B685A6801217B6901FA03F309
:107EC000DB431A407B685A607B689A687B695B0079
:107ED000032101FA03F3DB431A407B689A607B6954
:107EE00001337B613A687B6922FA03F3002B7FF44C
:107EF0003DAF00BF00BF1C37BD465DF8047B704737
:107F0000000001400004004800080048000C004840
:107F1000001000480008005880B483B000AF7860BB
:107F20000B467B8013467B707B78002B03D07A88CE
:107F30007B689A6102E07A887B689A6200BF0C379E
:107F4000BD465DF8047B704780B582B000AF034644
:107F5000FB80084BDA68FB881340002B06D0054AEB
:107F6000FB88D360FB881846F9F762FC00BF08372E
:107F7000BD4680BD0008005880B582B000AF0A4BF6
:107F8000DB687B60084B1A687B68DB43064913405B
:107F90000B60054A7B685360786800F007F800BF03
:107FA0000837BD4680BD00BF0015005880B483B0BF
:107FB00000AF786000BF0C37BD465DF8047B7047AA
:107FC00080B584B000AF78600023FB737B68002B22
:107FD0001ED0134BBB607B6893F83830DBB2002BAC
:107FE00002D17868FBF746F8B86800F05BF8BB6828
:107FF0001B6843F00112BB681A60786800F02CF827
:108000007B6800225A637B68012283F8382001E0F4
:108010000123FB73FB7B18461037BD4680BD00BFB4
:10802000000C005880B485B000AFF860B96013460A
:10803000FB7100BF1437BD465DF8047B704780B408
:1080400085B000AFF860B9601346FB7100BF14370C
:10805000BD465DF8047B704780B485B000AF7860A2
:108060000023FB600FE07A68FB689B0013440B4A17
:108070005A607A68FB6806339B001344084A5A60CA
:10808000FB680133FB60FB68052BECD900BF00BF28
:108090001437BD465DF8047B704700BF258000089B
:1080A0003F80000880B483B000AF78607B68002216
:1080B0001A607B684FF03F125A607B683F229A60DB
:1080C00000BF0C37BD465DF8047B704780B400AF3D
:1080D000054B1B68044A43F48073136000BFBD4620
:1080E0005DF8047B704700BF0004005880B400AF07
:1080F000044B1B6803F4C0631846BD465DF8047B5F
:10810000704700BF0004005880B400AF4FF0B04388
:108110001B6803F48013B3F5801F01D1012300E035
:1081200000231846BD465DF8047B704780B400AF5D
:108130004FF0B0431B684FF0B04243F480331360FC
:1081400000BFBD465DF8047B704780B400AF4FF0C0
:10815000B0431B684FF0B04223F48033136000BF7C
:10816000BD465DF8047B704780B400AF4FF0B0436C
:108170001B6803F40033B3F5003F01D1012300E095
:1081800000231846BD465DF8047B704780B400AFFD
:108190004FF0B0431B684FF0B04243F4807313605C
:1081A00000BFBD465DF8047B704780B400AF4FF060
:1081B000B0431B684FF0B04223F48073136000BFDC
:1081C000BD465DF8047B704780B400AF4FF0B0430C
:1081D0001B6803F48063B3F5806F01D1012300E0D5
:1081E00000231846BD465DF8047B704780B483B019
:1081F00000AF78604FF0B0435B6823F0FE427B68CD
:108200001B064FF0B04113434B6000BF0C37BD4617
:108210005DF8047B704780B400AF4FF0B043D3F8F3
:1082200098304FF0B04243F00103C2F8983000BFDD
:10823000BD465DF8047B704780B400AF4FF0B0439B
:10824000D3F898304FF0B04223F00103C2F89830D1
:1082500000BFBD465DF8047B704780B400AF4FF0AF
:10826000B043D3F8983003F00203022B01D101236D
:1082700000E000231846BD465DF8047B704780B4DB
:1082800000AF4FF0B043D3F890304FF0B04243F01E
:108290000103C2F8903000BFBD465DF8047B704713
:1082A00080B400AF4FF0B043D3F890304FF0B042FD
:1082B00023F00103C2F8903000BFBD465DF8047B97
:1082C000704780B400AF4FF0B043D3F890304FF018
:1082D000B04243F00403C2F8903000BFBD465DF8E1
:1082E000047B704780B400AF4FF0B043D3F89030B8
:1082F0004FF0B04223F00403C2F8903000BFBD46F7
:108300005DF8047B704780B400AF4FF0B043D3F802
:10831000903003F00203022B01D1012300E000237F
:108320001846BD465DF8047B704780B400AF4FF03F
:10833000B043D3F894304FF0B04243F00103C2F899
:10834000943000BFBD465DF8047B704780B400AF39
:108350004FF0B043D3F894304FF0B04223F0010314
:10836000C2F8943000BFBD465DF8047B704780B40E
:1083700000AF4FF0B043D3F8943003F00203022B68
:1083800001D1012300E000231846BD465DF8047BBF
:10839000704780B400AF4FF0B043D3F894304FF043
:1083A000B04243F00403C2F8943000BFBD465DF80C
:1083B000047B704780B400AF4FF0B043D3F89430E3
:1083C0004FF0B04223F00403C2F8943000BFBD4622
:1083D0005DF8047B704780B400AF4FF0B043D3F832
:1083E000943003F00803082B01D1012300E000239F
:1083F0001846BD465DF8047B704780B483B000AF7B
:1084000078604FF0B043D3F8943023F470627B6807
:108410001B024FF0B0411343C1F8943000BF0C373A
:10842000BD465DF8047B704780B400AF4FF0B043A9
:108430001B684FF0B04243F00103136000BFBD461C
:108440005DF8047B704780B400AF4FF0B0431B6809
:108450004FF0B04223F00103136000BFBD465DF84A
:10846000047B704780B400AF4FF0B0431B6803F04B
:108470000203022B01D1012300E000231846BD4670
:108480005DF8047B704780B483B000AF78604FF034
:10849000B0431B6823F0F0024FF0B0417B681343F8
:1084A0000B6000BF0C37BD465DF8047B704780B49D
:1084B00083B000AF4FF0B0431B6803F0F0037B6064
:1084C0007B68B02B01D9B0237B607B6818460C37E2
:1084D000BD465DF8047B704780B483B000AF786020
:1084E0004FF0B0435B6823F47F427B681B024FF080
:1084F000B04113434B6000BF0C37BD465DF8047BB1
:10850000704780B483B000AF78604FF0B0439B6891
:1085100023F003024FF0B0417B6813438B6000BF30
:108520000C37BD465DF8047B704780B400AF4FF058
:10853000B0439B6803F00C031846BD465DF8047B0E
:10854000704780B483B000AF78604FF0B0439B6851
:1085500023F0F0024FF0B0417B6813438B6000BF03
:108560000C37BD465DF8047B704780B483B000AF24
:1085700078604FF0B043D3F8083123F0F0024FF0A9
:10858000B0417B681343C1F8083100BF0C37BD46CA
:108590005DF8047B704780B483B000AF78604FF023
:1085A000B043D3F8083123F00F027B681B094FF06A
:1085B000B0411343C1F8083100BF0C37BD465DF828
:1085C000047B704780B483B000AF78604FF0B04355
:1085D0009B6823F4E0624FF0B0417B6813438B60EB
:1085E00000BF0C37BD465DF8047B704780B483B094
:1085F00000AF78604FF0B0439B6823F460524FF0B7
:10860000B0417B6813438B6000BF0C37BD465DF8FB
:10861000047B704780B400AF4FF0B0439B6803F019
:10862000F0031846BD465DF8047B704780B400AF88
:108630004FF0B043D3F808311B0103F0F0031846A4
:10864000BD465DF8047B704780B400AF4FF0B04387
:108650009B6803F4E0631846BD465DF8047B7047F1
:1086600080B400AF4FF0B0439B6803F460531846EA
:10867000BD465DF8047B704780B400AF4FF0B04357
:108680001B684FF0B04243F08073136000BFBD46DB
:108690005DF8047B704780B400AF4FF0B0431B68B7
:1086A0004FF0B04223F08073136000BFBD465DF809
:1086B000047B704780B400AF4FF0B0431B6803F0F9
:1086C0000073B3F1007F01D1012300E000231846BD
:1086D000BD465DF8047B704780B400AF4FF0B043F7
:1086E000DB681B0A03F07F031846BD465DF8047B78
:1086F000704780B400AF4FF0B043DB6803F06043D5
:108700001846BD465DF8047B704780B400AF4FF05B
:10871000B043DB6803F070031846BD465DF8047B88
:10872000704780B400AF4FF0B043DB6803F0030341
:108730001846BD465DF8047B704780B400AF4FF02B
:10874000B0439B6803F48033B3F5803F01D101232C
:1087500000E000231846BD465DF8047B704780B4F6
:1087600000AF4FF0B043D3F8083103F40033B3F552
:10877000003F01D1012300E000231846BD465DF80B
:10878000047B704780B400AF4FF0B043D3F808319A
:1087900003F48033B3F5803F01D1012300E00023CF
:1087A0001846BD465DF8047B704780B400AF4FF0BB
:1087B000B0439B6803F40033B3F5003F01D10123BC
:1087C00000E000231846BD465DF8047B704780B486
:1087D00000AF4FF0B0439B6803F48023B3F5802FC4
:1087E00001D1012300E000231846BD465DF8047B5B
:1087F0007047000090B58DB000AF78607B68002BAB
:1088000001D1012363E37B681B6803F02003002B85
:1088100000F08D80FFF789FEF862FFF782FFB862F3
:10882000FB6A002B05D0FB6A0C2B47D1BB6A012BDE
:1088300044D17B68DB69002B01D1012347E37B68CE
:108840005C6AFFF734FE03469C4214D97B685B6A7E
:10885000184600F02FFD0346002B01D0012336E31C
:108860007B685B6A1846FFF70EFE7B681B6A18463A
:10887000FFF732FE13E07B685B6A1846FFF703FEE2
:108880007B681B6A1846FFF727FE7B685B6A184601
:1088900000F010FD0346002B01D0012317E300F088
:1088A000C9FC0346A44A1360A44B1B681846FEF794
:1088B0004BFB0346002B39D0012308E37B68DB69BF
:1088C000002B1ED0FFF7B0FDFEF78CFB786208E0AE
:1088D000FEF788FB02467B6AD31A022B01D90323D9
:1088E000F5E2FFF7BFFD0346002BF1D07B685B6A22
:1088F0001846FFF7C8FD7B681B6A1846FFF7ECFDBA
:1089000015E0FFF7A0FDFEF76DFB786208E0FEF7CB
:1089100069FB02467B6AD31A022B01D90323D6E2F4
:10892000FFF7A0FD0346002BF1D100E000BF7B68FC
:108930001B6803F00103002B47D0FFF7F6FD3862F8
:10894000FFF7EFFEF8613B6A082B05D03B6A0C2B62
:1089500008D1FB69032B05D17B685B68002B34D100
:108960000123B4E27B685B68B3F5803F02D1FFF777
:10897000DDFB01E0FFF7E9FB7B685B68002B12D0B1
:10898000FEF730FB786208E0FEF72CFB02467B6ABC
:10899000D31A642B01D9032399E2FFF7E5FB0346C1
:1089A000002BF1D011E0FEF71DFB786208E0FEF726
:1089B00019FB02467B6AD31A642B01D9032386E292
:1089C000FFF7D2FB0346002BF1D17B681B6803F055
:1089D0000203002B4CD0FFF7A8FDB861FFF7A1FE02
:1089E0007861BB69042B05D0BB690C2B0ED17B6968
:1089F000022B0BD17B68DB68002B01D1012366E2DF
:108A00007B681B691846FFF7F1FB31E07B68DB6888
:108A1000002B19D0FFF7BAFBFEF7E4FA786208E002
:108A2000FEF7E0FA02467B6AD31A022B01D9032330
:108A30004DE2FFF7C9FB0346002BF1D07B681B69B1
:108A40001846FFF7D3FB13E0FFF7AFFBFEF7CAFAB8
:108A5000786208E0FEF7C6FA02467B6AD31A022B58
:108A600001D9032333E2FFF7AFFB0346002BF1D11B
:108A70007B681B6803F00803002B06D17B681B682A
:108A800003F01003002B00F0A3807B685B69002BD0
:108A900076D07B681B6803F01003002B46D0FFF7ED
:108AA00066FC0346002B13D1FFF73FFCFEF79AFA52
:108AB000786208E0FEF796FA02467B6AD31A022B28
:108AC00001D9032303E2FFF752FC0346002BF1D048
:108AD000FFF75FFCFEF786FA786208E0FEF782FA9D
:108AE00002467B6AD31A032B01D90323EFE1FFF778
:108AF00072FC0346002BF1D07B689B691846FFF798
:108B00007CFCFFF723FCFEF76DFA786208E0FEF7C5
:108B100069FA02467B6AD31A022B01D90323D6E1F4
:108B2000FFF725FC0346002BF1D151E0FFF7FDFBD9
:108B3000FEF758FA78620CE0A0000020A4000020A4
:108B4000FEF750FA02467B6AD31A022B01D903239F
:108B5000BDE1FFF70CFC0346002BF1D0FFF72AFC28
:108B600008E0FEF73FFA02467B6AD31A032B01D9CD
:108B70000323ACE1FFF72FFC0346002BF1D127E0E4
:108B8000FFF718FCFEF72EFA786208E0FEF72AFAE3
:108B900002467B6AD31A032B01D9032397E1FFF71F
:108BA0001AFC0346002BF1D1FFF7D0FBFEF71AFAAF
:108BB000786208E0FEF716FA02467B6AD31A022BA7
:108BC00001D9032383E1FFF7D2FB0346002BF1D148
:108BD0007B681B6803F00403002B5BD0A74B1B686A
:108BE00003F48073002B14D1FFF770FAFEF7FAF943
:108BF000786208E0FEF7F6F902467B6AD31A022B88
:108C000001D9032363E19D4B1B6803F48073002BA0
:108C1000F0D07B689B68012B02D1FFF730FB0CE0A2
:108C20007B689B68052B04D1FFF74BFBFFF727FB05
:108C300003E0FFF735FBFFF755FB7B689B68002BD4
:108C400014D0FEF7CFF978620AE0FEF7CBF90246BE
:108C50007B6AD31A41F28832934201D9032336E169
:108C6000FFF751FB0346002BEFD013E0FEF7BAF9F4
:108C700078620AE0FEF7B6F902467B6AD31A41F23F
:108C80008832934201D9032321E1FFF73CFB0346DD
:108C9000002BEFD17B681B6803F04003002B2CD026
:108CA0007B689B6A002B14D0FFF7B5FAFEF79AF9A0
:108CB000786208E0FEF796F902467B6AD31A022B27
:108CC00001D9032303E1FFF7C8FA0346002BF1D0D3
:108CD00013E0FFF7B1FAFEF785F9786208E0FEF7D6
:108CE00081F902467B6AD31A022B01D90323EEE0F5
:108CF000FFF7B3FA0346002BF1D17B68DB6A002B48
:108D000000F0E480FFF711FC38614FF0B043DB68FE
:108D1000FB607B68DB6A022B40F0B480FB6803F0E9
:108D200003027B681B6B9A4223D1FB6803F070023D
:108D30007B685B6B9A421CD1FB681B0A03F07F02C5
:108D40007B689B6B9A4214D1FB6803F478127B68B2
:108D5000DB6B9A420DD1FB6803F060627B681B6C91
:108D60009A4206D1FB6803F060427B685B6C9A42D2
:108D70005DD03B690C2B58D04FF0B0431B6803F01B
:108D80008063002B01D00123A1E0FFF784FCFEF7F4
:108D900029F9786208E0FEF725F902467B6AD31AC2
:108DA000022B01D9032392E04FF0B0431B6803F07C
:108DB0000073002BEFD14FF0B043DA68304B134013
:108DC0007A68116B7A68526B11437A68926B12025F
:108DD00011437A68D26B11437A68126C11437A6836
:108DE000526C0A434FF0B0411343CB60FFF744FC91
:108DF0004FF0B043DB684FF0B04243F08053D36094
:108E0000FEF7F0F8786208E0FEF7ECF802467B6ABD
:108E1000D31A022B01D9032359E04FF0B0431B684A
:108E200003F00073002BEFD050E001234FE04FF030
:108E3000B0431B6803F00073002B47D1FFF71CFC05
:108E40004FF0B043DB684FF0B04243F08053D36043
:108E5000FEF7C8F8786208E0FEF7C4F802467B6ABD
:108E6000D31A022B01D9032331E04FF0B0431B6822
:108E700003F00073002BEFD028E000BF000400587F
:108E80008C80C1113B690C2B1ED0FFF704FCFEF750
:108E9000A9F8786208E0FEF7A5F802467B6AD31AC3
:108EA000022B01D9032312E04FF0B0431B6803F0FB
:108EB0000073002BEFD14FF0B043DA684FF0B041B0
:108EC000054B1340CB6001E0012300E0002318466E
:108ED0003437BD4690BD00BFFCFFFEEE80B584B0C8
:108EE00000AF786039607B68002B01D101232DE150
:108EF000984B1B6803F007033A689A421BD9954BBD
:108F00001B6823F0070293493B6813430B60FEF78D
:108F100069F8F86008E0FEF765F80246FB68D31AC6
:108F2000022B01D9032311E18A4B1B6803F00703CD
:108F30003A689A42EFD17B681B6803F00203002B6A
:108F400016D07B689B681846FFF7FBFAFEF74AF8D5
:108F5000F86008E0FEF746F80246FB68D31A022BD9
:108F600001D90323F2E0FFF7E8FB0346002BF1D021
:108F70007B681B6803F02003002B16D07B685B69BD
:108F80001846FFF7F2FAFEF72DF8F86008E0FEF752
:108F900029F80246FB68D31A022B01D90323D5E036
:108FA000FFF7DDFB0346002BF1D07B681B6803F065
:108FB0004003002B16D07B689B691846FFF7EBFA3D
:108FC000FEF710F8F86008E0FEF70CF80246FB68C0
:108FD000D31A022B01D90323B8E0FFF7D3FB0346D2
:108FE000002BF1D07B681B6803F00403002B16D024
:108FF0007B68DB681846FFF7E5FAFDF7F3FFF860DA
:1090000008E0FDF7EFFF0246FB68D31A022B01D9F7
:1090100003239BE0FFF7C9FB0346002BF1D07B68DD
:109020001B6803F00803002B17D07B681B69DB006B
:109030001846FFF7DBFAFDF7D5FFF86008E0FDF70B
:10904000D1FF0246FB68D31A022B01D903237DE02E
:10905000FFF7BDFB0346002BF1D07B681B6803F0D4
:109060000103002B43D07B685B68022B06D1FFF71E
:109070007BF80346002B1ED1012367E07B685B6809
:10908000032B06D1FFF716FB0346002B13D1012358
:109090005CE07B685B68002B06D1FFF7E3F90346D1
:1090A000002B08D1012351E0FFF78EF80346002B77
:1090B00001D101234AE07B685B681846FFF721FA7B
:1090C000FDF790FFF8600AE0FDF78CFF0246FB68B1
:1090D000D31A41F28832934201D9032336E0FFF7D5
:1090E00024FA02467B685B689B009A42ECD1194BDC
:1090F0001B6803F007033A689A421BD2154B1B68A2
:1091000023F0070213493B6813430B60FDF76AFF26
:10911000F86008E0FDF766FF0246FB68D31A022BF1
:1091200001D9032312E00B4B1B6803F007033A68D5
:109130009A42EFD100F07EF80346074A1360FDF72C
:109140005DFF03461846FDF7FFFE0346184610373D
:10915000BD4680BD00400058A000002090B585B0FD
:1091600000AFFFF7E2F978607B68002B0AD1FFF7C8
:109170009EF903461B0903F00F032B4A52F82330D4
:10918000FB604BE07B68042B02D1284BFB6045E081
:109190007B68082B0AD1FEF7B7FF0346012B02D1EB
:1091A000224BFB603AE0224BFB6037E0FFF7B9FA55
:1091B00038603B68022B03D03B68032B03D00DE0E3
:1091C0001A4BBB6015E0FEF79FFF0346012B02D14F
:1091D000164BBB600DE0164BBB600AE0FFF767F96A
:1091E00003461B0903F00F030F4A52F82330BB60FC
:1091F00000BFFFF771FA0246BB6803FB02F4FFF7FA
:1092000084FA03461B090133B4FBF3F4FFF771FA48
:1092100003465B0F0133B4FBF3F3FB60FB681846B6
:109220001437BD4690BD00BF705301080024F40000
:109230000048E80198B500AFFFF790FF0446FFF73C
:10924000E9F903461B0903F00F03034A52F82330E0
:10925000B4FBF3F3184698BD1053010898B500AF5E
:10926000FFF7E8FF0446FFF7EFF903461B0A03F098
:109270000703044A52F8233003F01F0324FA03F3D0
:10928000184698BD5053010898B500AFFFF7D2FFBC
:109290000446FFF7E5F90346DB0A03F00703044A37
:1092A00052F8233003F01F0324FA03F3184698BD45
:1092B0005053010890B585B000AF78607B68B02B43
:1092C00003D9154BDB6AFB6007E07B681B0903F0E1
:1092D0000F03114A52F82330FB60FFF7A7F903464A
:1092E0001B0903F00F030D4A52F82330FA68B2FB52
:1092F000F3F3BB60BB680A4AA2FB03239C0CFEF796
:10930000F5FE03461946204600F00CF803461846C1
:109310001437BD4690BD00BF7053010810530108BB
:1093200083DE1B4390B593B000AF78603960374B54
:1093300007F128040FCB84E80F00354A07F11C031E
:1093400007CA83E80700334B07F10C040FCB84E80E
:109350000F0000237B643B68B3F5007F1AD1002324
:109360003B6413E03B6C9B0048333B4453F8203C88
:109370007A689A4207D83B6C9B0048333B4453F8C9
:109380003C3C7B6420E03B6C01333B643B6C032B37
:10939000E8D919E00023FB6313E0FB6B9B00483323
:1093A0003B4453F82C3C7A689A4207D8FB6B9B00ED
:1093B00048333B4453F83C3C7B6405E0FB6B013392
:1093C000FB63FB6B022BE8D9134B1B6823F00702EE
:1093D00011497B6C13430B60FDF704FEB86308E092
:1093E000FDF700FE0246BB6BD31A022B01D9032303
:1093F00007E0094B1B6803F007037A6C9A42EFD130
:10940000002318464C37BD4690BD00BF00510108EF
:10941000105101081C5101080040005880B400AFF1
:109420004FF0B043D3F8903003F00103012B01D18A
:10943000012300E000231846BD465DF8047B704719
:1094400080B400AF4FF0B043D3F8903003F0020384
:10945000022B01D1012300E000231846BD465DF830
:10946000047B704780B483B000AF78604FF0B043A6
:10947000D3F8943023F440424FF0B0417B6813435B
:10948000C1F8943000BF0C37BD465DF8047B7047CF
:1094900080B483B000AF78604FF0B0435B6A23F0D4
:1094A00003024FF0B0417B6813434B6200BF0C379F
:1094B000BD465DF8047B704780B483B000AF786030
:1094C0004FF0B0435B6A23F030024FF0B0417B684D
:1094D00013434B6200BF0C37BD465DF8047B7047F9
:1094E00080B483B000AF78604FF0B043D3F88830D9
:1094F00023F003024FF0B0417B681343C1F888307A
:1095000000BF0C37BD465DF8047B704780B483B064
:1095100000AF78604FF0B043D3F8883023F4406256
:109520004FF0B0417B681343C1F8883000BF0C375F
:10953000BD465DF8047B704780B483B000AF7860AF
:109540004FF0B043D3F888207B681B0903F47F23D6
:10955000DB431A407B681B0103F47F234FF0B041CB
:109560001343C1F8883000BF0C37BD465DF8047B5B
:10957000704780B483B000AF78604FF0B043D3F849
:1095800088207B681B0C1B04DB431A407B681B0490
:109590004FF0B0411343C1F8883000BF0C37BD46CF
:1095A0005DF8047B704780B483B000AF78604FF003
:1095B000B043D3F8883023F440024FF0B0417B68C9
:1095C0001343C1F8883000BF0C37BD465DF8047BFB
:1095D000704780B483B000AF78604FF0B043D3F8E9
:1095E000883023F040424FF0B0417B681343C1F80C
:1095F000883000BF0C37BD465DF8047B704780B4EF
:1096000083B000AF78604FF0B043D3F8883023F0D8
:1096100040624FF0B0417B681343C1F8883000BF0F
:109620000C37BD465DF8047B704780B582B000AF53
:1096300078607868FFF7E3FF00BF0837BD4680BD5C
:1096400080B483B000AF78604FF0B043D3F8883077
:1096500023F040524FF0B0417B681343C1F888308B
:1096600000BF0C37BD465DF8047B704780B483B003
:1096700000AF78604FF0B043D3F8903023F44072DD
:109680004FF0B0417B681343C1F8903000BF0C37F6
:10969000BD465DF8047B704780B400AF4FF0B04327
:1096A000D3F8903003F440731846BD465DF8047B50
:1096B000704780B400AF4FF0B043D3F890304FF014
:1096C000B04243F48033C2F8903000BFBD465DF82D
:1096D000047B704780B400AF4FF0B043D3F89030B4
:1096E0004FF0B04223F48033C2F8903000BFBD4643
:1096F0005DF8047B704780B400AF4FF0B0431B6847
:109700004FF0B04243F08063136000BFBD465DF888
:10971000047B704780B400AF4FF0B0431B684FF03C
:10972000B04223F08063136000BFBD465DF8047B48
:10973000704780B400AF4FF0B0431B6803F0006384
:10974000B3F1006F01D1012300E000231846BD46AC
:109750005DF8047B704780B588B000AF7860002367
:10976000FB770023BB777B681B6803F04003002B6B
:1097700034D07B681B6BB3F5400F21D0B3F5400F9D
:109780001BD8B3F5000F1DD0B3F5000F15D8002B73
:109790000BD0B3F5800F10D14FF0B043DB684FF022
:1097A000B04243F48033D3600DE07B680433184645
:1097B00000F047F90346FB7705E00123FB7702E061
:1097C00000BF00E000BFFB7F002B05D17B681B6B57
:1097D0001846FFF7E8FE01E0FB7FBB777B681B685C
:1097E00003F40063002B46D0FFF756FFB8617B6897
:1097F0001B6CBA699A423CD0FEF768FCBB69002B2F
:1098000005D17B681B6C1846FFF730FF2EE04FF048
:10981000B043D3F890307B61FFF74BFFFFF75AFF5F
:109820007B6923F440727B681B6C13437B614FF0B0
:10983000B0427B69C2F89030FFF7F0FD0346012B80
:1098400014D1FDF7CFFB38610BE0FDF7CBFB0246EF
:109850003B69D31A41F28832934202D90323FB7742
:1098600004E0FFF7EDFD0346012BEED1FB7FBB7754
:1098700001E0FB7FBB777B681B6803F00103002BD3
:1098800004D07B689B691846FFF72AFE7B681B683B
:1098900003F00203002B04D07B68DB691846FFF756
:1098A00035FE7B681B6803F01003002B04D07B6837
:1098B0009B6A1846FFF75DFE7B681B6803F0200378
:1098C000002B04D07B68DB6A1846FFF752FE7B68EA
:1098D0001B6803F00403002B04D07B681B6A184646
:1098E000FFF72AFE7B681B6803F00803002B04D0F7
:1098F0007B685B6A1846FFF71FFE7B681B6803F4F2
:109900008073002B22D07B685B6B1846FFF78DFEBF
:109910007B685B6BB3F1006F07D14FF0B043DB683E
:109920004FF0B04243F08073D3607B685B6BB3F160
:10993000806F0BD17B680433184600F0DDF80346D6
:10994000FB77FB7F002B01D0FB7FBB777B681B681D
:1099500003F40073002B2BD07B689B6BB3F1804F1B
:1099600008D07B689B6BB3F1004F03D07B689B6B87
:10997000002B05D17B689B6B1846FFF72AFE0AE097
:109980007B689B6B23F08053FB600020FFF721FE78
:10999000F868FFF734FE7B689B6BB3F1C05F07D1BB
:1099A0004FF0B043DB684FF0B04243F08073D360B8
:1099B0007B681B6803F48063002B22D07B68DB6B21
:1099C0001846FFF73DFE7B68DB6BB3F1005F07D104
:1099D0004FF0B043DB684FF0B04243F48033D360C4
:1099E0007B68DB6BB3F1805F0BD17B680433184677
:1099F00000F0DDF80346FB77FB7F002B01D0FB7FF7
:109A0000BB777B681B6803F48053002B04D07B6812
:109A10005B6C1846FFF726FD7B681B6803F4005358
:109A2000002B09D07B68DB6C1846FFF745FD7B688F
:109A30009B6C1846FFF72CFDBB7F18462037BD46B0
:109A400080BD80B584B000AF78600023FB73FFF762
:109A500061FEFDF7C7FAB86009E0FDF7C3FA0246F8
:109A6000BB68D31A022B02D90323FB7304E0FFF770
:109A700060FE0346002BF0D1FB7B002B37D14FF06B
:109A8000B0431B6923F4FE427B681B681B024FF046
:109A9000B04113430B614FF0B0431B6923F47812BC
:109AA0007B685B684FF0B04113430B61FFF723FE07
:109AB000FDF798FAB86009E0FDF794FA0246BB6832
:109AC000D31A022B02D90323FB7304E0FFF731FE04
:109AD0000346012BF0D1FB7B002B08D14FF0B043A4
:109AE0001A697B681B694FF0B04113430B61FB7B24
:109AF00018461037BD4680BD80B584B000AF786091
:109B00000023FB73FFF706FEFDF76CFAB86009E06F
:109B1000FDF768FA0246BB68D31A022B02D9032369
:109B2000FB7304E0FFF705FE0346002BF0D1FB7B3F
:109B3000002B37D14FF0B0431B6923F4FE427B6802
:109B40001B681B024FF0B04113430B614FF0B04351
:109B50001B6923F060627B689B684FF0B041134340
:109B60000B61FFF7C8FDFDF73DFAB86009E0FDF7AE
:109B700039FA0246BB68D31A022B02D90323FB73BE
:109B800004E0FFF7D6FD0346012BF0D1FB7B002B51
:109B900008D14FF0B0431A697B681B694FF0B041A0
:109BA00013430B61FB7B18461037BD4680BD80B563
:109BB00084B000AF78600023FB73FFF7ABFDFDF7C7
:109BC00011FAB86009E0FDF70DFA0246BB68D31A36
:109BD000022B02D90323FB7304E0FFF7AAFD03461F
:109BE000002BF0D1FB7B002B37D14FF0B0431B692A
:109BF00023F4FE427B681B681B024FF0B041134305
:109C00000B614FF0B0431B6923F060427B68DB6857
:109C10004FF0B04113430B61FFF76DFDFDF7E2F923
:109C2000B86009E0FDF7DEF90246BB68D31A022BE3
:109C300002D90323FB7304E0FFF77BFD0346012BEE
:109C4000F0D1FB7B002B08D14FF0B0431A697B6841
:109C50001B694FF0B04113430B61FB7B1846103773
:109C6000BD4680BD80B584B000AF78607B68002BB6
:109C700001D101237AE07B6893F82130DBB2002B1D
:109C800006D17B68002283F820207868F9F706FA6D
:109C90007B68022283F821207B681B68DB6803F065
:109CA0001003102B58D07B681B68CA225A627B684D
:109CB0001B6853225A62786800F082F80346FB73EF
:109CC000FB7B002B2CD17B681B689B687A68126831
:109CD00023F4E00323F0400393607B681B689968DA
:109CE0007B685A687B681B691A437B689B691A43C7
:109CF0007B681B680A439A607B681B687A68D26835
:109D00001A617B681B6819697B689B681A047B6809
:109D10001B680A431A61786800F08AF80346FB73EF
:109D2000FB7B002B13D17B681B68DA6C7B681B689C
:109D300022F00302DA647B681B68D96C7B68DA69FD
:109D40007B685B691A437B681B680A43DA647B683B
:109D50001B68FF225A6201E00023FB73FB7B002B90
:109D600003D17B68012283F82120FB7B1846103742
:109D7000BD4680BD80B584B000AF78600023FB6035
:109D80007B681B680D4ADA60FDF72CF9F86009E082
:109D9000FDF728F90246FB68D31AB3F57A7F01D99B
:109DA000032307E07B681B68DB6803F02003002BBC
:109DB000EED0002318461037BD4680BD5FFF01007E
:109DC00080B584B000AF78600023BB600023FB73D4
:109DD0007B681B68DB6803F04003002B23D17B68A2
:109DE0001B68DA687B681B6842F08002DA60FDF766
:109DF000F9F8B8600DE0FDF7F5F80246BB68D31A34
:109E0000B3F57A7F05D97B68042283F821200123EA
:109E1000FB737B681B68DB6803F04003002B02D1F7
:109E2000FB7B012BE7D1FB7B18461037BD4680BD7D
:109E300080B584B000AF78600023FB737B681B683B
:109E4000DA687B681B6822F08002DA607B681B6836
:109E50009B6803F02003002B0BD17868FFF78AFF83
:109E60000346002B05D07B68042283F821200123C0
:109E7000FB73FB7B18461037BD4680BD80B483B0B2
:109E800000AF78607B6893F82030012B01D102236A
:109E900024E07B68012283F820207B68022283F87B
:109EA00021207B681B68CA225A627B681B68532288
:109EB0005A627B681B689A687B681B6842F02002C4
:109EC0009A607B681B68FF225A627B68012283F8D4
:109ED00021207B68002283F82020002318460C37BD
:109EE000BD465DF8047B704780B584B000AF7860F4
:109EF0007B68002B01D1012395E07B685B6A002B16
:109F000008D17B685B68B3F5827F09D07B6800224B
:109F1000DA6105E07B6800221A617B6800225A61E1
:109F20007B6800229A627B6893F85D30DBB2002B7D
:109F300006D17B68002283F85C20786800F077F80F
:109F40007B68022283F85D207B681B681A687B6847
:109F50001B6822F040021A607B68DB68B3F5E06F93
:109F600002D90023FB6002E04FF48053FB607B6862
:109F7000DB68B3F5706F07D07B68DB68B3F5E06F23
:109F800002D07B6800229A627B685B6803F482726D
:109F90007B689B6803F404431A437B681B6903F0E6
:109FA00002031A437B685B6903F001031A437B6871
:109FB0009B6903F400731A437B68DB6903F0380381
:109FC0001A437B681B6A03F0800342EA03017B6843
:109FD0009B6A03F400527B681B680A431A607B6823
:109FE0009B691B0C03F004027B685B6A03F010039F
:109FF0001A437B685B6B03F008031A437B68DB68DA
:10A0000003F4706342EA0301FB6803F480527B6847
:10A010001B680A435A607B6800221A667B6801222B
:10A0200083F85D20002318461037BD4680BD80B4FC
:10A0300083B000AF786000BF0C37BD465DF8047B8D
:10A04000704780B588B000AFF860B9603B601346D8
:10A05000FB80FCF7C7FFF861FB887B83FB6893F804
:10A060005D30DBB2012B01D002235CE1BB68002B29
:10A0700002D0FB88002B01D1012354E1FB6893F847
:10A080005C30012B01D102234DE1FB68012283F8F2
:10A090005C20FB68032283F85D20FB6800221A66BF
:10A0A000FB68BA689A63FB68FA889A87FB68FA8843
:10A0B000DA87FB6800221A64FB680022A3F84420B8
:10A0C000FB680022A3F84620FB6800221A65FB68A3
:10A0D0000022DA64FB689B68B3F5004F0FD1FB6880
:10A0E0001B681A68FB681B6822F040021A60FB6854
:10A0F0001B681A68FB681B6842F480421A60FB68A0
:10A100001B681B6803F04003402B07D0FB681B68EB
:10A110001A68FB681B6842F040021A60FB68DB6843
:10A12000B3F5E06F52D9FB685B68002B02D07B8BE4
:10A13000012B45D1FB689B6B1A88FB681B68DA60B2
:10A14000FB689B6B9A1CFB689A63FB68DB8F9BB276
:10A15000013B9AB2FB68DA8732E0FB681B689B68B8
:10A1600003F00203022B12D1FB689B6B1A88FB6879
:10A170001B68DA60FB689B6B9A1CFB689A63FB6840
:10A18000DB8F9BB2013B9AB2FB68DA8718E0FCF7E1
:10A1900029FF0246FB69D31A3A689A4203D83B6802
:10A1A000B3F1FF3F02D13B68002B09D1FB680122CC
:10A1B00083F85D20FB68002283F85C200323B2E073
:10A1C000FB68DB8F9BB2002BC7D183E0FB685B6829
:10A1D000002B02D07B8B012B77D1FB68DB8F9BB2EE
:10A1E000012B12D9FB689B6B1A88FB681B68DA602D
:10A1F000FB689B6B9A1CFB689A63FB68DB8F9BB2C6
:10A20000023B9AB2FB68DA875FE0FB689A6BFB68F7
:10A210001B680C3312781A70FB689B6B5A1CFB6826
:10A220009A63FB68DB8F9BB2013B9AB2FB68DA87CB
:10A230004BE0FB681B689B6803F00203022B2BD1E9
:10A24000FB68DB8F9BB2012B12D9FB689B6B1A88D2
:10A25000FB681B68DA60FB689B6B9A1CFB689A635F
:10A26000FB68DB8F9BB2023B9AB2FB68DA872CE07B
:10A27000FB689A6BFB681B680C3312781A70FB68DA
:10A280009B6B5A1CFB689A63FB68DB8F9BB2013B9C
:10A290009AB2FB68DA8718E0FCF7A4FE0246FB6975
:10A2A000D31A3A689A4203D83B68B3F1FF3F02D110
:10A2B0003B68002B09D1FB68012283F85D20FB6815
:10A2C000002283F85C2003232DE0FB68DB8F9BB228
:10A2D000002BAED1FA693968F86800F073FB0346C9
:10A2E000002B02D0FB6820221A66FB689B68002BBB
:10A2F0000AD100237B61FB681B68DB687B61FB681C
:10A300001B689B687B617B69FB68012283F85D2089
:10A31000FB68002283F85C20FB681B6E002B01D0D9
:10A32000012300E0002318462037BD4680BD80B5DC
:10A330008AB000AFF860B9607A607B8001237B62ED
:10A34000FCF750FE3862FB6893F85D30FB77FB68E2
:10A350005B68BB617B88FB827B88BB82FB7F012BB8
:10A360000CD0BB69B3F5827F06D1FB689B68002BDC
:10A3700002D1FB7F042B01D00223F3E1BB68002B49
:10A3800005D07B68002B02D07B88002B01D10123F4
:10A39000E8E1FB6893F85C30012B01D10223E1E195
:10A3A000FB68012283F85C20FB6893F85D30DBB228
:10A3B000042B03D0FB68052283F85D20FB68002294
:10A3C0001A66FB687A681A64FB687A88A3F84620E4
:10A3D000FB687A88A3F84420FB68BA689A63FB6834
:10A3E0007A88DA87FB687A889A87FB680022DA64C1
:10A3F000FB6800221A65FB68DB68B3F5E06F02D8E2
:10A40000BB8A012B08D9FB681B685A68FB681B686C
:10A4100022F480525A6007E0FB681B685A68FB68A8
:10A420001B6842F480525A60FB681B681B6803F08B
:10A430004003402B07D0FB681B681A68FB681B6849
:10A4400042F040021A60FB68DB68B3F5E06F40F24F
:10A450008380FB685B68002B02D0FB8A012B6FD1E5
:10A46000FB689B6B1A88FB681B68DA60FB689B6B58
:10A470009A1CFB689A63FB68DB8F9BB2013B9AB224
:10A48000FB68DA875CE0FB681B689B6803F00203EB
:10A49000022B1BD1FB68DB8F9BB2002B16D07B6A93
:10A4A000012B13D1FB689B6B1A88FB681B68DA6071
:10A4B000FB689B6B9A1CFB689A63FB68DB8F9BB203
:10A4C000013B9AB2FB68DA8700237B62FB681B685A
:10A4D0009B6803F00103012B1CD1FB68B3F84630E5
:10A4E0009BB2002B16D0FB681B68DA68FB681B6CFC
:10A4F00092B21A80FB681B6C9A1CFB681A64FB689A
:10A50000B3F846309BB2013B9AB2FB68A3F84620F1
:10A5100001237B62FCF766FD02463B6AD31A3A6B65
:10A520009A420DD83B6BB3F1FF3F09D0FB68012283
:10A5300083F85D20FB68002283F85C20032311E18F
:10A54000FB68DB8F9BB2002B9DD1FB68B3F84630D4
:10A550009BB2002B97D1E5E0FB685B68002B03D032
:10A56000FB8A012B40F0D180FB68DB8F9BB2012B73
:10A5700012D9FB689B6B1A88FB681B68DA60FB6862
:10A580009B6B9A1CFB689A63FB68DB8F9BB2023B58
:10A590009AB2FB68DA87B8E0FB689A6BFB681B68C5
:10A5A0000C3312781A70FB689B6B5A1CFB689A6319
:10A5B000FB68DB8F9BB2013B9AB2FB68DA87A4E0B1
:10A5C000FB681B689B6803F00203022B34D1FB6815
:10A5D000DB8F9BB2002B2FD07B6A012B2CD1FB6829
:10A5E000DB8F9BB2012B12D9FB689B6B1A88FB682F
:10A5F0001B68DA60FB689B6B9A1CFB689A63FB68BC
:10A60000DB8F9BB2023B9AB2FB68DA8712E0FB68F1
:10A610009A6BFB681B680C3312781A70FB689B6B93
:10A620005A1CFB689A63FB68DB8F9BB2013B9AB2B2
:10A63000FB68DA8700237B62FB681B689B6803F07A
:10A640000103012B48D1FB68B3F846309BB2002BC5
:10A6500042D0FB68B3F846309BB2012B23D9FB688C
:10A660001B68DA68FB681B6C92B21A80FB681B6C73
:10A670009A1CFB681A64FB68B3F846309BB2023B35
:10A680009AB2FB68A3F84620FB68B3F846309BB249
:10A69000012B1FD8FB681B685A68FB681B6842F4D3
:10A6A00080525A6016E0FB681B6803F10C02FB68DD
:10A6B0001B6C1278D2B21A70FB681B6C5A1CFB68B8
:10A6C0001A64FB68B3F846309BB2013B9AB2FB6850
:10A6D000A3F8462001237B62FCF784FC02463B6A18
:10A6E000D31A3A6B9A4203D83B6BB3F1FF3F02D1C6
:10A6F0003B6B002B09D1FB68012283F85D20FB68CE
:10A70000002283F85C2003232CE0FB68DB8F9BB2E4
:10A71000002B7FF455AFFB68B3F846309BB2002B9B
:10A720007FF44EAF3A6A396BF86800F04BF9034694
:10A73000002B08D0FB6820221A66FB68002283F8F1
:10A740005C2001230EE0FB68012283F85D20FB689A
:10A75000002283F85C20FB681B6E002B01D00123D4
:10A7600000E0002318462837BD4680BD80B483B082
:10A7700000AF78607B6893F85D30DBB218460C3729
:10A78000BD465DF8047B704780B588B000AFF860C7
:10A79000B9603B601346FB71FCF724FC0246BB6AC0
:10A7A0009B1A3A681344FB61FCF71CFCB861394BF7
:10A7B0001B685B011B0DFA6902FB03F37B6155E02B
:10A7C0003B68B3F1FF3F51D0FCF70CFC0246BB697C
:10A7D000D31AFA699A4202D9FB69002B3DD1FB6872
:10A7E0001B685A68FB681B6822F0E0025A60FB682D
:10A7F0005B68B3F5827F11D1FB689B68B3F5004FAE
:10A8000004D0FB689B68B3F5806F07D1FB681B68B9
:10A810001A68FB681B6822F040021A60FB689B6A9A
:10A82000B3F5005F0FD1FB681B681A68FB681B68F3
:10A8300022F400521A60FB681B681A68FB681B68E8
:10A8400042F400521A60FB68012283F85D20FB6825
:10A85000002283F85C20032318E07B69002B02D1DF
:10A860000023FB6102E07B69013B7B61FB681B68A5
:10A870009A68BB681340BA689A420CBF0123002350
:10A88000DBB21A46FB799A429AD100231846203748
:10A89000BD4680BDA000002080B58AB000AFF86042
:10A8A000B9607A603B600023FB75FCF79BFB0246B6
:10A8B0003B6B9B1A3A6813447B62FCF793FB38624C
:10A8C000FB681B680C33FB613D4B1A6813469B0009
:10A8D0001344DA00D31A1B0D7A6A02FB03F3BB613F
:10A8E00061E0BB68B3F5C06F07D17B68002B04D172
:10A8F000FB691B78DBB2FB75FB7D3B68B3F1FF3F67
:10A9000051D0FCF76FFB02463B6AD31A7A6A9A422F
:10A9100002D97B6A002B3DD1FB681B685A68FB6833
:10A920001B6822F0E0025A60FB685B68B3F5827F27
:10A9300011D1FB689B68B3F5004F04D0FB689B689E
:10A94000B3F5806F07D1FB681B681A68FB681B684A
:10A9500022F040021A60FB689B6AB3F5005F0FD1DA
:10A96000FB681B681A68FB681B6822F400521A60B7
:10A97000FB681B681A68FB681B6842F400521A6087
:10A98000FB68012283F85D20FB68002283F85C20CD
:10A99000032311E0BB69002B02D100237B6202E09C
:10A9A000BB69013BBB61FB681B689A68BB681340CD
:10A9B0007A689A4295D1002318462837BD4680BD53
:10A9C000A000002080B586B002AFF860B9607A6060
:10A9D0007B680093BB6800224FF4C051F868FFF712
:10A9E0005BFF0346002B07D0FB681B6E43F0200281
:10A9F000FB681A66032327E07B680093BB6800228C
:10AA00008021F868FFF7C0FE0346002B07D0FB68E3
:10AA10001B6E43F02002FB681A66032314E07B6878
:10AA20000093BB6800224FF4C061F868FFF734FF61
:10AA30000346002B07D0FB681B6E43F02002FB6827
:10AA40001A66032300E0002318461037BD4680BD78
:10AA500080B582B000AF78607B68002B01D1012304
:10AA600049E07B6893F83D30DBB2002B06D17B6870
:10AA7000002283F83C20786800F041F87B680222CD
:10AA800083F83D207B681A687B68043319461046BA
:10AA900000F016F97B68012283F848207B680122C8
:10AAA00083F83E207B68012283F83F207B680122E7
:10AAB00083F840207B68012283F841207B680122D3
:10AAC00083F842207B68012283F843207B680122BF
:10AAD00083F844207B68012283F845207B680122AB
:10AAE00083F846207B68012283F847207B68012297
:10AAF00083F83D20002318460837BD4680BD80B44A
:10AB000083B000AF786000BF0C37BD465DF8047BB2
:10AB10007047000080B485B000AF78607B6893F820
:10AB20003D30DBB2012B01D001232EE07B680222F5
:10AB300083F83D207B681B68174A934204D07B68EA
:10AB40001B68B3F1804F15D17B681B689A68134B63
:10AB50001340FB60FB68062B15D0FB68B3F5803F04
:10AB600011D07B681B681A687B681B6842F0010281
:10AB70001A6008E07B681B681A687B681B6842F0F3
:10AB800001021A6000E000BF002318461437BD46DA
:10AB90005DF8047B704700BF002C014007000100F6
:10ABA00080B483B000AF78607B681B681B6A03F0D9
:10ABB000113323F08853002B0FD17B681B681A6A6E
:10ABC00040F244431340002B07D17B681B681A688E
:10ABD0007B681B6822F001021A607B68012283F8FF
:10ABE0003D20002318460C37BD465DF8047B7047B6
:10ABF00080B582B000AF78607B68022283F83D2088
:10AC00007B681B681B6A03F0113323F08853002B09
:10AC10000FD17B681B681A6A40F244431340002B33
:10AC200007D17B681B681A687B681B6822F00102E9
:10AC30001A60786800F039F87B68002283F84820B1
:10AC40007B68002283F83E207B68002283F83F2047
:10AC50007B68002283F840207B68002283F8412033
:10AC60007B68002283F842207B68002283F843201F
:10AC70007B68002283F844207B68002283F845200B
:10AC80007B68002283F846207B68002283F84720F7
:10AC90007B68002283F83D207B68002283F83C20FB
:10ACA000002318460837BD4680BD80B483B000AF8E
:10ACB000786000BF0C37BD465DF8047B704700002C
:10ACC00080B485B000AF786039607B681B68FB603A
:10ACD0007B682D4A934203D07B68B3F1804F08D143
:10ACE000FB6823F07003FB603B685B68FA68134302
:10ACF000FB607B68244A93420BD07B68B3F1804FA2
:10AD000007D07B68214A934203D07B68204A934254
:10AD100008D1FB6823F44073FB603B68DB68FA688A
:10AD20001343FB60FB6823F080023B685B691343BD
:10AD3000FB603B689A687B68DA623B681A687B68EC
:10AD40009A627B68104A934207D07B680F4A93420D
:10AD500003D07B680E4A934203D13B681A697B6833
:10AD60001A637B681B6843F004027B681A607B6887
:10AD700001225A617B68FA681A6000BF1437BD4629
:10AD80005DF8047B704700BF002C01400044014087
:10AD90000048014080B483B000AF78604FF0B0430A
:10ADA000D3F888207B68134018460C37BD465DF801
:10ADB000047B704780B483B000AF78604FF0B0433D
:10ADC000D3F888207B68134018460C37BD465DF8E1
:10ADD000047B704780B582B000AF78607B68002B41
:10ADE00001D1012342E07B68D3F88830002B06D1E3
:10ADF0007B68002283F884207868F8F787F97B68FD
:10AE00002422C3F888207B681B681A687B681B684B
:10AE100022F001021A607B689B6A002B02D07868DE
:10AE200000F07EFE786800F053FC0346012B01D150
:10AE300001231BE07B681B685A687B681B6822F44F
:10AE400090425A607B681B689A687B681B6822F096
:10AE50002A029A607B681B681A687B681B6842F04C
:10AE600001021A60786800F0FDFE034618460837B4
:10AE7000BD4680BD80B58AB000AFF860B9601346AA
:10AE8000FB80FB68D3F88C30202B37D1BB68002BBC
:10AE900002D0FB88002B01D1012330E0FB680022A7
:10AEA000DA66FB681B68184A93421FD0FB681B6870
:10AEB0005B6803F40003002B18D0FB681B687B6100
:10AEC0007B6953E8003F3B613B6943F080637B62F1
:10AED000FB681B681A467B6A3B62FA61F9693A6A49
:10AEE00041E80023BB61BB69002BE6D1FB881A4611
:10AEF000B968F86800F0CEFF034600E00223184668
:10AF00002837BD4680BD00BF0080004080B58AB0B4
:10AF100000AFF860B9601346FB80FB68D3F8883057
:10AF2000202B67D1BB68002B02D0FB88002B01D1FE
:10AF3000012360E0FB68BA681A65FB68FA88A3F829
:10AF40005420FB68FA88A3F85620FB680022C3F857
:10AF50009020FB682122C3F88820FB68DB6F002B60
:10AF600028D0FB68DB6F264ADA62FB68DB6F254A74
:10AF70001A63FB68DB6F244A5A63FB68DB6F0022AD
:10AF80009A63FB68D86FFB681B6D1946FB681B68EA
:10AF900028331A46FB88FCF797FA0346002B09D0A2
:10AFA000FB681022C3F89020FB682022C3F8882099
:10AFB000012320E0FB681B6840221A62FB681B68C3
:10AFC00008337B617B6953E8003F3B613B6943F099
:10AFD00080037B62FB681B6808337A6A3A62FB6114
:10AFE000F9693A6A41E80023BB61BB69002BE5D1EE
:10AFF000002300E0022318462837BD4680BD00BF6D
:10B0000027C20008B9C20008D5C2000880B5BAB08E
:10B0100000AF78607B681B68DB69C7F8E4307B6849
:10B020001B681B68C7F8E0307B681B689B68C7F823
:10B03000DC30D7F8E42040F60F031340C7F8D830CF
:10B04000D7F8D830002B1BD1D7F8E43003F0200319
:10B05000002B15D0D7F8E03003F02003002B05D1EA
:10B06000D7F8DC3003F08053002B09D07B685B6F8E
:10B07000002B00F000837B685B6F78689847FAE2EA
:10B08000D7F8D830002B00F02381D7F8DC208D4B87
:10B090001340002B06D1D7F8E0208B4B1340002B38
:10B0A00000F01681D7F8E43003F00103002B11D033
:10B0B000D7F8E03003F48073002B0BD07B681B685B
:10B0C00001221A627B68D3F8903043F001027B685A
:10B0D000C3F89020D7F8E43003F00203002B11D01E
:10B0E000D7F8DC3003F00103002B0BD07B681B6822
:10B0F00002221A627B68D3F8903043F004027B6826
:10B10000C3F89020D7F8E43003F00403002B11D0EB
:10B11000D7F8DC3003F00103002B0BD07B681B68F1
:10B1200004221A627B68D3F8903043F002027B68F5
:10B13000C3F89020D7F8E43003F00803002B17D0B1
:10B14000D7F8E03003F02003002B05D1D7F8DC203E
:10B150005C4B1340002B0BD07B681B6808221A62E3
:10B160007B68D3F8903043F008027B68C3F89020E6
:10B17000D7F8E43003F40063002B12D0D7F8E030A6
:10B1800003F08063002B0CD07B681B684FF40062D7
:10B190001A627B68D3F8903043F020027B68C3F8D2
:10B1A00090207B68D3F89030002B00F06682D7F8AF
:10B1B000E43003F02003002B13D0D7F8E03003F085
:10B1C0002003002B05D1D7F8DC3003F08053002B8F
:10B1D00007D07B685B6F002B03D07B685B6F786860
:10B1E00098477B68D3F89030C7F8D4307B681B68E9
:10B1F0009B6803F04003402B05D0D7F8D43003F010
:10B200002803002B54D0786800F0A7FF7B681B68E8
:10B210009B6803F04003402B46D17B681B680833D2
:10B22000C7F89C30D7F89C3053E8003FC7F89830F7
:10B23000D7F8983023F04003C7F8D0307B681B68FC
:10B240000833D7F8D020C7F8A820C7F8A430D7F81B
:10B25000A410D7F8A82041E80023C7F8A030D7F8F9
:10B26000A030002BD9D17B68D3F88030002B17D0C9
:10B270007B68D3F88030154A9A637B68D3F88030B6
:10B280001846FCF7FBF90346002B19D07B68D3F86E
:10B2900080309B6B7A68D2F88020104698470FE088
:10B2A000786800F0FFF90BE0786800F0FBF907E040
:10B2B000786800F0F7F97B680022C3F89020DCE1A1
:10B2C00000BFDAE1010000102001000445C30008BE
:10B2D0007B68DB6E012B40F07081D7F8E43003F01F
:10B2E0001003002B00F06981D7F8E03003F0100361
:10B2F000002B00F062817B681B6810221A627B6859
:10B300001B689B6803F04003402B40F0D8807B68AB
:10B31000D3F880301B685B68A7F8BE30B7F8BE3042
:10B32000002B00F0AF807B68B3F85C30B7F8BE202C
:10B330009A4280F0A7807B68B7F8BE20A3F85E2011
:10B340007B68D3F880301B681B6803F02003002B58
:10B3500040F087807B681B68C7F88830D7F8883052
:10B3600053E8003FC7F88430D7F8843023F4807363
:10B37000C7F8B8307B681B681A46D7F8B830C7F8EA
:10B380009430C7F89020D7F89010D7F8942041E86F
:10B390000023C7F88C30D7F88C30002BDAD17B68CB
:10B3A0001B6808337B677B6F53E8003F3B673B6F4D
:10B3B00023F00103C7F8B4307B681B680833D7F863
:10B3C000B420C7F88020FB67F96FD7F8802041E8E8
:10B3D0000023BB67BB6F002BE1D17B681B68083380
:10B3E0003B663B6E53E8003FFB65FB6D23F040037B
:10B3F000C7F8B0307B681B680833D7F8B020FA660E
:10B40000BB66B96EFA6E41E800237B667B6E002B4B
:10B41000E3D17B682022C3F88C207B680022DA66A7
:10B420007B681B68FB64FB6C53E8003FBB64BB6C30
:10B4300023F01003C7F8AC307B681B681A46D7F8B6
:10B44000AC30BB657A65796DBA6D41E800233B6528
:10B450003B6D002BE4D17B68D3F880301846FCF7B5
:10B46000AEF87B6802221A677B68B3F85C207B68C1
:10B47000B3F85E309BB2D31A9BB21946786800F0DD
:10B480001BF9FCE07B68B3F85C30B7F8BE209A4249
:10B4900040F0F5807B68D3F880301B681B6803F0B0
:10B4A0002003202B40F0EB807B6802221A677B6828
:10B4B000B3F85C301946786800F0FEF8DFE07B688E
:10B4C000B3F85C207B68B3F85E309BB2D31AA7F860
:10B4D000CE307B68B3F85E309BB2002B00F0D18099
:10B4E000B7F8CE30002B00F0CC807B681B68BB63C4
:10B4F000BB6B53E8003F7B637B6B23F49073C7F80F
:10B50000C8307B681B681A46D7F8C8307B643A6439
:10B51000396C7A6C41E80023FB63FB6B002BE4D1B0
:10B520007B681B6808337B627B6A53E8003F3B62A1
:10B530003B6A23F0805323F00103C7F8C4307B68D3
:10B540001B680833D7F8C4203A63FB62F96A3A6B88
:10B5500041E80023BB62BB6A002BE1D17B6820225B
:10B56000C3F88C207B680022DA667B6800225A6769
:10B570007B681B683B613B6953E8003FFB60FB68ED
:10B5800023F01003C7F8C0307B681B681A46D7F851
:10B59000C030FB61BA61B969FA6941E800237B6197
:10B5A0007B69002BE4D17B6802221A67B7F8CE30A2
:10B5B0001946786800F080F863E0D7F8E43003F4C7
:10B5C0008013002B0ED0D7F8DC3003F48003002B5F
:10B5D00008D07B681B684FF480121A62786801F00B
:10B5E0000BFC51E0D7F8E43003F08003002B14D0BB
:10B5F000D7F8E03003F08003002B05D1D7F8DC301A
:10B6000003F40003002B08D07B689B6F002B3AD01B
:10B610007B689B6F7868984735E0D7F8E43003F093
:10B620004003002B09D0D7F8E03003F04003002B93
:10B6300003D0786800F094FE26E0D7F8E43003F4F5
:10B640000003002B09D0D7F8E03003F08043002B33
:10B6500003D0786801F0E4FB16E0D7F8E43003F09B
:10B660008073002B10D0D7F8E030002B0CDA78680C
:10B6700001F0CCFB08E000BF06E000BF04E000BF23
:10B6800002E000BF00E000BFE837BD4680BD00BF5C
:10B6900080B483B000AF786000BF0C37BD465DF862
:10B6A000047B704780B483B000AF786000BF0C3774
:10B6B000BD465DF8047B704780B483B000AF78600E
:10B6C0000B467B8000BF0C37BD465DF8047B70479E
:10B6D0002DE9B04F8CB000AF7861002387F82A3095
:10B6E0007B699A687B691B691A437B695B691A43AA
:10B6F0007B69DB691343FB627B691B681A68AF4B8C
:10B7000013407A691268F96A0B4313607B691B68FE
:10B710005B6823F440517B69DA687B691B680A43E4
:10B720005A607B699B69FB627B691B68A44A9342F0
:10B7300004D07B691B6AFA6A1343FB627B691B684E
:10B740009B6823F06E4323F430637A691268F96AC8
:10B750000B4393607B691B68DB6A23F00F017B69F5
:10B760005A6A7B691B680A43DA627B691B68954ADF
:10B77000934225D10320FFF70DFB0346032B1BD873
:10B7800001A252F823F000BF99B70008A9B700083A
:10B79000A1B70008B1B70008012387F82B3042E0B9
:10B7A000022387F82B303EE0042387F82B303AE061
:10B7B000082387F82B3036E0102387F82B3032E04F
:10B7C0007B691B687E4A93422AD14FF44060FFF7A1
:10B7D000F1FA0346B3F5406F1AD0B3F5406F1BD8AA
:10B7E000B3F5006F0CD0B3F5006F15D8002B03D064
:10B7F000B3F5806F08D00FE0002387F82B3012E0FC
:10B80000022387F82B300EE0042387F82B300AE060
:10B81000082387F82B3006E0102387F82B3002E04E
:10B82000102387F82B307B691B68654A934240F0F0
:10B83000978097F82B30082B23D801A252F823F0D9
:10B8400065B8000883B800086DB8000883B8000820
:10B8500073B8000883B8000883B8000883B80008EC
:10B860007BB80008FDF7FAFC786210E0564B7B626B
:10B870000DE0FDF773FC786209E048F206037B6295
:10B8800005E000237B62012387F82A3000BF7B6A32
:10B89000002B00F02B817B695B6A4C4A32F8133035
:10B8A0001A467B6AB3FBF2F3BB617B695A681346A5
:10B8B0005B001344BA699A4205D37B695B681B033A
:10B8C000BA699A4203D9012387F82A300EE17B6ACC
:10B8D0000022BB60FA607B695B6A3C4A32F8133035
:10B8E0009BB200223B607A60D7E90023D7E90201CE
:10B8F000F5F742F902460B46104619464FF0000292
:10B900004FF000030B0243EA1063020279694968B1
:10B91000490800200C46054612EB040843EB0509D4
:10B920007B695B6800229A46934652465B464046D6
:10B930004946F5F721F902460B4613463B623B6A3E
:10B94000B3F5407F08D33B6AB3F5801F04D27B690F
:10B950001B683A6ADA60C9E0012387F82A30C5E03B
:10B960007B69DB69B3F5004F6DD197F82B30013B54
:10B97000072B2DD801A252F823F000BF9DB9000873
:10B98000A5B90008D1B90008ABB90008D1B90008C1
:10B99000D1B90008D1B90008B3B90008FDF774FCAB
:10B9A00078621BE0084B7B6218E0FDF7D7FB7862FA
:10B9B00014E048F206037B6210E000BFF369FFCF9A
:10B9C00000800040003801400024F400B05301081A
:10B9D00000237B62012387F82A3000BF7B6A002B9B
:10B9E00000F084807B695B6A4B4A32F813301A4658
:10B9F0007B6AB3FBF2F35A007B695B685B081A440D
:10BA00007B695B68B2FBF3F33B623B6A0F2B16D991
:10BA10003B6AB3F5803F12D23B6A9BB223F00F031F
:10BA2000FB833B6A5B089BB203F007039AB2FB8B74
:10BA30001343FB837B691B68FA8BDA6056E00123B2
:10BA400087F82A3052E097F82B30013B072B22D899
:10BA500001A252F823F000BF79BA000881BA0008A9
:10BA600097BA000887BA000897BA000897BA000882
:10BA700097BA00088FBA0008FDF706FC786210E05C
:10BA8000264B7B620DE0FDF769FB786209E048F226
:10BA900006037B6205E000237B62012387F82A30DE
:10BAA00000BF7B6A002B21D07B695B6A1A4A32F89F
:10BAB00013301A467B6AB3FBF2F27B695B685B0862
:10BAC0001A447B695B68B2FBF3F33B623B6A0F2B62
:10BAD00009D93B6AB3F5803F05D23B6A9AB27B69CC
:10BAE0001B68DA6002E0012387F82A307B690122B3
:10BAF000A3F86A207B690122A3F868207B690022F1
:10BB00005A677B6900229A6797F82A3018463037BF
:10BB1000BD46BDE8B08F00BFB05301080024F4005B
:10BB200080B483B000AF78607B689B6A03F0080341
:10BB3000002B0AD07B681B685B6823F400417B689C
:10BB40009A6B7B681B680A435A607B689B6A03F0A8
:10BB50000103002B0AD07B681B685B6823F400316B
:10BB60007B68DA6A7B681B680A435A607B689B6A59
:10BB700003F00203002B0AD07B681B685B6823F488
:10BB800080317B681A6B7B681B680A435A607B684C
:10BB90009B6A03F00403002B0AD07B681B685B6878
:10BBA00023F480217B685A6B7B681B680A435A60C8
:10BBB0007B689B6A03F01003002B0AD07B681B682C
:10BBC0009B6823F480517B68DA6B7B681B680A43AF
:10BBD0009A607B689B6A03F02003002B0AD07B6885
:10BBE0001B689B6823F400517B681A6C7B681B6898
:10BBF0000A439A607B689B6A03F04003002B1AD0CB
:10BC00007B681B685B6823F480117B685A6C7B68D7
:10BC10001B680A435A607B685B6CB3F5801F0AD1CE
:10BC20007B681B685B6823F4C0017B689A6C7B6847
:10BC30001B680A435A607B689B6A03F08003002BF1
:10BC40000AD07B681B685B6823F400217B68DA6C90
:10BC50007B681B680A435A6000BF0C37BD465DF81D
:10BC6000047B704780B598B002AF78607B68002293
:10BC7000C3F89020FBF7B6F978657B681B681B68F2
:10BC800003F00803082B2FD16FF07E4300937B6DE8
:10BC900000224FF40011786800F08EF80346002B64
:10BCA00022D07B681B68BB63BB6B53E8003F7B63A0
:10BCB0007B6B23F080033B657B681B681A463B6DFA
:10BCC0007B643A64396C7A6C41E80023FB63FB6B5C
:10BCD000002BE6D17B682022C3F888207B680022F5
:10BCE00083F88420032363E07B681B681B6803F0F0
:10BCF0000403042B49D16FF07E4300937B6D002237
:10BD00004FF48001786800F057F80346002B3CD0D0
:10BD10007B681B687B627B6A53E8003F3B623B6A3F
:10BD200023F49073FB647B681B681A46FB6C3B63CF
:10BD3000FA62F96A3A6B41E80023BB62BB6A002BE6
:10BD4000E6D17B681B6808333B613B6953E8003FE1
:10BD5000FB60FB6823F00103BB647B681B6808334E
:10BD6000BA6CFA61BB61B969FA6941E800237B6189
:10BD70007B69002BE5D17B682022C3F88C207B688F
:10BD8000002283F88420032312E07B682022C3F87A
:10BD900088207B682022C3F88C207B680022DA662A
:10BDA0007B6800221A677B68002283F884200023C6
:10BDB00018465837BD4680BD80B584B000AFF860E6
:10BDC000B9603B601346FB714FE0BB69B3F1FF3FC5
:10BDD0004BD0FBF707F902463B68D31ABA699A427F
:10BDE00002D3BB69002B01D103234EE0FB681B6823
:10BDF0001B6803F00403002B37D0BB68802B34D0C2
:10BE0000BB68402B31D0FB681B68DB6903F008037B
:10BE1000082B10D1FB681B6808221A62F86800F032
:10BE20009CF9FB680822C3F89020FB68002283F885
:10BE30008420012329E0FB681B68DB6903F40063AD
:10BE4000B3F5006F11D1FB681B684FF400621A62F2
:10BE5000F86800F082F9FB682022C3F89020FB68A4
:10BE6000002283F8842003230FE0FB681B68DA6953
:10BE7000BB681340BA689A420CBF01230023DBB2AF
:10BE80001A46FB799A42A0D0002318461037BD46C7
:10BE900080BD000080B4A3B000AFF860B960134665
:10BEA000FB80FB68BA689A65FB68FA88A3F85C2097
:10BEB000FB68FA88A3F85E20FB6800225A67FB68DB
:10BEC0009B68B3F5805F0ED1FB681B69002B05D121
:10BED000FB6840F2FF12A3F860202DE0FB68FF2210
:10BEE000A3F8602028E0FB689B68002B0DD1FB685D
:10BEF0001B69002B04D1FB68FF22A3F860201BE024
:10BF0000FB687F22A3F8602016E0FB689B68B3F112
:10BF1000805F0DD1FB681B69002B04D1FB687F2279
:10BF2000A3F8602008E0FB683F22A3F8602003E04C
:10BF3000FB680022A3F86020FB680022C3F8902071
:10BF4000FB682222C3F88C20FB681B6808337B66E1
:10BF50007B6E53E8003F3B663B6E43F00103C7F83E
:10BF60008430FB681B680833D7F884203A67FB6687
:10BF7000F96E3A6F41E80023BB66BB6E002BE3D13C
:10BF8000FB685B6EB3F1005F4FD1FB68B3F86830BC
:10BF9000FA889A4249D3FB689B68B3F5805F07D162
:10BFA000FB681B69002B03D1FB68474A5A6702E014
:10BFB000FB68464A5A67FB681B69002B1AD0FB686E
:10BFC0001B683B653B6D53E8003FFB64FB6C43F42F
:10BFD0008073C7F88030FB681B681A46D7F880303A
:10BFE000FB65BA65B96DFA6D41E800237B657B6D31
:10BFF000002BE4D1FB681B680833FB63FB6B53E841
:10C00000003FBB63BB6B43F08053FB67FB681B685F
:10C010000833FA6FBA647B64796CBA6C41E8002328
:10C020003B643B6C002BE5D146E0FB689B68B3F5B5
:10C03000805F07D1FB681B69002B03D1FB68244A92
:10C040005A6702E0FB68234A5A67FB681B69002BAA
:10C0500019D0FB681B68BB62BB6A53E8003F7B6278
:10C060007B6A43F490737B67FB681B681A467B6F9F
:10C070007B633A63396B7A6B41E80023FB62FB6AAE
:10C08000002BE6D118E0FB681B687B617B6953E8F5
:10C09000003F3B613B6943F02003BB67FB681B68C3
:10C0A0001A46BB6F3B62FA61F9693A6A41E80023BC
:10C0B000BB61BB69002BE6D1002318468C37BD4617
:10C0C0005DF8047B704700BF8DCA000829C70008CF
:10C0D00071C50008B9C3000880B48FB000AF7860A4
:10C0E0007B681B683B623B6A53E8003FFB61FB696E
:10C0F00023F0C0037B637B681B681A467B6BFB6283
:10C10000BA62B96AFA6A41E800237B627B6A002B53
:10C11000E6D17B681B680833FB60FB6853E8003F8F
:10C12000BB60BB6823F400033B637B681B68083378
:10C130003A6BBA617B617969BA6941E800233B6176
:10C140003B69002BE5D17B682022C3F8882000BF23
:10C150003C37BD465DF8047B704780B495B000AFB6
:10C1600078607B681B687B637B6B53E8003F3B63B5
:10C170003B6B23F49073FB647B681B681A46FB6C73
:10C180003B64FA63F96B3A6C41E80023BB63BB6B19
:10C19000002BE6D17B681B6808333B623B6A53E89F
:10C1A000003FFB61FB6923F0805323F00103BB6474
:10C1B0007B681B680833BA6CFA62BB62B96AFA6AB8
:10C1C00041E800237B627B6A002BE3D17B68DB6E56
:10C1D000012B18D17B681B68FB60FB6853E8003FAC
:10C1E000BB60BB6823F010037B647B681B681A4646
:10C1F0007B6CBB617A617969BA6941E800233B6174
:10C200003B69002BE6D17B682022C3F88C207B6839
:10C210000022DA667B6800225A6700BF5437BD46A9
:10C220005DF8047B704780B590B000AF78607B68A4
:10C230009B6AFB637B681B681B6803F02003002B71
:10C2400033D1FB6B1B6808337B627B6A53E8003F8A
:10C250003B623B6A23F08003BB63FB6B1B680833C4
:10C26000BA6B3A63FB62F96A3A6B41E80023BB623E
:10C27000BB6A002BE5D1FB6B1B683B613B6953E854
:10C28000003FFB60FB6843F040037B63FB6B1B6874
:10C290001A467B6BFB61BA61B969FA6941E8002310
:10C2A0007B617B69002BE6D102E0F86BF6F762FA5E
:10C2B00000BF4037BD4680BD80B584B000AF786018
:10C2C0007B689B6AFB60F868FFF7E2F900BF1037F4
:10C2D000BD4680BD80B586B000AF78607B689B6A44
:10C2E0007B617B69D3F888303B617B69D3F88C3004
:10C2F000FB607B691B689B6803F08003802B05D182
:10C300003B69212B02D17869FFF7E6FE7B691B6848
:10C310009B6803F04003402B05D1FB68222B02D120
:10C320007869FFF71AFF7B69D3F8903043F0100269
:10C330007B69C3F890207869FFF7B4F900BF18371C
:10C34000BD4680BD80B584B000AF78607B689B6AD5
:10C35000FB60F868FFF7A6F900BF1037BD4680BD47
:10C3600080B588B000AF78607B681B68FB60FB68B5
:10C3700053E8003FBB60BB6823F04003FB617B6870
:10C380001B681A46FB69BB617A617969BA6941E841
:10C3900000233B613B69002BE6D17B682022C3F878
:10C3A00088207B6800229A677868F6F7E3F900BF77
:10C3B0002037BD4680BD000080B59CB000AF7860DE
:10C3C0007B68B3F86030A7F86E307B68D3F88C30A8
:10C3D000222B40F0BE807B681B685B6AA7F86C303C
:10C3E000B7F86C30D9B2B7F86E30DAB27B689B6DB3
:10C3F0000A40D2B21A707B689B6D5A1C7B689A65A2
:10C400007B68B3F85E309BB2013B9AB27B68A3F8BD
:10C410005E207B68B3F85E309BB2002B40F0A180B9
:10C420007B681B68FB64FB6C53E8003FBB64BB6C20
:10C4300023F49073BB667B681B681A46BB6EBB65B2
:10C440007A65796DBA6D41E800233B653B6D002B41
:10C45000E6D17B681B680833BB63BB6B53E8003FC6
:10C460007B637B6B23F001037B667B681B6808336F
:10C470007A6E7A643B64396C7A6C41E80023FB6322
:10C48000FB6B002BE5D17B682022C3F88C207B68F6
:10C4900000225A677B6800221A677B681B68334A50
:10C4A00093421FD07B681B685B6803F40003002B7A
:10C4B00018D07B681B687B627B6A53E8003F3B6255
:10C4C0003B6A23F080633B667B681B681A463B6EC1
:10C4D0003B63FA62F96A3A6B41E80023BB62BB6ACC
:10C4E000002BE6D17B68DB6E012B2ED17B6800220E
:10C4F000DA667B681B683B613B6953E8003FFB6081
:10C50000FB6823F01003FB657B681B681A46FB6D14
:10C51000FB61BA61B969FA6941E800237B617B6913
:10C52000002BE6D17B681B68DB6903F01003102B3E
:10C5300003D17B681B6810221A627B68B3F85C30F9
:10C5400019467868FFF7B8F80BE07868F6F7F4F862
:10C5500007E07B681B689A697B681B6842F00802E9
:10C560009A6100BF7037BD4680BD00BF00800040AB
:10C5700080B59CB000AF78607B68B3F86030A7F8F6
:10C580006E307B68D3F88C30222B40F0BE807B6805
:10C590001B685B6AA7F86C307B689B6DBB66B7F85D
:10C5A0006C20B7F86E3013409AB2BB6E1A807B686D
:10C5B0009B6D9A1C7B689A657B68B3F85E309BB272
:10C5C000013B9AB27B68A3F85E207B68B3F85E30CB
:10C5D0009BB2002B40F0A1807B681B68BB64BB6CE6
:10C5E00053E8003F7B647B6C23F490737B667B682D
:10C5F0001B681A467B6E7B653A65396D7A6D41E83A
:10C600000023FB64FB6C002BE6D17B681B680833BE
:10C610007B637B6B53E8003F3B633B6B23F0010381
:10C620003B667B681B6808333A6E3A64FB63F96BC0
:10C630003A6C41E80023BB63BB6B002BE5D17B6800
:10C640002022C3F88C207B6800225A677B68002276
:10C650001A677B681B68334A93421FD07B681B684C
:10C660005B6803F40003002B18D07B681B683B62F7
:10C670003B6A53E8003FFB61FB6923F08063FB6585
:10C680007B681B681A46FB6DFB62BA62B96AFA6A7C
:10C6900041E800237B627B6A002BE6D17B68DB6E7E
:10C6A000012B2ED17B680022DA667B681B68FB6059
:10C6B000FB6853E8003FBB60BB6823F01003BB6519
:10C6C0007B681B681A46BB6DBB617A617969BA6980
:10C6D00041E800233B613B69002BE6D17B681B6886
:10C6E000DB6903F01003102B03D17B681B68102259
:10C6F0001A627B68B3F85C3019467868FEF7DCFF95
:10C700000BE07868F6F718F807E07B681B689A6911
:10C710007B681B6842F008029A6100BF7037BD4613
:10C7200080BD00BF0080004080B5ACB000AF786035
:10C730007B68B3F86030A7F8AA307B681B68DB69B8
:10C74000C7F8AC307B681B681B68C7F8A4307B68EF
:10C750001B689B68C7F8A0307B68D3F88C30222B0D
:10C7600040F083817B68B3F86830A7F89E3026E1FB
:10C770007B681B685B6AA7F89C30B7F89C30D9B21D
:10C78000B7F8AA30DAB27B689B6D0A40D2B21A7051
:10C790007B689B6D5A1C7B689A657B68B3F85E303A
:10C7A0009BB2013B9AB27B68A3F85E207B681B6852
:10C7B000DB69C7F8AC30D7F8AC3003F00703002BC7
:10C7C00053D0D7F8AC3003F00103002B11D0D7F8C9
:10C7D000A43003F48073002B0BD07B681B6801220C
:10C7E0001A627B68D3F8903043F001027B68C3F88B
:10C7F0009020D7F8AC3003F00203002B11D0D7F80B
:10C80000A03003F00103002B0BD07B681B680222D1
:10C810001A627B68D3F8903043F004027B68C3F857
:10C820009020D7F8AC3003F00403002B11D0D7F8D8
:10C83000A03003F00103002B0BD07B681B6804229F
:10C840001A627B68D3F8903043F002027B68C3F829
:10C8500090207B68D3F89030002B06D07868FEF7E4
:10C8600021FF7B680022C3F890207B68B3F85E301C
:10C870009BB2002B40F0A3807B681B683B673B6F3B
:10C8800053E8003FFB66FB6E23F48073C7F89830D3
:10C890007B681B681A46D7F89830FB67BA67B96F90
:10C8A000FA6F41E800237B677B6F002BE4D17B6844
:10C8B0001B680833FB65FB6D53E8003FBB65BB6D30
:10C8C00023F0805323F00103C7F894307B681B6882
:10C8D0000833D7F89420BA667B66796EBA6E41E861
:10C8E00000233B663B6E002BE1D17B682022C3F81E
:10C8F0008C207B6800225A677B6800221A677B685D
:10C900001B68604A934221D07B681B685B6803F414
:10C910000003002B1AD07B681B68BB64BB6C53E818
:10C92000003F7B647B6C23F08063C7F890307B68AA
:10C930001B681A46D7F890307B653A65396D7A6D79
:10C9400041E80023FB64FB6C002BE4D17B68DB6EC9
:10C95000012B30D17B680022DA667B681B687B6321
:10C960007B6B53E8003F3B633B6B23F01003C7F83E
:10C970008C307B681B681A46D7F88C303B64FA63AE
:10C98000F96B3A6C41E80023BB63BB6B002BE4D12D
:10C990007B681B68DB6903F01003102B03D17B68F5
:10C9A0001B6810221A627B68B3F85C3019467868FD
:10C9B000FEF782FE0EE07868F5F7BEFE0AE0B7F8F3
:10C9C0009E30002B06D0D7F8AC3003F02003002BAC
:10C9D0007FF4CEAE7B68B3F85E30A7F88A30B7F844
:10C9E0008A30002B49D07B68B3F86830B7F88A20CA
:10C9F0009A4242D27B681B6808333B623B6A53E829
:10CA0000003FFB61FB6923F08053C7F884307B68EB
:10CA10001B680833D7F88420FA62BB62B96AFA6AE5
:10CA200041E800237B627B6A002BE3D17B68164AD6
:10CA30005A677B681B68FB60FB6853E8003FBB607C
:10CA4000BB6843F02003C7F880307B681B681A4638
:10CA5000D7F88030BB617A617969BA6941E800230F
:10CA60003B613B69002BE4D107E07B681B689A6956
:10CA70007B681B6842F008029A6100BFB037BD4670
:10CA800080BD00BF00800040B9C3000880B5AEB0D3
:10CA900000AF78607B68B3F86030A7F8B2307B688D
:10CAA0001B68DB69C7F8B4307B681B681B68C7F874
:10CAB000AC307B681B689B68C7F8A8307B68D3F8EC
:10CAC0008C30222B40F087817B68B3F86830A7F860
:10CAD000A6302AE17B681B685B6AA7F8A4307B68F4
:10CAE0009B6DC7F8A030B7F8A420B7F8B230134058
:10CAF0009AB2D7F8A0301A807B689B6D9A1C7B682D
:10CB00009A657B68B3F85E309BB2013B9AB27B6852
:10CB1000A3F85E207B681B68DB69C7F8B430D7F8E0
:10CB2000B43003F00703002B53D0D7F8B43003F030
:10CB30000103002B11D0D7F8AC3003F48073002B25
:10CB40000BD07B681B6801221A627B68D3F8903097
:10CB500043F001027B68C3F89020D7F8B43003F0AB
:10CB60000203002B11D0D7F8A83003F00103002BEB
:10CB70000BD07B681B6802221A627B68D3F8903066
:10CB800043F004027B68C3F89020D7F8B43003F078
:10CB90000403002B11D0D7F8A83003F00103002BB9
:10CBA0000BD07B681B6804221A627B68D3F8903034
:10CBB00043F002027B68C3F890207B68D3F8903082
:10CBC000002B06D07868FEF76DFD7B680022C3F865
:10CBD00090207B68B3F85E309BB2002B40F0A580BC
:10CBE0007B681B687B677B6F53E8003F3B673B6F4D
:10CBF00023F48073C7F89C307B681B681A46D7F80B
:10CC00009C30C7F88030FA67F96FD7F8802041E888
:10CC10000023BB67BB6F002BE2D17B681B68083326
:10CC20003B663B6E53E8003FFB65FB6D23F0805392
:10CC300023F00103C7F898307B681B680833D7F8E6
:10CC40009820FA66BB66B96EFA6E41E800237B66EF
:10CC50007B6E002BE1D17B682022C3F88C207B689F
:10CC600000225A677B6800221A677B681B68604A4B
:10CC7000934221D07B681B685B6803F40003002BA0
:10CC80001AD07B681B68FB64FB6C53E8003FBB64F5
:10CC9000BB6C23F08063C7F894307B681B681A462E
:10CCA000D7F89430BB657A65796DBA6D41E8002399
:10CCB0003B653B6D002BE4D17B68DB6E012B30D1F3
:10CCC0007B680022DA667B681B68BB63BB6B53E83A
:10CCD000003F7B637B6B23F01003C7F890307B68C9
:10CCE0001B681A46D7F890307B643A64396C7A6CCA
:10CCF00041E80023FB63FB6B002BE4D17B681B68DE
:10CD0000DB6903F01003102B03D17B681B68102232
:10CD10001A627B68B3F85C3019467868FEF7CCFC81
:10CD20000EE07868F5F708FD0AE0B7F8A630002BAA
:10CD300006D0D7F8B43003F02003002B7FF4CAAE3E
:10CD40007B68B3F85E30A7F88E30B7F88E30002BD2
:10CD500049D07B68B3F86830B7F88E209A4242D247
:10CD60007B681B6808337B627B6A53E8003F3B6249
:10CD70003B6A23F08053C7F888307B681B68083310
:10CD8000D7F888203A63FB62F96A3A6B41E80023DE
:10CD9000BB62BB6A002BE3D17B68164A5A677B688B
:10CDA0001B683B613B6953E8003FFB60FB6843F055
:10CDB0002003C7F884307B681B681A46D7F8843094
:10CDC000FB61BA61B969FA6941E800237B617B695B
:10CDD000002BE4D107E07B681B689A697B681B68BD
:10CDE00042F008029A6100BFB837BD4680BD00BF5F
:10CDF0000080004071C5000880B483B000AF786047
:10CE000000BF0C37BD465DF8047B704780B483B02B
:10CE100000AF786000BF0C37BD465DF8047B7047FB
:10CE200080B483B000AF786000BF0C37BD465DF8BA
:10CE3000047B704780B485B000AF78607B6893F85E
:10CE40008430012B01D1022327E07B68012283F883
:10CE500084207B682422C3F888207B681B681B68B9
:10CE6000FB607B681B681A687B681B6822F0010204
:10CE70001A60FB6823F00053FB607B6800225A664F
:10CE80007B681B68FA681A607B682022C3F88820D8
:10CE90007B68002283F88420002318461437BD469F
:10CEA0005DF8047B704780B584B000AF786039606E
:10CEB0007B6893F88430012B01D102232DE07B683D
:10CEC000012283F884207B682422C3F888207B68B1
:10CED0001B681B68FB607B681B681A687B681B68A3
:10CEE00022F001021A607B681B689B6823F0604196
:10CEF0007B681B683A680A439A60786800F050F8CB
:10CF00007B681B68FA681A607B682022C3F8882057
:10CF10007B68002283F88420002318461037BD4622
:10CF200080BD80B584B000AF786039607B6893F8CD
:10CF30008430012B01D102232DE07B68012283F88C
:10CF400084207B682422C3F888207B681B681B68C8
:10CF5000FB607B681B681A687B681B6822F0010213
:10CF60001A607B681B689B6823F060617B681B68A4
:10CF70003A680A439A60786800F012F87B681B6888
:10CF8000FA681A607B682022C3F888207B68002238
:10CF900083F88420002318461037BD4680BD00006A
:10CFA00080B485B000AF78607B685B6E002B08D1E1
:10CFB0007B680122A3F86A207B680122A3F868201D
:10CFC00031E00823FB730823BB737B681B689B68F5
:10CFD0005B0EDBB203F007037B737B681B689B6807
:10CFE0005B0FDBB203F007033B73BB7B3A7B11495A
:10CFF0008A5C02FB03F33A7B0F498A5C93FBF2F3F2
:10D000009AB27B68A3F86A20FB7B7A7B09498A5C29
:10D0100002FB03F37A7B08498A5C93FBF2F39AB232
:10D020007B68A3F8682000BF1437BD465DF8047B19
:10D03000704700BFC8530108D053010880B588B0BD
:10D0400000AF0023FB7107F10803182200211846E6
:10D0500001F0F0FC3F233B8181237B81FB1DBB6101
:10D060000123FB6107F108030021184601F0A0FB32
:10D070000346002B01DAFF2300E0FB791846203736
:10D08000BD4680BDB0B5CEB000AF05460C461046DB
:10D09000194607F59C73A3F231132A461A7007F557
:10D0A0009C73A3F59A7322461A8007F59C73A3F527
:10D0B0009B7302461A8007F59C73A3F599730A4681
:10D0C0001A7007F11003C7F8343197F84C31083360
:10D0D00007F110021344C7F8303197F84C2197F844
:10D0E00054311344093307F110021344C7F82C31AB
:10D0F00007F59C73A3F2291300221A700023C7F8C6
:10D100002831D7F8343107F59C72A2F23112127827
:10D110001A70D7F828310133C7F82831D7F83431DD
:10D1200007F59C72A2F59A721288A3F80120D7F82D
:10D1300028310233C7F82831D7F8343107F59C720B
:10D14000A2F59B721288A3F80320D7F82831023386
:10D15000C7F82831D7F8343107F59C72A2F59972D7
:10D1600012785A71D7F828310133C7F82831D7F827
:10D17000343197F848219A71D7F828310133C7F82C
:10D180002831D7F8343197F84C21DA71D7F82831A3
:10D190000133C7F82831D7F83431083397F84C21D8
:10D1A000D7F85011184601F035FC97F84C31D7F8F4
:10D1B00028211344C7F82831D7F8303197F8542183
:10D1C0001A70D7F828310133C7F82831D7F8303131
:10D1D000013397F85421D7F85811184601F01AFC7A
:10D1E00097F85431D7F828211344C7F82831D7F8D5
:10D1F0002C31B7F85C211A80D7F828310233C7F8F0
:10D200002831D7F82C31B7F860215A80D7F8283167
:10D210000233C7F8283107F5887318220021184611
:10D2200001F008FC3F23A7F810318323A7F812313F
:10D2300007F11003C7F81831D7F82831C7F81C31A7
:10D2400007F10F03C7F820310123C7F8243107F590
:10D2500088730021184601F0ABFA0346002B01DA6F
:10D26000FF2304E007F59C73A3F229131B781846EB
:10D2700007F59C77BD46B0BD80B5CCB000AF024687
:10D2800007F59873A3F229131A7007F11003C7F872
:10D290002C3107F59873A3F2211300221A70002392
:10D2A000C7F82831D7F82C3107F59872A2F2291265
:10D2B00012781A70D7F828310133C7F8283107F5EA
:10D2C000887318220021184601F0B4FB3F23A7F809
:10D2D00010318523A7F8123107F11003C7F8183170
:10D2E000D7F82831C7F81C3107F10F03C7F82031F0
:10D2F0000123C7F8243107F588730021184601F08F
:10D3000057FA0346002B01DAFF2304E007F5987370
:10D31000A3F221131B78184607F59877BD4680BD08
:10D32000B0B5CCB000AF05460C461046194607F51F
:10D330009873A3F229132A461A7007F59873A3F578
:10D34000957322461A7007F59873A3F22B130246C1
:10D350001A7007F59873A3F596730A461A7007F1C9
:10D360001003C7F82C3107F59873A3F2211300229C
:10D370001A700023C7F82831D7F82C3107F59872B6
:10D38000A2F2291212781A70D7F828310133C7F89F
:10D390002831D7F82C3107F59872A2F595721278DA
:10D3A0005A70D7F828310133C7F82831D7F82C3113
:10D3B00007F59872A2F22B1212789A70D7F82831DA
:10D3C0000133C7F82831D7F82C3107F59872A2F548
:10D3D00096721278DA70D7F828310133C7F82831FD
:10D3E000D7F82C3197F840211A71D7F8283101333A
:10D3F000C7F82831D7F82C3197F844215A71D7F85B
:10D4000028310133C7F82831D7F82C3197F8482153
:10D410009A71D7F828310133C7F82831D7F82C3161
:10D42000D7F84C21C3F80720D7F828310433C7F8C0
:10D430002831D7F82C3197F85021DA72D7F82831F3
:10D440000133C7F8283107F58873182200211846E0
:10D4500001F0F0FA3F23A7F810318623A7F8123124
:10D4600007F11003C7F81831D7F82831C7F81C3175
:10D4700007F10F03C7F820310123C7F8243107F55E
:10D4800088730021184601F093F90346002B01DA56
:10D49000FF2304E007F59873A3F221131B781846C5
:10D4A00007F59877BD46B0BD80B5CCB000AF024659
:10D4B00007F59873A3F59873196007F59873A3F5AA
:10D4C00095731A8007F11003C7F82C3107F598738C
:10D4D000A3F2211300221A700023C7F82831D7F8CD
:10D4E0002C3107F59872A2F5957212881A80D7F838
:10D4F00028310233C7F82831D7F82C3107F5987254
:10D50000A2F598721268C3F80220D7F828310433C4
:10D51000C7F8283107F5887318220021184601F052
:10D5200089FA3F23A7F810318823A7F8123107F1B1
:10D530001003C7F81831D7F82831C7F81C3107F1A4
:10D540000F03C7F820310123C7F8243107F588738A
:10D550000021184601F02CF90346002B01DAFF23C5
:10D5600004E007F59873A3F221131B78184607F51A
:10D570009877BD4680BD90B5CDB000AF0446084653
:10D58000114607F59872A2F59872136007F5987323
:10D59000A3F2291322461A7007F59873A3F5957321
:10D5A00002461A7007F59873A3F22B130A461A70F5
:10D5B00007F11003C7F82C3107F1080307220021F7
:10D5C000184601F037FA0023C7F82831D7F82C3174
:10D5D00007F59872A2F2291212781A70D7F828313A
:10D5E0000133C7F82831D7F82C3107F59872A2F526
:10D5F000957212785A70D7F828310133C7F828315C
:10D60000D7F82C3107F59872A2F22B1212789A7083
:10D61000D7F828310133C7F8283107F58873182265
:10D620000021184601F006FA3F23A7F810318A239B
:10D63000A7F8123107F11003C7F81831D7F82831CD
:10D64000C7F81C3107F10803C7F820310723C7F8D2
:10D65000243107F588730021184601F0A9F8034624
:10D66000002B01DAFF232EE007F59873A3F59473DE
:10D670001B78002B05D007F59873A3F594731B78DE
:10D6800021E007F59873A3F59473B3F801309AB2CB
:10D6900007F59873A3F598731B681A8007F59873BC
:10D6A000A3F59473B3F803309AB2D7F840311A80D7
:10D6B00007F59873A3F59473B3F805309AB2D7F8C9
:10D6C00044311A800023184607F59A77BD4690BD6D
:10D6D00080B5CCB000AF024607F59873A3F59873F8
:10D6E000196007F59873A3F229131A7007F1100354
:10D6F000C7F82C3107F59873A3F2211300221A7092
:10D700000023C7F82831D7F82C3107F59872A2F218
:10D71000291212781A70D7F828310133C7F8283146
:10D72000D7F82C31581C07F59873A3F229131A78EF
:10D7300007F59873A3F59873196801F06BF907F56D
:10D740009873A3F229131B78D7F828211344C7F83C
:10D75000283107F5887318220021184601F06AF96C
:10D760003F23A7F810318E23A7F8123107F11003D9
:10D77000C7F81831D7F82831C7F81C3107F10F0363
:10D78000C7F820310123C7F8243107F58873002139
:10D79000184601F00DF80346002B01DAFF2304E0E0
:10D7A00007F59873A3F221131B78184607F59877AD
:10D7B000BD4680BD80B588B000AF0023FB7107F186
:10D7C000080318220021184601F034F93F233B8159
:10D7D00092237B81FB1DBB610123FB6107F10803E1
:10D7E0000021184600F0E4FF0346002B01DAFF2376
:10D7F00000E0FB7918462037BD4680BD80B5CCB02F
:10D8000000AF024607F59873A3F595731A8007F1E8
:10D810001003C7F82C3107F59873A3F221130022E7
:10D820001A700023C7F82831D7F82C3107F5987201
:10D83000A2F5957212881A80D7F828310233C7F8FA
:10D84000283107F5887318220021184601F0F2F8F4
:10D850003F23A7F810319523A7F8123107F11003E1
:10D86000C7F81831D7F82831C7F81C3107F10F0372
:10D87000C7F820310123C7F8243107F58873002148
:10D88000184600F095FF0346002B01DAFF2304E061
:10D8900007F59873A3F221131B78184607F59877BC
:10D8A000BD4680BD80B5CCB000AF024607F5987389
:10D8B000A3F595731A8007F59873A3F22B130A4604
:10D8C0001A7007F11003C7F82C3107F59873A3F20B
:10D8D000211300221A700023C7F82831D7F82C3101
:10D8E00007F59872A2F5957212881A80D7F8283138
:10D8F0000233C7F82831D7F82C3107F59872A2F215
:10D900002B1212789A70D7F828310133C7F82831D2
:10D9100007F5887318220021184601F08BF83F2381
:10D92000A7F81031A523A7F8123107F11003C7F8A3
:10D930001831D7F82831C7F81C3107F10F03C7F8A1
:10D9400020310123C7F8243107F5887300211846D8
:10D9500000F02EFF0346002B01DAFF2304E007F559
:10D960009873A3F221131B78184607F59877BD46E4
:10D9700080BD80B588B000AF0023FB7107F10803BC
:10D9800018220021184601F055F83F233B8140F250
:10D9900001137B81FB1DBB610123FB6107F10803C0
:10D9A0000021184600F004FF0346002B01DAFF2394
:10D9B00000E0FB7918462037BD4680BD90B5CFB05A
:10D9C00000AF044607F59C70A0F59C7001601046FE
:10D9D000194607F59C73A3F2311322461A7007F516
:10D9E0009C73A3F5997302461A7007F59C73A3F212
:10D9F00033130A461A7007F11003C7F8303107F5E0
:10DA00009C73A3F231131B78012B0AD007F59C738A
:10DA1000A3F231131B78022B01D1112302E0012361
:10DA200000E0032307F110021344C7F82C3107F17B
:10DA30000C0303220021184600F0FCFF0023C7F866
:10DA40002831D7F8303107F59C72A2F231121278E2
:10DA50001A70D7F828310133C7F8283107F59C73BD
:10DA6000A3F231131B78012B02D0022B04D007E064
:10DA7000022387F8373105E0102387F8373101E0BA
:10DA800097236CE0D7F83031581C97F8372107F509
:10DA90009C73A3F59C73196800F0BCFF97F83731AD
:10DAA000D7F828211344C7F82831D7F82C3107F5C7
:10DAB0009C72A2F5997212781A70D7F82831013346
:10DAC000C7F82831D7F82C3107F59C72A2F233122F
:10DAD00012785A70D7F828310133C7F8283107F582
:10DAE000887318220021184600F0A4FF3F23A7F8EE
:10DAF00010314FF48173A7F8123107F11003C7F802
:10DB00001831D7F82831C7F81C3107F10C03C7F8D2
:10DB100020310323C7F8243107F588730021184604
:10DB200000F046FE0346002B01DAFF2317E007F55D
:10DB30009C73A3F596731B78002B05D007F59C7397
:10DB4000A3F596731B780AE007F59C73A3F596730B
:10DB5000B3F801309AB2D7F848311A80002318463A
:10DB600007F59E77BD4690BD90B5D1B000AF044695
:10DB7000084607F5A071A1F59C710A60194607F5E2
:10DB8000A073A3F5997322461A8007F5A073A3F238
:10DB9000331302461A7007F5A073A3F59D730A4666
:10DBA0001A8007F11803C7F8383107F5A073A3F2FC
:10DBB00033131B78012B0AD007F5A073A3F233139C
:10DBC0001B78022B01D1132302E0032300E005237D
:10DBD00007F118021344C7F8343107F11403032284
:10DBE0000021184600F026FF0023C7F83031D7F88F
:10DBF000383107F5A072A2F5997212881A80D7F809
:10DC000030310233C7F83031D7F8383107F5A07218
:10DC1000A2F2331212789A70D7F830310133C7F874
:10DC2000303107F5A073A3F233131B78012B02D018
:10DC3000022B04D007E0022387F83F3105E01023D0
:10DC400087F83F3101E0972391E0D7F83831D81CAD
:10DC500097F83F2107F5A073A3F59C73196800F0AE
:10DC6000D9FE97F83F31D7F830211344C7F8303147
:10DC7000D7F8343107F5A072A2F59D7212881A8088
:10DC8000D7F830310233C7F83031D7F8343197F84C
:10DC900050219A70D7F830310133C7F83031D7F8B6
:10DCA000343197F85421DA70D7F830310133C7F89E
:10DCB0003031D7F8343197F858211A71D7F830310C
:10DCC0000133C7F83031D7F8343197F85C215A71F5
:10DCD000D7F830310133C7F83031D7F8343197F8FD
:10DCE00060219A71D7F830310133C7F8303107F528
:10DCF0008C7318220021184600F09CFE3F23A7F8E1
:10DD000018314FF48273A7F81A3107F11803C7F8D6
:10DD10002031D7F83031C7F8243107F11403C7F8A0
:10DD200028310323C7F82C3107F58C7300211846DE
:10DD300000F03EFD0346002B01DAFF2317E007F554
:10DD4000A073A3F596731B78002B05D007F5A0737D
:10DD5000A3F596731B780AE007F5A073A3F59673F5
:10DD6000B3F801309AB2D7F864311A80002318460C
:10DD700007F5A277BD4690BDB0B5CCB000AF054663
:10DD80000C461046194607F59873A3F595732A4675
:10DD90001A8007F59873A3F5967322461A8007F543
:10DDA0009873A3F22D1302461A7007F59873A3F522
:10DDB00097730A461A7007F11003C7F82C3107F55C
:10DDC0009873A3F2211300221A700023C7F8283198
:10DDD000D7F82C3107F59872A2F5957212881A803F
:10DDE000D7F828310233C7F82831D7F82C3107F596
:10DDF0009872A2F5967212885A80D7F828310233A9
:10DE0000C7F82831D7F82C3107F59872A2F22D12F5
:10DE100012781A71D7F828310133C7F82831D7F8AA
:10DE20002C3107F59872A2F5977212785A71D7F8CB
:10DE300028310133C7F82831D7F82C31981D07F560
:10DE40009873A3F597731B781A46D7F8401100F022
:10DE5000E1FD07F59873A3F597731B78D7F8282190
:10DE60001344C7F8283107F5887318220021184693
:10DE700000F0E0FD3F23A7F810314FF48373A7F8BB
:10DE8000123107F11003C7F81831D7F82831C7F855
:10DE90001C3107F10F03C7F820310123C7F82431E3
:10DEA00007F588730021184600F082FC0346002B1A
:10DEB00001DAFF2304E007F59873A3F221131B781E
:10DEC000184607F59877BD46B0BD80B5CCB000AF19
:10DED000024607F59873A3F595731A8007F11003AE
:10DEE000C7F82C3107F59873A3F2211300221A709A
:10DEF0000023C7F82831D7F82C3107F59872A2F51E
:10DF0000957212881A80D7F828310233C7F8283161
:10DF100007F5887318220021184600F08BFD3F2377
:10DF2000A7F8103140F22513A7F8123107F11003BA
:10DF3000C7F81831D7F82831C7F81C3107F10F039B
:10DF4000C7F820310123C7F8243107F58873002171
:10DF5000184600F02DFC0346002B01DAFF2304E0F5
:10DF600007F59873A3F221131B78184607F59877E5
:10DF7000BD4680BD80B5CCB000AF07F59873A3F562
:10DF800098731A6007F59873A3F2291302461A7062
:10DF900007F59873A3F595730A461A7007F11003F5
:10DFA000C7F82C3107F59873A3F2211300221A70D9
:10DFB0000023C7F82831D7F82C3107F59872A2F260
:10DFC000291212781A70D7F828310133C7F828318E
:10DFD000D7F82C3107F59872A2F5957212785A701D
:10DFE000D7F828310133C7F82831D7F82C31981CDD
:10DFF00007F59873A3F595731A7807F59873A3F549
:10E000009873196800F006FD07F59873A3F59573EA
:10E010001B78D7F828211344C7F8283107F58873EF
:10E0200018220021184600F005FD3F23A7F8103103
:10E030000C23A7F8123107F11003C7F81831D7F8ED
:10E040002831C7F81C3107F10F03C7F8203101232D
:10E05000C7F8243107F588730021184600F0A8FBA3
:10E060000346002B01DAFF2304E007F59873A3F2BF
:10E0700021131B78184607F59877BD4680BD80B5FB
:10E08000CCB000AF024607F59873A3F229131A70BB
:10E0900007F59873A3F595730A461A7007F11003F4
:10E0A000C7F82C3107F59873A3F2211300221A70D8
:10E0B0000023C7F82831D7F82C3107F59872A2F25F
:10E0C000291212781A70D7F828310133C7F828318D
:10E0D000D7F82C3107F59872A2F5957212785A701C
:10E0E000D7F828310133C7F8283107F5887318228B
:10E0F0000021184600F09EFC3F23A7F810310F23A3
:10E10000A7F8123107F11003C7F81831D7F82831F2
:10E11000C7F81C3107F10F03C7F820310123C7F8F6
:10E12000243107F588730021184600F041FB0346AF
:10E13000002B01DAFF2304E007F59873A3F2211303
:10E140001B78184607F59877BD4680BD80B5CCB0E2
:10E1500000AF024607F59873A3F595731A8007F18F
:10E160001003C7F82C3107F59873A3F2211300228E
:10E170001A700023C7F82831D7F82C3107F59872A8
:10E18000A2F5957212881A80D7F828310233C7F8A1
:10E19000283107F5887318220021184600F04AFC40
:10E1A0003F23A7F810311823A7F8123107F1100305
:10E1B000C7F81831D7F82831C7F81C3107F10F0319
:10E1C000C7F820310123C7F8243107F588730021EF
:10E1D000184600F0EDFA0346002B01DAFF2304E0B5
:10E1E00007F59873A3F221131B78184607F5987763
:10E1F000BD4680BD80B588B000AF0023FB7107F13C
:10E20000080318220021184600F014FC03233B8168
:10E2100003237B81FB1DBB610123FB6107F1080325
:10E220000021184600F0C4FA0346002B01DAFF2350
:10E2300000E0FB7918462037BD4680BD80B5CEB0E2
:10E2400000AF07F59C73A3F59873196007F59C73ED
:10E25000A3F59A731A6007F59C73A3F595730246AC
:10E260001A8007F11803C7F8343107F110030522AB
:10E270000021184600F0DEFB0023C7F83031D7F844
:10E28000343107F59C72A2F5957212881A80D7F87E
:10E2900030310233C7F8303107F58C731822002172
:10E2A000184600F0C7FB0823A7F818313023A7F859
:10E2B0001A3107F11803C7F82031D7F83031C7F801
:10E2C000243107F11003C7F828310523C7F82C3192
:10E2D00007F58C730021184600F06AFA0346002BFC
:10E2E00001DAFF2323E007F59C73A3F594731B78F1
:10E2F000002B05D007F59C73A3F594731B7816E0EB
:10E3000007F59C73A3F59473DA7807F59C73A3F56E
:10E3100098731B681A7007F59C73A3F594731A79A8
:10E3200007F59C73A3F59A731B681A7000231846AF
:10E3300007F59C77BD4680BD90B5CDB000AF0446D3
:10E340000846114607F59873A3F2291322461A705E
:10E3500007F59873A3F5957302461A7007F598733D
:10E36000A3F22B130A461A7007F11003C7F82C31D9
:10E3700007F59873A3F2211300221A700023C7F83F
:10E380002831D7F82C3107F59872A2F229121278A9
:10E390001A70D7F828310133C7F82831D7F82C3153
:10E3A00007F59872A2F5957212785A70D7F828314D
:10E3B0000133C7F82831D7F82C3107F59872A2F24B
:10E3C0002B1212789A70D7F828310133C7F8283108
:10E3D00007F5887318220021184600F02BFB08234C
:10E3E000A7F810313123A7F8123107F11003C7F84D
:10E3F0001831D7F82831C7F81C3107F10F03C7F8D7
:10E4000020310123C7F8243107F58873002118460D
:10E4100000F0CEF90346002B01DAFF2304E007F5F4
:10E420009873A3F221131B78184607F59A77BD4617
:10E4300090BDB0B5CCB000AF05460C4610461946AD
:10E4400007F59873A3F595732A461A8007F5987314
:10E45000A3F5967322461A8007F59873A3F5977370
:10E4600002461A8007F59873A3F598730A461A8036
:10E4700007F11003C7F82C3107F59873A3F22113A5
:10E4800000221A700023C7F82831D7F82C3107F57D
:10E490009872A2F5957212881A80D7F82831023343
:10E4A000C7F82831D7F82C3107F59872A2F5967283
:10E4B00012885A80D7F828310233C7F82831D7F8A4
:10E4C0002C3107F59872A2F5977212889A80D7F8C6
:10E4D00028310233C7F82831D7F82C3107F5987264
:10E4E000A2F598721288DA80D7F828310233C7F87B
:10E4F0002831D7F82C31B7F840211A81D7F82831C4
:10E500000233C7F8283107F588731822002118460E
:10E5100000F090FA3F23A7F8103140F28113A7F8DA
:10E5200012310F23C7F8143107F11003C7F818315F
:10E53000D7F82831C7F81C3107F10F03C7F820318D
:10E540000123C7F8243107F588730021184600F02D
:10E550002FF90346002B01DAFF2304E007F5987337
:10E56000A3F221131B78184607F59877BD46B0BD76
:10E5700080B586B000AFEFF31083FB60FB687B6172
:10E5800072B600BFBB1C1946124801F0F7F8BB1C5D
:10E590001946104801F0E1F938613B69002B0CD0B5
:10E5A0007B69BB60BB6883F3108800BF7B880A4A25
:10E5B00019463869F2F7D5FD08E0084B01221A70B8
:10E5C0007B697B607B6883F3108800BF00BF1837CE
:10E5D000BD4680BD980B002071E50008A900002011
:10E5E00080B582B002AFF2F7B6FD0223009300239C
:10E5F0004FF480520349044800F068FE00BFBD4656
:10E6000080BD00BFB80B0020980B002080B584B0FF
:10E6100000AFF860B9607A607A68B968F86800F0AD
:10E6200005F8034618461037BD4680BD80B58AB050
:10E6300000AFF860B9607A6000237B62EFF310836B
:10E64000BB61BB693B62FB68B3F1FF3F02D10023B2
:10E650007B6237E0FB68012B06D0FB68022B03D0FE
:10E660004FF0FF337B622DE07B68002B2AD07B6864
:10E670007B6272B600BF7B689AB20123B968144806
:10E6800000F056FEF861FB69002B15D0114B1B788A
:10E69000DBB2002B10D00F4B00221A703B6A7B615B
:10E6A0007B6983F3108800BF7B689BB20A4A1946D6
:10E6B000F869F2F756FD05E03B6A3B613B6983F37D
:10E6C000108800BF7B6A18462837BD4680BD00BF52
:10E6D000980B0020A900002071E5000880B582B0E9
:10E6E00000AF786039603B685B68084A1360084A8D
:10E6F0007B68D361064800F079F93B681B681846CF
:10E7000000F0DAF800BF0837BD4680BDE01B0020EE
:10E71000B81B002080B584B000AF224800F028FD6F
:10E720000346002B2BD1204B1B78002B27D007F161
:10E730000C0319461B4800F0AAFD1C4BDB69002B9B
:10E740000CD0FB68BB6001233B71184BDB693A1DA1
:10E75000104698473A79144B1A7002E0124B012286
:10E760001A70114B1B78002B04D0FB68184601F07F
:10E770004FFC04E0FB6819460A4800F01BFD0948FD
:10E7800000F0F6FC0346002B07D1074B1B78002B4B
:10E7900003D00448F5F7ECFE00BF00BF1037BD46BC
:10E7A00080BD00BF8802002094020020B81B00201A
:10E7B00080B588B000AF78600B46FB70002000F099
:10E7C000D1F80023FB777B685B881BB2C3F3090396
:10E7D0001AB27B681B881BB29B021BB213431BB28D
:10E7E000BB83334B01221A707B68DB68D9B27B682C
:10E7F0009A68BB8B184600F08FF84EE048F2E800AC
:10E80000F5F7CDFE43E007F10C031946294800F067
:10E810003EFDFB685B7A0F2B14D1FB680B333B6129
:10E820003B695B889BB2BA8B9A4204D17B681B69B7
:10E830003A6912781A703B695B78002B27D0012364
:10E84000FB7724E0FB680B33BB61BB69B3F8013095
:10E850009BB2BA8B9A4214D1FB689B7A033BFB753F
:10E860007B685A69FB7D9A42A8BF1A467B685A6149
:10E870007B681869BB69D91C7B685B691A4603F021
:10E88000C6F9BB691B78002B01D00123FB7709482F
:10E8900000F06EFC0346002BB5D0FB7F002BADD003
:10E8A000012000F05FF8002318462037BD4680BDE8
:10E8B000E41B0020D81B002080B586B000AF786034
:10E8C0000F4800F045FC0F4A7B6813600E4800F0CB
:10E8D0003FFC0E4B01221A700D4B1B68002B0AD017
:10E8E0007B683B610B4BBB60094B1B6807F108025F
:10E8F0001046984700BF00BF1837BD4680BD00BF17
:10E90000D81B0020900200208802002094020020E2
:10E91000B81B0020A5E9000880B582B000AF03460F
:10E920003A60FB800B467B710C4B1B68FA88A3F89E
:10E9300009200A4B1B687A79DA72084B1B680C3382
:10E940007A793968184603F062F9054B1B69002192
:10E950000020984700BF0837BD4680BD90020020C8
:10E96000B81B002080B582B000AF0346FB71FB7975
:10E97000002B08D10A4B1B68002B0DD0084B1B68DD
:10E980000020984708E0064B1B68002B04D0044B7E
:10E990001B680120984700BF00BF0837BD4680BDF7
:10E9A000E01B002080B582B000AF78607B685B7AA6
:10E9B0000F2B03D07B685B7A0E2B07D1796809484F
:10E9C00000F01EFC0020F5F7DFFD06E07968064840
:10E9D00000F016FC0448F5F7CBFD00BF0837BD4634
:10E9E00080BD00BFD81B00208802002080B483B007
:10E9F00000AF78607B68054A1A607B68044A1A6138
:10EA000000BF0C37BD465DF8047B704781FD0008F0
:10EA1000E9FD000880B584B000AFF860B9607A60A5
:10EA20007A68B968F86803F0F2F8034618461037B8
:10EA3000BD4680BD80B584B000AFF860B9607A6033
:10EA40007A68B968F86803F063F803461846103727
:10EA5000BD4680BD80B485B000AF0346FB710F4B4F
:10EA6000FB6002E0FB68083BFB60FB6807331B7838
:10EA7000FA799A4203D0FB68094A9342F2D1FB68C3
:10EA800007331B78FA799A4201D00023FB60FB68B8
:10EA900018461437BD465DF8047B7047F873FF1FB6
:10EAA0000070FF1F80B58AB000AF7860002387F840
:10EAB00027307B6801333B623B6A1B78FF2B4FD1C9
:10EAC0003B6A0233FB61FB691B889BB21A4640F626
:10EAD00001439A4240D1FB690233BB61BB695B8849
:10EAE0009BB21A46224B9B8802339A4218D10123CB
:10EAF00087F82730BB691B7A03F00103002B07D08E
:10EB000000233B7207F108031846F5F78BFD25E05B
:10EB100001233B7207F108031846F5F783FD1DE05A
:10EB2000BB695B889BB21A46114B5B8801339A42E2
:10EB300014D1104802F0EAFE03233B72BB69DB8864
:10EB40009BB2DBB23B74BB690833FB6007F108037F
:10EB50001846F5F767FD01E000BF02E000BF00E0E6
:10EB600000BF97F8273018462837BD4680BD00BF44
:10EB7000980200202C51010880B58AB006AF4A489F
:10EB800001F050F88F233B70E5237B70B323BB70FB
:10EB9000D523FB702E233B717F237B714A23BB71EE
:10EBA0009823FB712A233B7248237B727A23BB7222
:10EBB000CC23FB7240233B73FE237B730023BB7388
:10EBC0000023FB733946394B0093062301220220B0
:10EBD000FEF7F4FE19233B70ED237B708223BB709C
:10EBE000AE23FB70ED233B7121237B714C23BB7162
:10EBF0009D23FB7141233B7245237B722223BB7211
:10EC00008E23FB7241233B73FE237B730023BB7374
:10EC10000023FB73254B18883A46254B05930123A7
:10EC200004930A23039301230293002301930623F1
:10EC3000009302230221FEF797FF19233B70ED2377
:10EC40007B708223BB70AE23FB70ED233B712123CD
:10EC50007B714C23BB719D23FB7141233B72452388
:10EC60007B722223BB728E23FB7242233B73FE23F3
:10EC70007B730023BB730023FB730C4B18883A464D
:10EC80000C4B0593012304930A230393012302935E
:10EC9000002301931023009302230221FEF764FF57
:10ECA00000BF1037BD4680BDA5EA000898020020CD
:10ECB0009A0200209C02002080B586B002AF034675
:10ECC0003960FB809223FB73FB884FF642629342CC
:10ECD0000CD1094B1888084B99883B680093022394
:10ECE0000022FFF749F80346FB7300E000BFFB7BFF
:10ECF00018461037BD4680BD9802002080B588B008
:10ED000000AF786007F10C03FB617B6803F10C0234
:10ED1000FB6937214FF6664000F04CF9FB690B3375
:10ED2000DB7818462037BD4680BD80B588B000AF7F
:10ED3000786007F10C03FB617B6803F10C02FB694F
:10ED40000F214FF6684000F035F9FB690B33DB7893
:10ED500018462037BD4680BD80B588B000AF7860CA
:10ED600007F10C03FB61FB697A6810214FF67540CF
:10ED700000F020F9FB690B33DB7818462037BD46DD
:10ED800080BD000080B48BB000AF786000233B6191
:10ED90000023FB6000237B6200233B620023FB61B6
:10EDA0000023BB600023BB6100237B614A4BDB6B0C
:10EDB000C3F30D033B613B699B0003F1005303F573
:10EDC00040331B68BB60BB681B68444A93420FD149
:10EDD000BB685B697B62BB689B693B62BB68DB6944
:10EDE000FB61BB68DB68BB61BB681B697B611AE0C8
:10EDF0003B699B0003F1005303F54033FB60FB6864
:10EE00001B681B697B62FB681B685B693B62FB6874
:10EE10001B689B69FB61FB681B685B68BB61FB68E7
:10EE20001B689B687B617B6A1B0EDAB27B681A7079
:10EE30007B6A1B0CDAB27B685A707B6A1B0ADAB2F7
:10EE40007B689A707B6A1B09DBB203F00F03DAB2AE
:10EE50007B68DA707B6ADBB203F00F03DAB27B689F
:10EE60001A713B6A1B0EDAB27B685A713B6A1B0C43
:10EE7000DAB27B689A713B6A1B0ADAB27B68DA7194
:10EE80003B6ADAB27B681A72FB69DAB27B685A7243
:10EE9000BB691B0EDAB27B689A72BB691B0CDAB2D3
:10EEA0007B68DA72BB691B0ADAB27B681A737B690A
:10EEB0001B0EDAB27B685A737B691B0CDAB27B6873
:10EEC0009A737B69DAB27B68DA73002318462C37B1
:10EED000BD465DF8047B704700400058B95646A90E
:10EEE00080B582B000AF786039603B685B68084AE3
:10EEF0001360084A7B68D361064800F015F93B6847
:10EF00001B68184600F098F800BF0837BD4680BD62
:10EF1000081C0020E81B002080B584B000AF224808
:10EF200000F026F90346002B2BD1204B1B78002B39
:10EF300027D007F10C0319461B4800F0A8F91C4B19
:10EF4000DB69002B0CD0FB68BB6001233B71184BC5
:10EF5000DB693A1D104698473A79144B1A7002E063
:10EF6000124B01221A70114B1B78002B04D0FB6846
:10EF7000184601F04DF804E0FB6819460A4800F015
:10EF800019F9094800F0F4F80346002B07D1074BA4
:10EF90001B78002B03D00448F2F728FC00BF00BF09
:10EFA0001037BD4680BD00BFAC020020BC0200206F
:10EFB000E81B002080B584B000AFBA607B600346D8
:10EFC000FB810B467B73002000F068F8174B1B6831
:10EFD000FA89A3F80920154B1B687A7BDA72134B68
:10EFE0001B680C337A7BB968184602F010FE104B90
:10EFF00001221A700F4B1B6900210020984748F22C
:10F00000E800F2F70AFC7B6803F10800074B196877
:10F01000064B1B689B7803331A4602F0F8FD01206B
:10F0200000F03CF800BF1037BD4680BDB80200209C
:10F030000C1C0020E81B002080B586B000AF786073
:10F04000104A7B681360104800F082F8012000F03D
:10F0500025F80E4B01221A700D4B1B68002B0CD0AB
:10F060007B687B610B4BFB600B4B3B61084B1B6868
:10F0700007F10C021046984700BF00BF1837BD4685
:10F0800080BD00BFB8020020AC020020BC020020FE
:10F09000E81B0020EDF0000805F1000880B582B003
:10F0A00000AF0346FB71FB79002B0BD10D4B1B68A6
:10F0B000002B03D00B4B1B68002098470A4B002203
:10F0C0001A700BE0084B01221A70064B1B68002BCC
:10F0D00004D0044B1B680120984700BF00BF0837CD
:10F0E000BD4680BD081C0020B402002080B582B05F
:10F0F00000AF78600020F2F785FB00BF0837BD46FF
:10F1000080BD000080B582B000AF786079680548A6
:10F1100000F076F80348F2F769FB00BF0837BD46F8
:10F1200080BD00BFAC02002080B483B000AF786027
:10F130007B68054A1A607B68044A1A6100BF0C3775
:10F14000BD465DF8047B70479DFE0008F1FE000897
:10F1500080B483B000AF78607B687A681A607B689F
:10F160007A685A6000BF0C37BD465DF8047B704773
:10F1700080B487B000AF7860EFF31083FB60FB686A
:10F180003B6172B600BF7B681B687A689A4202D105
:10F190000123FB7501E00023FB753B69BB60BB6885
:10F1A00083F3108800BFFB7D18461C37BD465DF811
:10F1B000047B704780B487B000AF78603960EFF3AC
:10F1C0001083FB60FB687B6172B600BF7B681A68C6
:10F1D0003B681A603B687A685A607B683A681A60D4
:10F1E0003B681B683A685A607B693B613B6983F303
:10F1F000108800BF00BF1C37BD465DF8047B704718
:10F2000080B487B000AF78603960EFF31083FB60A3
:10F21000FB687B6172B600BF3B687A681A607B68E6
:10F220005A683B685A607B683A685A603B685B681A
:10F230003A681A607B693B613B6983F3108800BFC1
:10F2400000BF1C37BD465DF8047B704780B487B0B3
:10F2500000AF7860EFF31083FB60FB687B6172B6F0
:10F2600000BF7B685B687A6812681A607B681B68FD
:10F270007A6852685A607B693B613B6983F3108806
:10F2800000BF00BF1C37BD465DF8047B704780B5EA
:10F2900086B000AF78603960EFF31083FB60FB68E5
:10F2A0007B6172B600BF7B681A683B681A607B6836
:10F2B0001B681846FFF7CAFF7B693B613B6983F314
:10F2C000108800BF00BF1837BD4680BD80B485B030
:10F2D00000AFF860B9607A607B80FB68BA681A603A
:10F2E000FB680022DA60FB6800221A61FB680022DA
:10F2F0005A61FB6800229A61FB687A685A60FB6871
:10F300007A881A81FB683A7E1A773B7E03F0020303
:10F31000002B06D0FB681B89002B02D04FF0FF3377
:10F3200000E0002318461437BD465DF8047B7047A3
:10F3300080B58EB000AFF860B9603B601346FB80CB
:10F3400000233B620023FB860023FB770023BB6284
:10F3500000237B620023BB770023BB83FB681B89F0
:10F36000002B01D1022300E00023FB77FB685B69DF
:10F37000002B29D0FB681B89002B22D1FB681A685F
:10F38000FB681B6913441B781846FB681A68FB6806
:10F390001B69591CFB685B68994206D3FB681969B5
:10F3A000FB685B68CB1A013302E0FB681B69013321
:10F3B00013441B781B029BB203449BB202339BB2E3
:10F3C00001E0FB681B89FB86FB681B89002B02D0D0
:10F3D000FB681B89FB80FB681A69FB68DB689A4243
:10F3E00007D3FB685A68FB681969FB8E0B44D31A74
:10F3F00000E00023BB61FA88FB7F13441A463B6898
:10F4000002FB03F3BA699A420BD8FA88FB7F1344D4
:10F410001A46BB69B3FBF2F101FB02F29B1ADBB2A5
:10F4200000E00023FB75FA7DFB7F9A428CBF01232D
:10F430000023DBB2BB77BB7F002B08D0FB681B7FB0
:10F4400003F00103002B02D0FB7D9BB200E0BB8BDD
:10F45000BB83BB7F002B08D0FB681B7F03F002033C
:10F46000002B02D0FB7F9BB200E0BB8BBB83FB88F1
:10F47000002B00F07E81FB685A69F988FB7F0B4402
:10F4800019463B6801FB03F31A44BB8B1A44FB6823
:10F490005B689A4200F26D810023FB624AE1FB68DF
:10F4A0001A69FB8E1A44FB685B689A4207D3FB68B3
:10F4B0001A69FB8E1A44FB685B68D31A03E0FB6889
:10F4C0001A69FB8E1344FA681361FB681B693B637E
:10F4D000FB681B89002B30D1FB681A683B6B591CF9
:10F4E00039631344FA88D2B21A70FB685B683A6BCE
:10F4F0009A4204D3FB685B683A6BD31A00E03B6B1B
:10F500003B63FB881B0A98B2FB681A683B6B591C6B
:10F5100039631344C2B21A70FB685B683A6B9A4253
:10F5200004D3FB685B683A6BD31A00E03B6B3B6328
:10F53000FB685B699A1CFB685A61FA88FB6859682A
:10F540003B6BCB1A934228BF1346BB62FB88BA6A57
:10F550009A4207D0FB88BA6A9A4225D2FB681B7F81
:10F56000002B21D1FB681A683B6BD018FB88FA6A24
:10F5700002FB03F3BA681344BA6A194602F047FB68
:10F58000FB685A69BB6A1A44FB685A6100233B63F3
:10F59000BB6A7B62FA88BB6AD31ABB62FB7F9AB2F2
:10F5A000FB881344FB86A4E0BB6A002B00F0A1801B
:10F5B000FB681B7F03F00103002B3AD0FB681B891B
:10F5C000002B0DD1FB681A683B6B023B1344FF22F2
:10F5D0001A70FB681A683B6B013B1344FF221A70D8
:10F5E000FB685A69BB6A1A44FB685A6100237B6254
:10F5F000FB88BB6200233B63FB681B89002B6FD138
:10F60000FB681A683B6B591C39631344BA6AD2B25F
:10F610001A70BB6A180AFB681A683B6B591C39637D
:10F620001344C2B21A70FB685B699A1CFB685A618A
:10F6300056E0FB681B7F03F00203002B50D0FB68F1
:10F640001B89002B4AD1FB681A683B6B023B1344B1
:10F65000BA6AD2B21A70BB6A190AFB681A683B6BA5
:10F66000013B1344CAB21A70FB681A683B6BD0188E
:10F67000FB88FA6A02FB03F3BA681344BA6A1946B4
:10F6800002F0C5FAFB685A69BB6A1A44FB685A6102
:10F69000BB6A7B62FA88BB6AD31ABB62FB689B6950
:10F6A0005A1CFB689A6100233B63FB681A683B6B3A
:10F6B000591C39631344BA6AD2B21A70BB6A180A69
:10F6C000FB681A683B6B591C39631344C2B21A7049
:10F6D000FB685B699A1CFB685A6101E0002349E002
:10F6E000FB7F9AB2BB6A9BB21344FB86FB68002285
:10F6F0001A61BB6A002B15D0FB681A683B6BD018E7
:10F70000FB88FA6A03FB02F27B6A1344BA6813446B
:10F71000BA6A194602F07BFAFB685A69BB6A1A4456
:10F72000FB685A61FB689B695A1CFB689A61FB6A1B
:10F730000133FB62FA6A3B689A42FFF4B0AEFB68A1
:10F740001A68FB681969FB7F1944FB685B6899427A
:10F7500007D3FB681969FB7F1944FB685B68CB1A08
:10F7600003E0FB681969FB7F0B4413443B623B6A6F
:10F7700000E0002318463837BD4680BD80B485B010
:10F7800000AF7860396000237B720023FB607B68E8
:10F790001B89002B01D1022300E000237B72002390
:10F7A0007B817B685B69002B00F0CA807B681B89CA
:10F7B000002B20D17B681A687B68DB6813441B78B8
:10F7C00018467B681A687B68DB68591C7B685B6835
:10F7D000994206D37B68D9687B685B68CB1A013392
:10F7E00002E07B68DB68013313441B781B029BB289
:10F7F00003449BB201E07B681B897B817B681B7F94
:10F8000003F00103002B56D07B681B7F03F002033B
:10F81000002B50D17B894FF6FF72934203D17B6856
:10F820001B89002B12D07B68DA687B681B699A42BF
:10F8300041D97B681B89002B3DD07B685A687B6867
:10F84000DB68D31A7A681289934234D27B685A698A
:10F850007B68D9687B685B68CB1A1A447B685A61FD
:10F860007B680022DA607B681B89002B20D17B68D3
:10F870001A687B68DB6813441B7818467B681A6833
:10F880007B68DB68591C7B685B68994206D37B68A0
:10F89000D9687B685B68CB1A013302E07B68DB6860
:10F8A000013313441B781B029BB203449BB201E05B
:10F8B0007B681B897B817B681A687B68D9687B7A47
:10F8C00019447B685B68994207D37B68D9687B7A67
:10F8D00019447B685B68CB1A03E07B68D9687B7A44
:10F8E0000B441344FB607B685B6979897A7A0A442C
:10F8F0009A1A7B685A617B685B69002B1BD07B6816
:10F90000DA687B891A447B7A1A447B685B689A427E
:10F9100009D37B68DA687B891A447B7A1A447B684E
:10F920005B68D31A05E07B68DA687B891A447B7AC6
:10F9300013447A68D3607B689B695A1E7B689A611E
:10F940003B68002B02D03B687A891A80FB68184616
:10F950001437BD465DF8047B704780B487B000AFB4
:10F96000786039600023FB7200237B617B681B8910
:10F97000002B01D1022300E00023FB7200237B82D5
:10F980000023FB607B685B69002B00F08E807B6846
:10F99000DB68FB607B681B89002B20D17B681A68C1
:10F9A0007B68DB6813441B7818467B681A687B68A1
:10F9B000DB68591C7B685B68994206D37B68D96811
:10F9C0007B685B68CB1A013302E07B68DB6801333C
:10F9D00013441B781B029BB203449BB201E07B687B
:10F9E0001B897B827B681B7F03F00103002B47D0C0
:10F9F0007B681B7F03F00203002B41D17B8A4FF60B
:10FA0000FF72934203D17B681B89002B12D07B6865
:10FA1000DA687B681B699A4232D97B681B89002BA4
:10FA20002ED07B685A687B68DB68D31A7A681289A3
:10FA3000934225D20023FB607B681B89002B1CD1DD
:10FA40007B681A68FB6813441B7818467B681A6841
:10FA5000FB68591C7B685B68994205D37B685B68CF
:10FA6000F968CB1A013301E0FB68013313441B78BA
:10FA70001B029BB203449BB201E07B681B897B8223
:10FA80007B681A68F97AFB6819447B685B6899425D
:10FA900006D3F97AFB6819447B685B68CB1A02E0ED
:10FAA000F97AFB680B4413447B613B68002B02D05E
:10FAB0003B687A8A1A807B6918461C37BD465DF818
:10FAC000047B704780B400AF00BFBD465DF8047B87
:10FAD000704780B400AF00BFBD465DF8047B70473F
:10FAE00080B400AF00BFBD465DF8047B704780B4B2
:10FAF00000AF00BFBD465DF8047B704780B400AF27
:10FB000000BFBD465DF8047B704780B400AF00BF06
:10FB1000BD465DF8047B704780B400AF00BFBD46B2
:10FB20005DF8047B704780B400AF00BFBD465DF850
:10FB3000047B704780B400AF00BFBD465DF8047B16
:10FB4000704780B400AF00BFBD465DF8047B7047CE
:10FB500080B400AF00BFBD465DF8047B704780B441
:10FB600000AF00BFBD465DF8047B704780B400AFB6
:10FB700000BFBD465DF8047B704780B400AF00BF96
:10FB8000BD465DF8047B704780B400AF00BFBD4642
:10FB90005DF8047B704780B400AF00BFBD465DF8E0
:10FBA000047B704780B400AF00BFBD465DF8047BA6
:10FBB0007047000080B500AF044B00221A71044B5F
:10FBC00000221A7000F006F800BF80BDA0020020DD
:10FBD000A802002080B500AFFFF774FFFFF779FFA0
:10FBE000FFF77EFFFFF783FFFFF788FFFFF78DFF2B
:10FBF000FFF792FFFFF797FFFFF79CFFFFF7A1FFCB
:10FC0000FFF7A6FFFFF7ABFFFEF7B6FFFFF7AEFF6C
:10FC1000FFF7B3FFFFF7BFFFFFF7B6FFFFF7C2FF26
:10FC200000BF80BD80B483B000AF7860094B1B7902
:10FC30001946084A7B6842F82130064B1B7901338C
:10FC4000DAB2044B1A7100BF0C37BD465DF8047B75
:10FC5000704700BFA002002080B586B000AF78607A
:10FC60007B6801333B610023FB753B691B78FF2BED
:10FC700025D13B690233FB60FB681B889BB203F410
:10FC80007F43B3F5406F18D100237B750DE07B7D7A
:10FC90001A4A52F82330786898470346FB75FB7D73
:10FCA000002B08D17B7D01337B75144B1B797A7D4A
:10FCB0009A42ECD302E000BF00E000BF00E000BFCA
:10FCC000FB7D022B0FD0022B10DC002B02D0012B6E
:10FCD00006D00BE07868F3F7A5FD0346BB7508E096
:10FCE0000123BB7505E00023BB7502E00123BB7552
:10FCF00000BFBB7D18461837BD4680BDA00200205E
:10FD000080B500AFF4F72EFF00BF80BD80B500AF17
:10FD1000104B114A1A600F4B104A5A600D4B104A93
:10FD20009A600C4B0F4A1A620A4B0F4A5A62094BEF
:10FD30000E4ADA60074B0E4A1A61064B0D4A5A61A9
:10FD4000044B0D4A9A61034B0C4ADA61F4F71EFF2B
:10FD500000BF80BD000003203401032054010320B4
:10FD600064010320740103207C010320840103202B
:10FD70008C010320A8010320AC010320B80103205B
:10FD800080B584B000AF78607B68FB601148FFF7F6
:10FD9000DFF9114B5B68BB60FB689A68BB681A604F
:10FDA000FB68DA68BB68DA60BB680C4A5A60BB68FB
:10FDB000084A9A60F4F700FFFB681B68084A136062
:10FDC000FB685B68074A1360002318461037BD467E
:10FDD00080BD00BFD401032000000320580A032087
:10FDE000181C00201C1C002080B582B000AF786079
:10FDF0000B467B80094B5B681B6801221A72074B1C
:10FE00005B681B681946012000F070F9F4F7EEFEFC
:10FE1000002318460837BD4680BD00BF0000032000
:10FE200080B582B000AF1CE03B1D19461248FFF7B9
:10FE30002EFA7B685B7A0F2B03D07B685B7A0E2BE4
:10FE400005D17B681946022000F050F904E07B6878
:10FE50001946052000F04AF9084B1B687A681046DD
:10FE600098470548FFF784F90346002BDCD000BF14
:10FE70000837BD4680BD00BFD4010320181C0020F8
:10FE800080B500AF0021042000F030F9024B1B6860
:10FE9000984700BF80BD00BF1C1C002080B584B007
:10FEA00000AF78607B68FB600D48FFF751F90D4BA0
:10FEB000DB68BB60FB689A68BB681A60BB68084A6D
:10FEC0005A60F4F7C5FEFB681B68074A1360FB68BD
:10FED0005B68064A1360002318461037BD4680BD94
:10FEE000DC01032000000320201C0020241C002033
:10FEF00080B582B000AF78600B467B80094BDB6831
:10FF00001B6810221A72074BDB681B681946062013
:10FF100000F0ECF8F4F7B6FE002318460837BD46AB
:10FF200080BD00BF0000032080B500AF074BDB6839
:10FF30001B681946072000F0D9F8054B1B68034AD7
:10FF4000D26812681046984700BF80BD00000320A9
:10FF5000201C002080B582B000AF0EE03B1D19468A
:10FF60000B48FFF794F97B681946082000F0BEF8AB
:10FF7000084B1B687A68104698470548FFF7F8F861
:10FF80000346002BEAD000BF0837BD4680BD00BF46
:10FF9000DC010320241C002080B582B000AF786013
:10FFA0001748FFF7D5F81748FFF7D2F8164B1B692B
:10FFB000164A1360154B1B687A6892689A60134B57
:10FFC0001B687A68D268DA60104B1B680C4A1A61A9
:10FFD0000E4B1B687A6812681A600C4B1B687A68B3
:10FFE00052685A60094B1B687A6812695A61074B5C
:10FFF0001B687A6852699A6100BF0837BD4680BDA8
:020000040801F1
:10000000C4010320101C002000000320281C002035
:1000100080B582B000AF786079680748FFF7F0F8E4
:100020007968002000F062F80448F4F771FE00BF20
:100030000837BD4680BD00BF101C002041000108EC
:1000400080B582B000AF0CE03B1D19460A48FFF7AF
:100050001EF90A4B1B691B697A6811461846FFF79F
:10006000CFF80548FFF784F80346002BECD000BF1B
:100070000837BD4680BD00BF101C002000000320D3
:1000800080B500AF0548FFF763F8054B5B69034A8D
:100090001A60F4F78FFE00BF80BD00BFCC010320C3
:1000A0000000032080B582B000AF08E03B1D194678
:1000B0000848FFF7ECF87B68184600F00DF8054893
:1000C000FFF756F80346002BF0D000BF0837BD46B7
:1000D00080BD00BFCC01032080B483B000AF786046
:1000E00000BF0C37BD465DF8047B704780B487B015
:1000F00000AF03463960FB71FB79082B4CD801A295
:1001000052F823F0290101084D01010859010108A5
:1001100053010108990101086D01010879010108E5
:100120007F0101088D0101083B687B617B695B7A77
:10013000FF2B05D0FF2B05DC0E2B05D00F2B01E08C
:1001400000BF2AE000BF28E000BF26E03B68FB605C
:1001500023E03B68BB6020E03B687B617B695B7AA6
:100160000E2B01D00F2B00E000BF16E03B687B6137
:100170007B695B7AFF2B10E03B68FB600DE03B681E
:100180003B613B695B780E2B00BF06E03B687B61FF
:100190007B695B7AFF2B00E000BF00BF1C37BD46C8
:1001A0005DF8047B704700BF80B582B000AF786017
:1001B0007B681B68224A13607B685B68204A536037
:1001C0007B689B681E4A93607B68DB681C4AD3602F
:1001D0007B681B691A4A13617B685B69184A536123
:1001E0007B689B69164A93617B68DB69144AD3611B
:1001F0007B681B6A124A13627B685B6A104A53620F
:100200007B689B6A0E4A93620E4B0022DA600D4BAC
:1002100000221A610A4BDB690B4A114600209847FD
:10022000074B1B6A094A114600209847044B9B6AFA
:10023000074A11460020984700BF0837BD4680BDD9
:100240006C1C00202C1C0020401C0020441C0020A2
:10025000481C002080B582B000AF7860094A7B68F6
:100260001361094BDB69094A114678689847064BC8
:100270001B6A074A11467868984700BF0837BD4691
:1002800080BD00BF2C1C00206C1C0020401C0020E6
:10029000441C002080B483B000AF7860064BDB685C
:1002A000054A5B0113447A681A6000BF0C37BD46EB
:1002B0005DF8047B704700BF2C1C002080B483B025
:1002C00000AF7860064BDB68054A5B0113440433DA
:1002D0007A681A6000BF0C37BD465DF8047B704732
:1002E0002C1C002080B483B000AF7860064BDB6824
:1002F000054A5B01134408337A681A6000BF0C3763
:10030000BD465DF8047B70472C1C002080B400AF14
:10031000054BDB68044A5B01134408331B6818462D
:10032000BD465DF8047B70472C1C002090B587B05B
:1003300002AFF860B9607A603B60084B5C68084BBC
:1003400018693B6A01933B6800937B68BA68F96857
:10035000A04700BF1437BD4690BD00BF6C1C0020F5
:100360002C1C002080B584B000AFF860B960134643
:10037000FB71164BDB68154A5B01134408331B689D
:100380001A68FB79203B1149C968104849010144AA
:1003900008310968C98803FB01F10C4BDB680B4885
:1003A0005B01034408331B689B880733002B00DA8A
:1003B0000733DB1001FB03F313441A46B968F868EE
:1003C00000F0B4F800BF1037BD4680BD2C1C0020E3
:1003D00080B58AB000AFF860B9607A60FB70012325
:1003E0007B6200233B620023FB6100237B617B680F
:1003F000BB6102E0FB690133FB61BB695A1CBA6156
:100400001B78002BF6D1484B5B69474AD2684649B6
:1004100052010A44083212689288B3FBF2F37B61FE
:10042000FB78032B18D0032B2ADC012B02D0022BE4
:1004300015D025E07A69FB69D31A3B4AD2683A495C
:1004400052010A4408321268928802FB03F35B08E7
:10045000FA6813447B6216E0FB687B6213E07A69FA
:10046000FB69D31A304AD2682F4952010A44083234
:100470001268928803FB02F2FB68D31A7B6202E0E7
:10048000FB687B6200BF7B6A002B03D07B6AB3F5FD
:10049000004F1BD301237B6218E07B681B781A4650
:1004A000B968786AFFF75EFF1F4BDB681E4A5B0185
:1004B000134408331B689B881A467B6A13447B628B
:1004C0007B6801337B603B6A01333B627B681B784E
:1004D000002B14BF01230023DAB2134B5969124BCE
:1004E000DB6811485B01034408331B689B8818468E
:1004F0003B6A00FB03F3CB1A9BB20B49C9680A485D
:10050000490101440831096889888B422CBF0123C5
:100510000023DBB21340DBB2002BBED100BF00BF13
:100520002837BD4680BD00BF2C1C002080B5B2B06E
:1005300002AFF860B9607A600023C7F8BC300023CE
:10054000C7F8B830A54BDB68A44A5B0113440833F5
:100550001B68DB88C7F8B030A04BDB689F4A5B01A3
:10056000134408331B689B88C7F8AC30D7F8AC300D
:10057000073323F00702D7F8AC30D31AC7F8A830F6
:100580000023C7F8BC301CE1D7F8AC300733DB08D8
:10059000D7F8BC2002FB03F37A681344C7F8A430F1
:1005A000D7F8AC300733DB08012B02D0022B06D082
:1005B00011E0D7F8A4301B78C7F8B4301DE0D7F8A5
:1005C000A4301B781B02D7F8A42001321278134301
:1005D000C7F8B43011E0D7F8A4301B781A04D7F864
:1005E000A43001331B781B021343D7F8A420023236
:1005F00012781343C7F8B43000BF784BDB68774AF2
:100600005B0113441C331B68022B40F08C800023D9
:10061000C7F8B83074E0D7F8AC20D7F8B830D21AA1
:10062000D7F8A8301344013B012202FA03F31A461B
:10063000D7F8B4301340002B2DD0684BDB68674AE5
:100640005B0113441B68DB089BB203F01F039AB2E3
:10065000624BDB6861495B010B441B689B0A9BB2E0
:100660005B019BB203F4FC639BB213439AB25B4BF6
:10067000DB685A495B010B441B68DB0C9BB2DB0255
:100680009BB213439AB2D7F8B8305B00C0333B44F7
:1006900023F84C2C2FE0514BDB68504A5B0113448C
:1006A00004331B68DB089BB203F01F039AB24B4B69
:1006B000DB684A495B010B4404331B689B0A9BB20D
:1006C0005B019BB203F4FC639BB213439AB2434BAE
:1006D000DB6842495B010B4404331B68DB0C9BB2B3
:1006E000DB029BB213439AB2D7F8B8305B00C03339
:1006F0003B4423F84C2CD7F8B8300133C7F8B83056
:10070000D7F8B820D7F8AC309A4284D3B9684B1CDC
:10071000BB6007F1740201230093D7F8AC30F8688E
:10072000FFF704FE48E00023C7F8B83032E0D7F8FE
:10073000AC20D7F8B830D21AD7F8A8301344013B10
:10074000012202FA03F31A46D7F8B4301340002B03
:100750000DD0224BDB68214A5B0113441A68D7F89D
:10076000B8309B00C0333B4443F8AC2C0DE01B4B2E
:10077000DB681A4A5B01134404331A68D7F8B830AF
:100780009B00C0333B4443F8AC2CD7F8B83001335E
:10079000C7F8B830D7F8B820D7F8AC309A42C6D3EB
:1007A000B9684B1CBB6007F1140201230093D7F812
:1007B000AC30F868FFF7BAFDD7F8BC300133C7F8A2
:1007C000BC30D7F8BC20D7F8B0309A42FFF4DCAE8A
:1007D00000BF00BFC037BD4680BD00BF2C1C00203D
:1007E00080B400AF054B00221A60054B00221A604E
:1007F00000BFBD465DF8047B704700BF981C002019
:100800009C1C002080B487B000AF78600B46FB7062
:10081000EFF310833B613B697B6172B600BFFB78ED
:10082000002B08D0012B0ED10D4B1A687B681343A7
:100830000B4A136008E07B68DA43094B1B681340DE
:10084000074A136000E000BF7B69FB60FB6883F32D
:10085000108800BF00BF1C37BD465DF8047B7047A1
:100860009C1C002080B594B000AF7860894B1B6859
:10087000FB62884B1A687B681340864A1360864B7C
:100880001B687B64854B1B683B64854B1B68FB6363
:10089000844B1B68BB6312E10023FB6402E0FB6C2A
:1008A0000133FB64804AFB6C52F83320FB6B1A4027
:1008B000784B1B681340002BF1D07B4AFB6C52F83D
:1008C0003320FB6B1A40734B1B681340BB64764AA2
:1008D000FB6CDB0013445A68BB6C1340002B06D141
:1008E000714AFB6CDB0013444FF0FF325A606A4BD5
:1008F0001B68BB626C4AFB6CDB0013445B68DA4329
:100900006A4B1B681343694A1360684B1B68DB43DF
:10091000BA6A1340BB62BA6ABB6C1340002B03D0A7
:10092000BA6CBB6A1340BB64BB6A002B02D15F4B3D
:1009300000221A605C4AFB6CDB0013445A68BB6CF3
:100940001340184600F043FA03461A46584B1A6003
:10095000EFF31083FB61FB697B6272B600BF544BFF
:100960001B68012202FA03F3DA434B4B1B68134066
:10097000494A13600123FB6413E0FB6C013B4A4AC4
:1009800052F833104A4B1B68012202FA03F3DA4390
:10099000FB6C013B0A40444941F83320FB6C013BAE
:1009A000FB64FB6C002BE8D17B6ABB61BB6983F302
:1009B000108800BF3E4B1B68184600F0E9F93C4B1D
:1009C0001B681F2B78D83A4B1B683A4A52F82330E1
:1009D000002B71D000237B631EE0334A7B6BDB006E
:1009E00013445A68324B1B68012101FA03F3DB43BD
:1009F0001A402D497B6BDB000B445A602A4A7B6B03
:100A0000DB0013445A687B6B9B0050333B4443F834
:100A1000442C7B6B01337B637B6B002BDDD0244B41
:100A20001B68244A52F82330984700233B6313E0A5
:100A30001D4A3B6BDB0013445A683B6B9B005033F1
:100A40003B4453F8443C1A4017493B6BDB000B44D2
:100A50005A603B6B01333B633B6B002BE8D0144B7C
:100A60001B68184600F09EF90B4B1B687B640B4B10
:100A70001B683B640A4B1B68FB630A4B1B68BB6328
:100A80000B4B1B6801229A40084B1B681343074A13
:100A9000136014E0B8000020A01C0020A41C00205B
:100AA000B4000020A81C0020301D0020381D0020AC
:100AB000AC1C0020B01C0020002000F07DF97A6CF6
:100AC000FB6B1A40224B1B681340002B05D03A6C7D
:100AD000BB6B1340002B3FF4DFAE1E4B4FF0FF32D9
:100AE0001A601D4B1A683B6C1340002B29D100F093
:100AF00041F9EFF310837B617B693B6272B600BF03
:100B0000164B1B687B64164B1B683B64154B1B68BC
:100B1000FB637A6CFB6B1A400D4B1B681340002B78
:100B200007D10D4B1A683B6C1340002B01D1F0F735
:100B300056FE3B6A3B613B6983F3108800BF00F0BF
:100B400020F9034AFB6A136000BF5037BD4680BDE1
:100B5000B8000020AC1C0020A81C0020A01C002015
:100B6000A41C0020B400002080B588B000AFF8605D
:100B7000B9607A60EFF310837B617B69FB6172B6C9
:100B800000BFF86800F023F903461946064A7B685F
:100B900042F82130FB69BB61BB6983F3108800BF59
:100BA00000BF2037BD4680BDB01C002080B487B098
:100BB00000AF78603960EFF31083FB60FB687B6106
:100BC00072B600BF0D4B1A687B6813430B4A136063
:100BD0000B4A3B6852F833207B681A4308493B684C
:100BE00041F833207B693B613B6983F3108800BF88
:100BF00000BF1C37BD465DF8047B7047A01C002079
:100C0000301D002080B487B000AF7860EFF3108310
:100C1000FB60FB687B6172B600BF7B68DA43084B00
:100C20001B681340064A13607B693B613B6983F391
:100C3000108800BF00BF1C37BD465DF8047B7047BD
:100C4000B400002080B487B000AF7860EFF3108369
:100C5000FB60FB687B6172B600BF094B1A687B685A
:100C60001343074A13607B693B613B6983F3108838
:100C700000BF00BF1C37BD465DF8047B704700BF56
:100C8000B400002080B487B000AF7860EFF3108329
:100C9000FB60FB687B6172B600BF094B1A687B681A
:100CA0001343074A13607B693B613B6983F31088F8
:100CB00000BF00BF1C37BD465DF8047B704700BF16
:100CC000A41C002080B588B000AF78601F4B1B6863
:100CD000BB611E4B1B68B3F1FF3F02D10023FB61D8
:100CE00005E01A4B1B68012202FA03F3FB61184B63
:100CF0001B687B61164A7B68136003E07968F869BA
:100D000000F02AF8134B1A687B681340002BF5D0CB
:100D10000E4ABB691360EFF31083BB60BB683B6195
:100D200072B600BF7B68DA430A4B1B681340094A5E
:100D300013603B69FB60FB6883F3108800BF044AC3
:100D40007B69136000BF2037BD4680BDAC1C00200E
:100D5000A81C0020A41C002080B582B000AF7860E1
:100D600039607B68DB431846FFF77CFD00BF08371E
:100D7000BD4680BD80B400AF00BFBD465DF8047BBA
:100D8000704780B400AF00BFBD465DF8047B70477C
:100D900080B483B000AF786000BF0C37BD465DF80B
:100DA000047B704780B483B000AF786000BF0C371D
:100DB000BD465DF8047B704780B483B000AF034646
:100DC000FB7100BF0C37BD465DF8047B704780B4F3
:100DD00085B000AF78607B68FB60FB68002B01D1B9
:100DE000202303E0FB68B3FA83F3DBB2C3F11F03F4
:100DF000DBB218461437BD465DF8047B70472DE919
:100E0000FF4757EC106B002F0C4619463B46BBBF03
:100E100007F100431F4600232D230B700D9BDDF8C7
:100E200030A0914623F02008BCBF32461646B8F1E8
:100E3000460F05D0B8F1450F00D10134022100E082
:100E4000032103AB019302AB009347EC106B5346B5
:100E5000224600F075FFB8F1470F054619D119F089
:100E6000010F0ED000EB0409002200233046394662
:100E7000EFF712FE08B1CDF80C903022039B4B45E2
:100E80001ED3039B0E9A5B1B2846136004B0BDE87B
:100E9000F087B8F1460F00EB0409E5D10378302B59
:100EA0000AD10022002330463946EFF7F5FD18B984
:100EB000C4F10104CAF80040DAF800309944D3E7DD
:100EC000591C03911A70D9E7F7B50029BABF4942F6
:100ED0002D232B2309290270437029DD0DF107030F
:100EE0001D460A271A46B1FBF7F607FB16143034E5
:100EF00002F8014C0C46632C03F1FF333146F1DC60
:100F00003031941E03F8011C411C2346AB420AD326
:100F10000DF109039B1AAC4288BF0023023303443E
:100F2000181A03B0F0BD13F8016B01F8016FEDE77B
:100F3000302330318370C170031DF1E72DE9F04F8C
:100F40008DB00C46DDF8588016461F46054600F069
:100F5000E7FD036804931846EFF772F900230A933C
:100F6000D8F800300590073323F0070303F1080297
:100F700094F818A0D4F800B0C8F80020D3E900898C
:100F800029F000430793CDF81880C4E91289DDE900
:100F900006019C4B4FF0FF32EFF7B0FD70BBDDE96F
:100FA0000601984B4FF0FF32EFF78AFD30BB00226D
:100FB000002340464946EFF779FD10B12D2384F810
:100FC0004330914A914BBAF1470F8CBF90469846F7
:100FD000032323612BF0040323604FF000090097E3
:100FE00033460BAA2146284600F0D2F9013040F0E2
:100FF0008D804FF0FF300DB0BDE8F08F42464B467C
:1010000040464946EFF77AFD40B14B46002BBCBF46
:101010002D2384F843307E4A7E4BD4E763680AF080
:10102000DF0206925A1C3BD1062363604BF48062B8
:101030000023226003930AABCDE901A309AB00931F
:10104000616849EC108B0DF123032846FFF7D7FEAA
:10105000069B0999472B804629D1C81C02DB63688F
:10106000994241DDAAF1020A5FFA8AFA0139524631
:1010700004F150000991FFF727FF0A9A1318012A7B
:101080008146236102DC2268D20701D50133236146
:101090009DF82330002BA2D02D2384F843309EE707
:1010A000069A472AC2D1002BC0D10123BDE7BAF16D
:1010B000650FDBD9BAF1660F18D1002963680BDD23
:1010C000216113B92268D00702D501330B44236193
:1010D000A1654FF00009DBE713B92268D20701D5FB
:1010E0000233F4E70123F2E74FF0670A0A9B9942C3
:1010F00005DB23682161D807EAD54B1CE7E7002907
:10110000D4BFC1F1020201221344E0E723685A056B
:1011100007D42369424631462846B84701302BD1CF
:1011200067E7BAF1650F40F2DD80D4E912010022D1
:101130000023EFF7B1FC002833D0374A01233146B2
:101140002846B84701303FF454AFDDE9093843453C
:1011500002DB2368D8070FD5DDE904233146284692
:10116000B84701303FF445AF4FF0000908F1FF38B0
:1011700004F11A0AC84509DC23689B0700F10381C2
:10118000E0680B9B9842B8BF184634E701235246EB
:1011900031462846B84701303FF42BAF09F1010929
:1011A000E8E7099B002B39DC1B4A0123314628461E
:1011B000B84701303FF41DAFDDE9093959EA0303AF
:1011C00002D12368D907D7D5DDE904233146284663
:1011D000B84701303FF40DAF4FF0000A04F11A0B8D
:1011E000099B5B42534501DC4B4693E701235A467A
:1011F00031462846B84701303FF4FBAE0AF1010AF8
:10120000EEE700BFFFFFEF7F505801084C58010880
:1012100058580108545801085C580108A36DDDF8BE
:1012200028A05345A8BF5346002B994636DC4FF003
:10123000000B29EAE97904F11A02A36D0693A3EBE6
:1012400009035B4531DC099B9A453ADC2368DA07E0
:1012500037D4099BAAEB0309069BAAEB0303994524
:10126000A8BF9946B9F1000F33DC4FF0000829EA16
:10127000E97904F11A0B099BAAEB0303A3EB090319
:1012800043457FF779AF01235A4631462846B84790
:1012900001303FF4AEAE08F10108ECE742463146BA
:1012A0002846B8470130C2D1A3E60123314628467B
:1012B0000692B84701303FF49CAE069A0BF1010B41
:1012C000BBE7DDE9042331462846B8470130C0D1E9
:1012D0008FE6069A4B46424431462846B8470130CD
:1012E000C3D186E6DDF828A0BAF1010F01DCDB07E7
:1012F00036D50123424631462846B84701303FF4EF
:1013000078AEDDE9042331462846B84701303FF482
:1013100070AED4E91201002200230AF1FF3AEFF780
:10132000BBFBC0B9534608F1010231462846B84715
:1013300001300CD15DE601235A4631462846B847B4
:1013400001303FF456AE08F10108D045F3DB4B46BF
:1013500004F15002DFE64FF0000804F11A0BF4E745
:1013600001234246E1E701234A4631462846B84771
:1013700001303FF43EAE08F10108E3680B995B1AB7
:101380004345F0DCFCE64FF0000804F11909F4E7EE
:101390002DE9F047164698468A680B69DDF82090DB
:1013A0009342B8BF1346336091F8432007460C467A
:1013B0000AB1013333602368990642BF33680233B0
:1013C0003360256815F0060506D104F1190AE368B3
:1013D00032689B1AAB4226DC94F843302268003B0B
:1013E00018BF012392062BD404F14302414638462C
:1013F000C84701301ED02368226903F00603042B7E
:1014000002BFE5683368ED1AA3680CBF25EAE575ED
:1014100000259342C4BF9B1AED1800261A34B5422A
:101420001AD1002008E00123524641463846C847F9
:10143000013003D14FF0FF30BDE8F0870135C6E73A
:10144000E1185A1C302081F84300224494F84510DA
:1014500082F843100233C7E701232246414638464B
:10146000C8470130E6D00136D9E700002DE9FF4733
:101470000F7E0C9E782F914680460C469A4601F1CD
:10148000430207D8622F0AD8002F00F0D180582FCE
:1014900000F0B88004F1420684F842703AE0A7F107
:1014A0006303152BF6D801A151F823F005150108A7
:1014B00019150108951401089514010895140108DF
:1014C00095140108191501089514010895140108CF
:1014D0009514010895140108171601084315010811
:1014E000D115010895140108951401083916010851
:1014F0009514010843150108951401089514010875
:10150000D915010833681A1D1B68326004F14206C0
:1015100084F8423001239CE033682068191D316053
:10152000060601D51D6803E04506FBD5B3F900505A
:10153000002D03DA2D236D4284F8433058480A23E6
:1015400011E021683368080653F8045B02D44906A9
:1015500048BFADB26F2F5248336014BF0A2308232F
:10156000002184F843106668A660002E05DB216820
:101570002E4321F0040121604BD01646B5FBF3F158
:1015800003FB1157C75D06F8017D2F46BB420D4690
:10159000F4D9082B0BD12368DF0708D523696168CC
:1015A0009942DEBF302306F8013C06F1FF36921B5C
:1015B0002261CDF800A04B4603AA21464046FFF722
:1015C000E7FE01304AD14FF0FF3004B0BDE8F087AC
:1015D000236843F0200323603248782784F845705D
:1015E000236831681F0651F8045B02D45F0648BFC8
:1015F000ADB23160D90744BF43F0200323601DB171
:101600001023ADE72648E9E7236823F02003236091
:10161000F6E71646BDE7336825686169181D306036
:101620002E061B6801D5196002E06806FBD51980FB
:10163000002323611646BCE733681A1D32601E681A
:10164000626800213046EEF7ABFD08B1801B606098
:1016500063682361002384F84330AAE72369324694
:1016600049464046D0470130ADD023689B0713D48C
:10167000E068039B9842B8BF1846A6E701233246AC
:1016800049464046D04701309DD00135E368039973
:101690005B1AAB42F2DCEBE7002504F11906F5E733
:1016A0005E5801086F580108002310B50446C0E9D0
:1016B0000033C0E90433836081814366C281836162
:1016C000194608225C3000F023FA0D4B63620D4B83
:1016D000A3620D4BE3620D4B23630D4B24629C42CE
:1016E00006D003F16802944202D0D0339C4205D167
:1016F00004F15800BDE8104000F086BA10BD00BFEC
:101700006119010883190108BB190108DF190108D3
:101710003C1D0020024A0349034800F069B800BF9D
:10172000BC00002011380108CC00002041680C4B9F
:10173000994210B5044601D002F06AF8A168094B3D
:10174000994202D0204602F063F8E168064B9942C4
:1017500004D02046BDE8104002F05AB810BD00BFCA
:101760003C1D0020A41D00200C1E002010B50B4BBA
:101770000B4C0C4A1A60204600220421FFF794FF0C
:1017800004F1680001220921FFF78EFF04F1D00067
:101790000222BDE810401221FFF786BF741E002010
:1017A0003C1D002015170108014800F02EBA00BFAB
:1017B0007D1E0020014800F029BA00BF7D1E0020D8
:1017C00010B50446FFF7F0FF236A1BB1BDE81040D7
:1017D000FFF7F0BF044B2362044B1B68002BF5D1CD
:1017E000FFF7C4FFF2E700BF2D170108741E0020A9
:1017F0002DE9F8430746884614460026D4E90195AA
:10180000B9F1010905D52468002CF7D13046BDE8AF
:10181000F883AB89012B07D9B5F90E30013303D01A
:1018200029463846C04706436835E9E70FB407B58F
:10183000064904AB086853F8042B8168019301F052
:101840004BFE03B05DF804EB04B07047C800002005
:10185000024B01461868826802F064B8C800002094
:10186000036A70B5846805460E460BB9FFF7A8FFFA
:10187000636EDB0705D4A389980502D4A06D00F040
:10188000C4F9A389190702D52369002B35D1214654
:10189000284600F0E7F880B34FF0FF35636EDA07B3
:1018A00005D4A3899B0502D4A06D00F0AFF92846AA
:1018B00070BD002B04DAA2699A4217DC0A2915D000
:1018C00023685A1C22601970A36816F8011F013B97
:1018D000A3600029EDD1002B11DA22460A21284607
:1018E00000F081F80130D7D00A25D7E722462846F4
:1018F00000F079F80130E7D1CEE7013EE4E7236854
:101900005A1C22600A221A70EEE70000024B0146C0
:101910001868FFF7A5BF00BFC80000200EB410B5BF
:101920009DB01FAB029006906FF000410A480791EE
:1019300004910A4953F8042B0591002402A9006878
:1019400001931B9401F0A2FC029B1C701DB0BDE82A
:10195000104003B0704700BFC80000200802FFFF1E
:1019600010B50C46B1F90E1000F000F90028ABBF1D
:10197000636DA3891B1823F48053ACBF6365A381F7
:1019800010BD2DE9F0411F468B89DB0505460C464D
:10199000164605D5B1F90E100223002200F0D4F846
:1019A000A389B4F90E1023F48053A38132463B4639
:1019B0002846BDE8F04100F0EBB810B50C46B1F98F
:1019C0000E1000F0C1F8431CA38915BF606523F415
:1019D000805343F48053A38118BFA38110BDB1F994
:1019E0000E1000F0A1B8F8B50E461446054618B121
:1019F000036A0BB9FFF7E4FEA369A360A3891A0782
:101A000001D5236943B92146284600F02BF818B1C7
:101A10004FF0FF373846F8BD23682269981A63698A
:101A2000F6B28342374605DC2146284601F0F0FE37
:101A30000028EDD1A368013BA36023685A1C2260F3
:101A40001E706269431C9A4204D0A389DB07E1D56A
:101A50000A2EDFD12146284601F0DAFE0028D9D02F
:101A6000D6E7000038B5294B054618680C4618B172
:101A7000036A0BB9FFF7A4FEB4F90C30190722D49E
:101A8000DA0607D409222A6043F04003A3814FF00D
:101A9000FF3033E0580712D5616B41B104F14403C4
:101AA000994202D0284600F01BFF00236363A389FC
:101AB00023F02403A3810023636023692360A389A7
:101AC00043F00803A38123694BB9A38903F420736E
:101AD000B3F5007F03D02146284601F0E7FEB4F9B4
:101AE0000C3013F001020AD00022A2606269524257
:101AF000A261226942B913F08000C5D138BD9907AF
:101B000058BF6269A260F4E70020F7E7C800002030
:101B100002440346934200D1704703F8011BF9E7E2
:101B2000004870470802002038B5064D00230446DF
:101B300008462B60F1F712FC431C02D12B6803B15D
:101B4000236038BD781E002038B5074D044608468E
:101B5000114600222A601A46F1F727FC431C02D1E5
:101B60002B6803B1236038BD781E002038B5074DBF
:101B700004460846114600222A601A46F1F7D1FBB6
:101B8000431C02D12B6803B1236038BD781E0020AE
:101B900038B5074D04460846114600222A601A4609
:101BA000FCF734FD431C02D12B6803B1236038BD20
:101BB000781E0020014B1868704700BFC800002045
:101BC00070B50D4D0D4C641BA4100026A64209D122
:101BD0000B4D0C4C02F00CF8641BA4100026A6421E
:101BE00005D170BD55F8043B98470136EEE755F82E
:101BF000043B98470136F2E7CC5B0108CC5B010857
:101C0000CC5B0108D05B01087047704770470A44FD
:101C1000914200F1FF3300D1704710B511F8014B2C
:101C200003F8014F9142F9D110BD2DE9F74F036937
:101C30000C69A34207467EDB013C01F11408A300B6
:101C400000F11405009305EB8403019358F8243048
:101C500055F8242001339A4208EB8409B2FBF3F6CD
:101C60002ED34FF0000AC446AE46D3465CF8043B80
:101C700098B206FB00A0020C1B0C06FB0323DEF847
:101C8000002080B292B2121A5A44DEF800004FEAE5
:101C9000134A9BB2C3EB224303EB104392B242EAD6
:101CA0000342E1454EF8042B4FEA234BDED2009B62
:101CB000EB582BB9019B043B9D421A462FD33C6144
:101CC000384601F07FF9002825DB2946002058F826
:101CD000042BD1F800C01FFA82FE1FFA8CF3A3EB8D
:101CE0000E030344120CC2EB234202EB1C429BB2D4
:101CF00043EA0243C14541F8043B4FEA2240E6D2A1
:101D000055F8242005EB840322B9043B9D421A4672
:101D10000BD33C610136304603B0BDE8F08F12684A
:101D2000043B002ACBD1013CC6E71268043B002AE1
:101D3000EFD1013CEAE70020EEE7000000000000E0
:101D40002DE9F04FC76997B08DED040B55EC104BA2
:101D5000209E079181460C9211937FB9102000F0CC
:101D600009FE0246C9F81C0020B9A94BEF21A94879
:101D700001F058FEC0E901770760C760D9F81C3050
:101D8000196859B15A684A60012393408B604846EC
:101D900000F0E6FED9F81C3000221A602B1EB9BFF5
:101DA00023F00043059300233360059F9A4BBCBF8B
:101DB00001223260BB4312D1119A42F20F731360B9
:101DC000C7F31303234300F05A85219BDFF85CA27D
:101DD000002B00F05C850AF1030300F056BD9DED79
:101DE000047B002251EC170B00238DED0A7BEEF7EC
:101DF00053FE804658B1119A01231360219B13B101
:101E0000219A864B1360DFF828A200F040BD9DEDBB
:101E10000A0B14AA15A9484601F084F9C7F30A561B
:101E20000290002E78D00B9BCDF84880C3F31303AB
:101E3000DDE90A0143F07F5343F44013A6F2FF3675
:101E400019460022764BEEF707FA6BA3D3E900237D
:101E5000EEF7BAFB6AA3D3E90023EEF7FFF90446D5
:101E600030460D46EEF746FB67A3D3E90023EEF7B5
:101E7000ABFB02460B4620462946EEF7EFF9044637
:101E80000D46EEF751FE0022074600232046294664
:101E9000EEF70CFE40B13846EEF72CFB22462B46FF
:101EA000EEF7FAFD00B9013F162F52D85D4B03EB58
:101EB000C703D3E90023DDE90A01EEF7F7FD0028A7
:101EC00049D0013F00231093149B9B1B5A1E45BF12
:101ED000C3F10103009300230023069254BF009333
:101EE0000693002F39DB069B0D973B440693002396
:101EF0000893079B092B63D8052BC4BF043B0793AA
:101F0000079BA3F10203CCBF00240124032B63D859
:101F1000DFE803F05254372BDDE914631E4406F268
:101F20003243202BC1BFC3F140039F4006F212434E
:101F300024FA03F3D6BFC3F1200347EA030004FAEF
:101F400003F0EEF7C7FA0122A1F1F873013E1292F5
:101F500076E70123B7E71090B6E7009BDB1B009301
:101F60007B42089300230D93C3E7012309930C9B45
:101F700007EB030B0BF10103012B0393B8BF012304
:101F800006E0012309930C9B002B28DD9B4603935D
:101F9000D9F81C000021042202F114059D4226D923
:101FA0004160484600F09CFD8246002842D11E4B0D
:101FB000024640F2AF11DAE60023E3E70023D5E75B
:101FC00001240023079309944FF0FF3B0022CDF832
:101FD0000CB012230C92DBE701230993F4E74FF0D6
:101FE000010BCDF80CB05B46CDF830B0D0E7013135
:101FF0005200D1E7AFF3008061436F63A787D23F00
:10200000B3C8608B288AC63FFB799F501344D33FE7
:102010008D580108A45801080000F07F5D580108A0
:102020000000F83FF8590108FC58010889580108D8
:102030005C580108D9F81C301860039B0E2B00F285
:10204000A180002C00F09E80002F33DD9C4B07F018
:102050000F0203EBC20393ED007BF8058DED0E7BC1
:102060004FEA271416D5974BDDE90A01D3E9082377
:10207000EEF7D4FBCDE9040104F00F040326914DE3
:1020800054B9DDE90E23DDE90401EEF7C7FBCDE924
:10209000040128E00226F2E7E10708D5DDE90E0198
:1020A000D5E90023EEF790FACDE90E010136641070
:1020B0000835E5E700F0AF807C42814B814D04F0AC
:1020C0000F0203EBC203D3E90023DDE90A01EEF7B7
:1020D0007BFACDE90401241100230226002C40F0F4
:1020E0008F80002BD3D1109BDDE90445002B00F03D
:1020F0009480754B002220462946EEF7D7FC002835
:1021000000F08B80039B002B00F08780BBF1000F59
:1021100034DD20466D4B00222946EEF755FACDE915
:10212000040107F1FF3801365C463046EEF7E2F96C
:10213000DDE90423EEF748FA654B0022EEF78EF84E
:102140000546A1F15076002C6AD1DDE90401614B0E
:102150000022EEF781F802460B46CDE904232A4619
:102160003346EEF7C1FC002840F09882DDE9040117
:102170002A4606F10043EEF799FC38BBDDE90A3444
:10218000CDE90434159B002BC0F257810E2F00F3CC
:1021900054814B4B03EBC70393ED007B0C9B002B4F
:1021A0008DED007B80F2E580039B002B00F3E18046
:1021B0000CD1484B002251EC170BEEF705FADDE984
:1021C0000423EEF787FC002800F0668200242546F1
:1021D0000C9B56466FEA030800272146484600F04C
:1021E000BFFC002D00F0BD802FB1AF4203D03946B7
:1021F000484600F0B5FC2946484600F0B1FCB0E086
:10220000E20705D5D5E90023EEF7DEF90136012313
:102210006410083562E7022665E7039CB84684E748
:10222000274B099903EBC40353E9022354440029C3
:1022300054D029490020EEF7F1FA33462A46EEF74A
:102240000BF8CDE90E015646DDE90401EEF76CFC12
:102250000546EEF74FF902460B46DDE90401EDF7BE
:10226000FBFF303502460B46CDE9042306F8015B3F
:10227000DDE90E23EEF71AFC002872D1DDE9042314
:1022800011490020EDF7E8FFDDE90E23EEF70EFC23
:10229000002840F0B480A6423FF470AFDDE90E01A3
:1022A0000A4B0022EEF790F9084BCDE90E0100220F
:1022B000DDE90401EEF788F9CDE90401C4E700BFC8
:1022C000F8590108D05901080000F03F00002440EF
:1022D00000001C40000014400000E03F314628464A
:1022E000EEF772F9CDE90E0113945646DDE90401CB
:1022F000EEF71AFC0546EEF7FDF802460B46DDE95F
:102300000401EDF7A9FF303506F8015B02460B46E4
:10231000A642CDE904234FF0000224D1AF4BDDE902
:102320000E01EDF79BFF02460B46DDE90401EEF7D7
:10233000DBFB002863D1DDE90E23A8490020EDF77F
:102340008BFF02460B46DDE90401EEF7AFFB0028E8
:102350003FF414AF139E731E139316F8013C302BF9
:10236000F8D047463BE09E4BEEF72EF9CDE904014D
:10237000BCE7DDE904455646DDE900232046294651
:10238000EEF74CFAEEF7D0FB8046EEF7B3F8DDE956
:102390000023EEF719F902460B462046294608F1BC
:1023A0003004EDF759FF06F8014B039DA6EB0A0434
:1023B000A54202460B4633D1EDF750FFDDE900237D
:1023C00004460D46EEF790FBC0B9DDE90023204638
:1023D0002946EEF761FB10B118F0010F0ED10299FA
:1023E000484600F0BDFB00233370119B01371F608E
:1023F000219B002B00F04B821E6048E2B84633461A
:102400001E4613F8012D392A06D19A45F8D13022FB
:1024100008F101088AF800201A7801321A70A0E742
:102420006F4B0022EEF7D0F80022002304460D4641
:10243000EEF732FB00289FD0D1E7099A002A00F07E
:10244000EA80079A012A00F3CD80129A002A00F050
:10245000C18003F23343089C009E009A1A44009204
:10246000069A01211A444846069200F02DFC0546C2
:1024700066B1069B002B09DDB342009AA8BF334624
:10248000D21A0092069AF61AD31A0693089B0BB337
:10249000099B002B00F0C680002C00F0C08029466C
:1024A0002246484600F0C8FC029A014605464846C6
:1024B00000F020FC02998046484600F051FB089B42
:1024C0001B1B089300F0B180089A4146484600F073
:1024D000B3FC02900121484600F0F6FB0D9B044638
:1024E000002B00F0D8811A460146484600F0A4FCB3
:1024F000079B012B044600F39F80049B002B40F0B8
:102500009780059BC3F31303002B40F09380059B3A
:1025100023F000431B0D1B0533B1009B01330093D7
:10252000069B01330693012308930D9B002B00F0BB
:10253000B881236904EB8303186900F079FBC0F1CB
:102540002000069B184410F01F0000F08280C0F1AC
:102550002003042B73DD009BC0F11C000344009397
:10256000069B034406440693009B002B05DD02995D
:102570001A46484600F0BAFC0290069B002B05DD87
:1025800021461A46484600F0B1FC0446109B002B39
:1025900061D00298214600F015FD00285BDA002387
:1025A00002990A22484600F0FDFA099B029007F1C1
:1025B000FF38002B00F07781294600230A22484685
:1025C00000F0F0FABBF1000F05466FDC079B022B11
:1025D00049DC6BE0149BC3F136033CE70000E03FAD
:1025E00000002440039B5C1E089BA34209DB1C1BCC
:1025F000039B002BBFF630AF009B039A9E1A00236B
:102600002BE7089B0D9A0894E31A1A44009E039B3B
:102610000D92002421E7089C009E099D28E7DDF823
:10262000088051E7089A029950E7CDF8088051E7F1
:10263000002379E7049B77E70023089379E793D099
:10264000009A1C331A440092069A1A441E440692B9
:102650008AE70346F4E7039B002BB84620DC9B4641
:10266000079B022B1EDDBBF1000F7FF4B1AD2146AD
:102670005B460522484600F095FA0146044602985A
:1026800000F0A0FC00287FF7A3AD5646312306F8E2
:10269000013B08F101089FE5039CB8462546F4E795
:1026A000DDF80CB0099B002B00F00181002E05DD48
:1026B00029463246484600F019FC0546089B002B87
:1026C0005CD06968484600F00BFA064628B9824B90
:1026D000024640F2EF21FFF74ABB2A69023292001C
:1026E00005F10C010C30FFF792FA01223146484601
:1026F00000F0FCFB0AF1010300930AEB0B030893C3
:10270000049B03F001032F4606930546009B0298A5
:10271000214603F1FF3BFFF788FA0346303303906D
:1027200039460298099300F04DFC2A460490214650
:10273000484600F063FCC268099B064602BB01469E
:10274000029800F03FFC099B0246314648460C9235
:10275000099300F005FA079B0C9A009E42EA0301D8
:10276000069B1943099B0DD1392B27D0049A002AC7
:1027700001DD039B31338BF800302EE52846B9E7A5
:102780000122E2E70499002904DB07980143069837
:10279000014320D1002AEEDD029900930122484630
:1027A00000F0A4FB2146029000F00CFC0028009BE6
:1027B00002DCE0D1DA07DED5392BDAD139238BF808
:1027C000003033461E46013B16F8012C392A4ED004
:1027D00001321A7001E5002A03DD392BEED00133F6
:1027E000C9E7009A089902F8013C8A4228D0029968
:1027F00000230A22484600F0D5F9AF4202904FF07C
:1028000000034FF00A023946484607D100F0CAF9E2
:1028100007460546009B0133009377E700F0C2F9B5
:102820002946074600230A22484600F0BBF9054620
:10283000F0E7BBF1000FCCBF5E46012656440027EF
:10284000029900930122484600F050FB2146029075
:1028500000F0B8FB0028B4DC02D1009BDB07B0D449
:1028600033461E4613F8012D302AFAD0B5E49A45B6
:10287000A8D1312308F101088AF80030ADE4219B8A
:10288000DFF858A01BB10AF10803219A13605046E3
:1028900017B0BDE8F08F079B012B7FF72EAE0D9B85
:1028A000089301204DE6BBF1000F7FF7D9AE5646E5
:1028B00002982146FFF7B9F900F1300306F8013B11
:1028C000A6EB0A029345B4DD029900230A2248468A
:1028D00000F068F90290EBE7FC5801088058010805
:1028E00038B50546002941D051F8043C0C1F002B97
:1028F000B8BFE41800F0E8F81D4A136833B9636004
:1029000014602846BDE8384000F0E4B8A34208D976
:10291000206821188B4201BF19685B680918216083
:10292000EDE71A465B680BB1A342FAD9116850185B
:10293000A0420BD120680144501883421160E0D1BD
:1029400018685B68536008441060DAE702D90C230A
:102950002B60D6E7206821188B4204BF19685B689A
:10296000636004BF091821605460CAE738BD00BF26
:10297000841E0020024B0146186800F025B800BFF5
:10298000C800002070B50F4E0C463168054611B9DD
:1029900001F038F830602146284601F033F8431C36
:1029A00003D14FF0FF34204670BDC41C24F0030453
:1029B000A042F8D0211A284601F024F80130F2D1C3
:1029C000EFE700BF801E00202DE9F843CD1C25F065
:1029D000030508350C2D38BF0C25002D064601DBFC
:1029E000A94204D90C2333600020BDE8F883DFF846
:1029F000D48000F069F8D8F800301C4644BB294662
:102A00003046FFF7BFFF431C044658D1D8F80040BA
:102A10002746002F43D1002C4BD02368394630463F
:102A200004EB030900F0EEFF814542D121686D1AE5
:102A300029463046FFF7A6FF01303AD023682B44E1
:102A40002360D8F800305A6862BBC8F800700FE005
:102A50002268521B20D40B2A17D96119A342256082
:102A600018BF5960636808BFC8F8001062514B6016
:102A7000304600F02FF804F10B00231D20F0070072
:102A8000C21A1CBF1B1AA350AFE76268A3420CBF57
:102A9000C8F800205A60EBE723466468AEE73C467E
:102AA0007F68B6E71A465B68A342FBD100235360F8
:102AB000DEE70C233360304600F00CF894E7056045
:102AC000D6E700BF841E00200148FFF79EB800BF74
:102AD0007C1E00200148FFF799B800BF7C1E002033
:102AE00070B5C66904460D4676B91020FFF742FF5F
:102AF0000246E06120B9184B18486B2100F092FFA4
:102B0000C0E901660660C660E669F36883B1E369FF
:102B1000DB6853F82500B8B9012101FA05F6721DEA
:102B20009200204600F09CFF60B1C0E901560EE023
:102B300021220421204600F093FFE369F060DB6866
:102B4000002BE4D1002070BD026843F8252000234B
:102B5000C0E90333F7E700BF8D5801080D5901089C
:102B600070B5C66905460C4676B91020FFF702FF1E
:102B70000246E86120B9094B09488F2100F052FF55
:102B8000C0E901660660C6603CB1EB696268DB685B
:102B900053F82210216043F8224070BD8D5801087F
:102BA0000D5901082DE9F0410D6907460C461E46F6
:102BB00001F1140C0020DCF8003099B202FB016135
:102BC0001E0C0B0C02FB063389B2013001EB0341F2
:102BD00085424CF8041B4FEA1346ECDC0EB3A368A5
:102BE000AB4219DC616838460131FFF779FF804656
:102BF00028B902460C4B0D48BA2100F013FF226998
:102C0000023204F10C0192000C30FFF700F821466B
:102C10003846FFF7A5FF444604EB850301355E61A6
:102C200025612046BDE8F081FC5801080D590108D6
:102C3000B0F5803F034636BF030400201020B3F1F7
:102C4000807F3CBF1B020830B3F1805F3CBF1B019B
:102C50000430B3F1804F3CBF9B000230002B05DBFA
:102C600013F0804F00F1010008BF20207047036877
:102C7000024613F007000BD0D90721D4980749BFAB
:102C80005B089B08012013605CBF13600220704743
:102C900099B209B91B0C1020D9B209B908301B0A26
:102CA000190704BF1B090430990704BF9B080230B1
:102CB000D90703D45B0800F1010003D0136070470B
:102CC000002070472020704710B50C460121FFF707
:102CD00007FF024628B9054B054840F2451100F0B0
:102CE000A1FE01234461036110BD00BFFC5801082F
:102CF0000D5901082DE9F04F17460A693B699A42C0
:102D0000A8BF3B468946A4BF0F4699463D69D9F8FE
:102D100010A0BB68796805EB0A06B34285B0B8BF5E
:102D20000131FFF7DDFE30B90246414B41484FF417
:102D3000B17100F077FE00F1140404EB860E234617
:102D40000022734520D307F1140809F1140108EBA0
:102D5000850501EB8A030293EB1B153B23F003036C
:102D600004331537BD4238BF04230193029B0391FE
:102D70008B420CD8002E03DD5EF8043D002B55D0AD
:102D8000066105B0BDE8F08F43F8042BD9E7B1F830
:102D900000A0BAF1000F1FD0C446A14600275CF87E
:102DA000042BD9F800301FFA82FB9BB20AFB0B33CD
:102DB0003B44D9F80070120C3F0C0AFB027202EB84
:102DC00013429BB243EA0243654549F8043B4FEA8C
:102DD0001247E4D8019BE750039BB3F802900431FB
:102DE000B9F1000F20D023684746A4464FF0000AEF
:102DF000B7F800B0BCF8022009FB0B2252449BB28A
:102E000043EA02434CF8043B57F8043B4FEA134AA9
:102E1000BCF8003009FB0A3303EB1243BD424FEA12
:102E2000134AE5D8019AA35004349FE7013EA1E775
:102E3000FC5801080D5901082DE9F843154612F018
:102E4000030207460E4607D0254C013A002354F8EA
:102E50002220FFF7A7FE0646AD103DD0FC697CB9E5
:102E60001020FFF787FD0246F86128B91D4B1E4868
:102E700040F2B31100F0D6FDC0E901440460C46023
:102E8000D7F81C80D8F808404CB940F27121384678
:102E9000FFF71AFF0023C8F80800044603604FF04C
:102EA0000009EB070AD5314622463846FFF722FFD4
:102EB000314680463846FFF753FE46466D100BD02C
:102EC000206838B9224621463846FFF713FF2060B4
:102ED000C0F800900446E4E73046BDE8F88300BF40
:102EE000C05901088D5801080D5901082DE9F04716
:102EF0000C464968236903EB6218A36807469146AC
:102F00004FEA621A08F10106B3420BDB3846FFF7BD
:102F1000E7FD054648B90246284B29484FF4EF71B2
:102F200000F080FD01315B00EEE7002300F11401A9
:102F300000F110021846534533DB20692AEAEA7A89
:102F400004F1140319F01F0901EB8A0103EB800C53
:102F50002BD0C9F1200E8A460022186800FA09F029
:102F600010434AF8040B53F8042B9C4522FA0EF246
:102F7000F3D8ACEB0403153B23F00303043304F153
:102F80001500604588BF0423CA500AB108F1020643
:102F9000013E38462E612146FFF7E2FD2846BDE896
:102FA000F08742F8040F0133C5E7043953F8042BC6
:102FB00041F8042F9C45F9D8EAE700BFFC58010806
:102FC0000D5901080A6903460069801A30B50ED10F
:102FD0001433143103EB820401EB820154F8045DD5
:102FE00051F8042D954203D005D24FF0FF3030BD8B
:102FF000A342F3D3FBE70120F9E700002DE9F74FE7
:1030000089460646114648461446FFF7DBFF051E73
:1030100012D129463046FFF763FD024628B93F4BDF
:1030200040F237213E4800F0FDFC0123C0E90435A1
:10303000104603B0BDE8F08FBCBF4B46A1463046FA
:10304000D9F80410BABF1C4601250025FFF748FD3A
:10305000024618B9314B40F24521E3E7D9F8107028
:103060002669C56009F1100309F1140504F1140E75
:1030700000F1140B05EB87080EEB86060193D94689
:103080004FF0000C019B5EF8040B53F804AF019362
:103090001FFA8AF3194683B2CB1A000C6344C0EBC3
:1030A0001A4000EB23409BB243EA0043764549F8BF
:1030B000043B4FEA204CE5D8331B153B23F00303B8
:1030C00015340433A64238BF04231D445B441E4616
:1030D0002C4644450ED308F10301491B21F003019E
:1030E000033DA84538BF00210B4453F8041D91B19E
:1030F00017619DE754F8041BE646080C1CFA81FC96
:10310000714400EB2C4089B241EA004146F8041BAF
:103110004FEA204CDDE7013FE7E700BFFC5801081C
:103120000D5901082DE9F7430F46012159EC108B89
:103130001646FFF7D5FC044630B90246234B244817
:1031400040F20F3100F06EFCC9F30A55C9F31303C6
:103150000DB143F480130193B8F1000323D0684606
:103160000093FFF784FDDDE90012D0B1C0F1200328
:1031700002FA03F30B43C24063610192019BA36116
:10318000002B0CBF012202222261A5B1A5F233451A
:1031900005443D60C0F135003060204603B0BDE815
:1031A000F0836161EAE701A8FFF761FD019B6361BC
:1031B00020300122E8E704EB8203A0F232403860BD
:1031C0001869FFF735FDC0EB4210E5E7FC58010830
:1031D0000D5901082DE9F0478E681F46BE420B6865
:1031E00082460C4690462DD8B1F90C2012F4906F0F
:1031F00026D06569096905EB4505A3EB010905EBD7
:10320000D5757B1C4B446D109D4238BF1D46530540
:1032100027D52946FFF7D8FB064660B321694A4601
:10322000FEF7F5FCA38923F4906343F08003A381A8
:10323000266165614E44A5EB09052660A5603E4602
:10324000BE4200D93E4620683246414600F09EFB11
:10325000A3689B1BA3602368334423600020BDE860
:10326000F0872A4600F022FC06460028E0D12169BA
:103270005046FFF735FB0C23CAF80030A38943F012
:103280004003A3814FF0FF30E9E700002DE9F04F44
:1032900098468B891B069DB007460D46144610D5EF
:1032A0000B6973B94021FFF78FFB2860286130B9A3
:1032B0000C233B604FF0FF301DB0BDE8F08F402382
:1032C0006B610023099320238DF82930CDF80C8001
:1032D0003023DFF89C818DF82A304FF00109234616
:1032E0009A4613F8012B0AB1252AF9D1BAEB040B3F
:1032F0000BD05B46224629463846FFF76BFF01306C
:1033000000F0A780099A5A4409929AF80030002BDD
:1033100000F09F8000234FF0FF32CDE905230AF132
:10332000010A049307938DF853301A9354460522EB
:1033300014F8011B4E48ECF733FF049AD8B9D006B5
:1033400044BF20238DF85330110744BF2B238DF841
:1033500053309AF800302A2B15D0079A5446002093
:103360004FF00A0C214611F8013B303B092B4BD999
:10337000B0B1079214E0A0EB080309FA03F313437A
:103380000493A246D2E7039B191D1B680391002BEF
:10339000BBBF5B4242F0020207930793B8BF04929F
:1033A00023782E2B0AD163782A2B32D1039B1A1D46
:1033B0001B68039243EAE37302340593DFF8C0A06D
:1033C000217803225046ECF7EBFE38B1049BA0EBCA
:1033D0000A004022824013430134049314F8011B75
:1033E00024488DF828100622ECF7DAFE002836D0A3
:1033F000214B1BBB039B073323F0070308330393C5
:10340000099B334409936AE70CFB02320C46012006
:10341000A8E700230134059319464FF00A0C204613
:1034200010F8012B303A092A03D9002BC6D0059198
:10343000C4E70CFB012104460123F0E703AB009332
:103440002A460E4B04A93846FDF778FD421C064675
:10345000D6D1AB895B063FF52DAF09982CE703ABBE
:1034600000932A46054B04A93846FDF7FFFFEDE718
:1034700066590108705901083D0F0108D53101084E
:103480006C5901089368013B002B10B4936008DA73
:103490009469A34201DB0A2903D15DF8044BFEF7CE
:1034A000A2BA1368581C1060197008465DF8044BE6
:1034B0007047F8B506460F461446D518AC4201D100
:1034C000002007E014F8011B3A463046FFF7DAFF08
:1034D000431CF3D1F8BD00002DE9F04F0D469DB01F
:1034E00014469846064618B1036A0BB9FEF768F908
:1034F0006B6ED90705D4AB899A0502D4A86DFEF787
:1035000084FBAB891B0701D52B699BB92946304643
:10351000FEF7A8FA70B16B6EDC0704D54FF0FF30F0
:103520001DB0BDE8F08FAB899805F7D4A86DFEF704
:103530006DFBF3E70023099320238DF82930CDF8A4
:103540000C803023DFF8AC818DF82A304FF0010970
:1035500023469A4613F8012B0AB1252AF9D1BAEB72
:10356000040B0BD05B46224629463046FFF7A1FFED
:10357000013000F0A780099A5A4409929AF8003065
:10358000002B00F09F8000234FF0FF32CDE9052390
:103590000AF1010A049307938DF853301A935446A5
:1035A000052214F8011B5348ECF7FAFD049AD8B928
:1035B000D10644BF20238DF85330130744BF2B237B
:1035C0008DF853309AF800302A2B15D0079A5446BC
:1035D00000204FF00A0C214611F8013B303B092B2B
:1035E0004BD9B0B1079214E0A0EB080309FA03F33A
:1035F00013430493A246D2E7039B191D1B68039152
:10360000002BBBBF5B4242F0020207930793B8BF97
:10361000049223782E2B0AD163782A2B32D1039B74
:103620001A1D1B68039243EAE37302340593DFF823
:10363000D4A0217803225046ECF7B2FD38B1049BA8
:10364000A0EB0A004022824013430134049314F893
:10365000011B29488DF828100622ECF7A1FD00284F
:103660003FD0264B1BBB039B073323F007030833D4
:103670000393099B3B4409936AE70CFB02320C4617
:103680000120A8E700230134059319464FF00A0CE6
:10369000204610F8012B303A092A03D9002BC6D056
:1036A0000591C4E70CFB012104460123F0E703ABBD
:1036B00000932A46124B04A93046FDF73FFC07460B
:1036C000781CD6D16B6ED90705D4AB899A0502D484
:1036D000A86DFEF79BFAAB895B063FF51FAF099813
:1036E0001EE703AB00932A46054B04A93046FDF7BD
:1036F000BDFEE4E766590108705901083D0F010855
:10370000B33401086C590108B1F90C202DE9F041DE
:10371000160705460C4654D44B68002B02DC0B6C94
:10372000002B48DDE66A002E45D0002312F48052BB
:103730002F68216A2B6030D0626DA389590705D5A7
:103740006368D21A636B0BB1236CD21A0023E66A4A
:10375000216A2846B047431CA38906D129681D2940
:103760002BD82A4ACA40D60727D500226260D9043E
:103770002269226004D5421C01D12B6803B960651F
:10378000616B2F60B9B104F14403994202D028461D
:10379000FFF7A6F8002363630DE001232846B04736
:1037A0000246501CC9D12B68002BC6D01D2B01D05E
:1037B000162B1ED12F60002022E043F040031BB2E5
:1037C0001BE00F69002FF6D093070E6808BF4B6906
:1037D0000F6018BF0023A6EB07088B60B8F1000F3D
:1037E000E9DD216AA66A43463A462846B0470028E2
:1037F00008DCB4F90C3043F04003A3814FF0FF30F4
:10380000BDE8F0810744A8EB0008E7E7010040208D
:1038100038B50B6905460C4613B90025284638BD56
:1038200018B1036A0BB9FDF7CBFFB4F90C30002BCC
:10383000F3D0626ED00704D4990502D4A06DFEF7D0
:10384000E4F928462146FFF75FFF636EDA07054675
:10385000E4D4A3899B05E1D4A06DFEF7D7F9DDE799
:1038600070B50C46B1F90E10002996B015461E46EB
:103870000DDAA38913F0800F4FF0000114BF40232D
:103880004FF48063002031602B6016B070BD6A4633
:1038900000F096F80028ECDB019901F47041A1F5E5
:1038A0000053594259414FF48063EBE78B89F7B5D8
:1038B0009D0706460C4607D504F1470323602361A4
:1038C0000123636103B0F0BD01AB6A46FFF7C8FF97
:1038D000009F054639463046FFF776F848B9B4F9F7
:1038E0000C309A05EED423F0030343F00203A381C6
:1038F000E2E7A389206043F08003A381019BC4E930
:1039000004075BB1B4F90E10304600F06BF828B133
:10391000A38923F0030343F00103A381A3891D437B
:10392000A581CFE770B50D461446064618B1036A67
:103930000BB9FDF745FF636ED80705D4A389990538
:1039400002D4A06DFEF761F9A368013B002BA360D0
:1039500005DAA269934212DBEBB20A2B0FD023687F
:103960005A1C22601D70EDB2636EDA0705D4A3897C
:103970009B0502D4A06DFEF749F9284670BD294683
:1039800022463046FEF72FF80546EDE7884210B58F
:1039900001EB020402D98442234607D8431EA14208
:1039A00008D011F8012B03F8012FF8E70244014673
:1039B0008A4200D110BD13F8014D02F8014DF7E71E
:1039C00038B5074D00230446084611462B60EFF733
:1039D000D1FC431C02D12B6803B1236038BD00BF6A
:1039E000781E002038B5064D0023044608462B609B
:1039F000EFF7D0FC431C02D12B6803B1236038BD24
:103A0000781E002038B5064D0023044608462B607A
:103A1000EFF7D8FC431C02D12B6803B1236038BDFB
:103A2000781E00201FB514461A46094B1B68054630
:103A3000D8684CB1074B0091CDE9013406492B46BB
:103A400000F070F800F080F8044B1C46F3E700BF6C
:103A5000C8000020815901088E590108BC5901088D
:103A600070B5A1FB025434B92946FEF7ADFF0646F6
:103A700028B9304670BD0C2202600026F9E72A46BC
:103A80002146FEF745F8F4E782B001B901A942B139
:103A90004BB113780B601278101E18BF012002B0D2
:103AA00070471046FBE76FF00100F8E72DE9F041A1
:103AB000074614460D4621B9BDE8F0411146FEF710
:103AC00083BF2AB9FEF70CFF25462846BDE8F081E2
:103AD00000F041F88442064602D8B4EB500FF4D807
:103AE00021463846FEF770FF804608B94546ECE7A8
:103AF000B4422246294628BF3246FEF788F82946B6
:103B00003846FEF7EDFEF1E70346084641B1FF2ACD
:103B100004D98A221A604FF0FF3070470A700120E2
:103B2000704700000EB403B5014603AB054853F8D7
:103B3000042B00680193FFF7CFFC02B05DF804EBA3
:103B400003B07047C800002008B5062000F034F824
:103B50000120EFF7DBFB51F8043C181F002BBCBF22
:103B60000B58C01870471F2938B505460C4604D9B4
:103B7000162303604FF0FF3038BDC26B12B152F80C
:103B800021304BB9284600F031F82246014628463C
:103B9000BDE8384000F018B8012B0AD0591C03D1F9
:103BA000162303600120E7E7002142F82410204695
:103BB00098470020E0E70000024B01461868FFF735
:103BC000D2BF00BFC800002038B5074D002304460F
:103BD000084611462B60EFF789FB431C02D12B6886
:103BE00003B1236038BD00BF781E0020EFF776BB1D
:103BF000F8B500BFF8BC08BC9E467047F8B500BFDA
:083C0000F8BC08BC9E467047A9
:103C080000000000000000000000000054510108FE
:103C1800E4010320E8010320260404005354204251
:103C28004C45205032502053657276657200000072
:103C3800576972656C657373204669726D77617236
:103C4800652076657273696F6E2025642E25642E53
:103C580025640A00576972656C657373204669723A
:103C68006D77617265206275696C642025640A004D
:103C78004655532076657273696F6E2025642E252C
:103C8800642E25640A0000003E3E3D3D2053484313
:103C9800495F5355425F4556545F434F44455F5211
:103CA800454144590A0D00003E3E3D3D20534843DE
:103CB800495F5355425F4556545F4552524F525FD4
:103CC8004E4F544946200A0D000000003E3E3D3D3F
:103CD80020534843495F5355425F4556545F424C11
:103CE800455F4E564D5F52414D5F555044415445D6
:103CF800202D2D20424C45204E564D2052414D201E
:103D0800484153204245454E20555044415445446E
:103D18002042592043505532200000002020202006
:103D2800202D20537461727441646472657373202A
:103D38003D20256C78202C2053697A65203D20256C
:103D48006C640A003D3D3E3E20534843495F53554D
:103D5800425F4556545F4E564D5F53544152545F2F
:103D68005752495445203A204E756D6265724F6628
:103D7800576F726473203D20256C640A00000000B0
:103D88003E3E3D3D20534843495F5355425F4556AB
:103D9800545F4E564D5F454E445F57524954450A4D
:103DA8000D0000003D3D3E3E534843495F53554298
:103DB8005F4556545F4E564D5F53544152545F45CC
:103DC80052415345203A204E756D6265724F6653D5
:103DD8006563746F7273203D20256C640A000000CF
:103DE8003E3E3D3D20534843495F5355425F45564B
:103DF800545F4E564D5F454E445F45524153450A08
:103E08000D0000003E3E3D3D20534843495F535559
:103E1800425F4556545F4552524F525F4E4F544988
:103E280046205749544820524541534F4E20257843
:103E3800200A0D003E3E3D3D20534843495F5355FF
:103E4800425F4556545F4552524F525F4E4F544958
:103E580046205749544820524541534F4E202D2063
:103E68004552525F424C455F494E4954200000007C
:103E78003E3E3D3D20534843495F5355425F4556BA
:103E8800545F4552524F525F4E4F5449462057494E
:103E9800544820524541534F4E202D20424C452036
:103EA8004552524F522000003E3E3D3D2057495258
:103EB800454C4553535F46575F52554E4E494E4702
:103EC800200000003E3E3D3D204442474D43555FA3
:103ED8004765745265766973696F6E49443D20255C
:103EE8006C78200A0D0000003E3E3D3D20444247CC
:103EF8004D43555F47657444657669636549443D3C
:103F080020256C78200A0D003E3E3D3D2053484355
:103F1800495F5355425F4556545F434F44455F528E
:103F280045414459202D204655535F46575F525509
:103F38004E4E494E47200A0D000000003E3E3D3DD2
:103F480020534843495F5355425F4556545F434F9A
:103F580044455F5245414459202D20554E455850FF
:103F680045435445442043415345200A0D00000071
:103F780072656365697665642025730A0000000030
:103F880053573100535731204F4B000053573200DD
:103F9800535732204F4B00004E4F54205245434F49
:103FA800474E495A454420434F4D4D414E44203ACF
:103FB8002025730A0000000020204661696C20203B
:103FC800203A20534843495F43325F424C455F499A
:103FD8006E697420636F6D6D616E642C20726573F9
:103FE800756C743A203078253032780A0D0000005C
:103FF8002020537563636573733A20534843495FC0
:1040080043325F424C455F496E697420636F6D6D42
:10401800616E640A0D00000020204661696C202052
:10402800203A206163695F68616C5F7365745F72D1
:104038006164696F5F61637469766974795F6D61E2
:10404800736B20636F6D6D616E642C207265737580
:104058006C743A2030782578200A0D00202053759A
:1040680063636573733A206163695F68616C5F734A
:1040780065745F726164696F5F616374697669749E
:10408800795F6D61736B20636F6D6D616E640A0D8E
:104098000000000042445F61643D253032782530DD
:1040A800327825303278253032782530327825300C
:1040B80032780000424C4520537461636B3D76258D
:1040C800642E25642E2564004272616E63683D2566
:1040D8006420547970653D256400000046555320DE
:1040E8007625642E25642E25640000005354204252
:1040F8004C4520503250205365727665720000009E
:104108004144564552544953494E47003E3E3D3D71
:10411800204843495F444953434F4E4E4543544911
:104128004F4E5F434F4D504C4554455F4556545F85
:10413800434F44450000000020202020202D20432C
:104148006F6E6E656374696F6E2048616E646C652E
:104158003A202020307825780A20202020202D2081
:10416800526561736F6E3A20202020307825780AD6
:104178000D0000003E3E3D3D204843495F4C455FF1
:10418800434F4E4E454354494F4E5F55504441545A
:10419800455F434F4D504C4554455F535542455636
:1041A800545F434F4445000020202020202D204309
:1041B8006F6E6E656374696F6E20496E7465727692
:1041C800616C3A202020252E3266206D730A20204B
:1041D8002020202D20436F6E6E656374696F6E20FA
:1041E8006C6174656E63793A2020202025640A206A
:1041F800202020202D205375706572766973696FB1
:104208006E2054696D656F75743A202564206D734E
:104218000A0D00003D3D3E3E204843495F4C455F46
:104228005048595F5550444154455F434F4D504C99
:104238004554455F5355424556545F434F444520C6
:104248002D200000737461747573206F6B2000005B
:10425800737461747573206E6F6B20003D3D3E3E34
:10426800206863695F6C655F726561645F70687917
:10427800203A206661696C0A0D0000003D3D3E3E13
:10428800206863695F6C655F726561645F706879F7
:10429800202D205375636365737320003D3D3E3EBA
:1042A8002050485920506172616D202054583D209B
:1042B80025642C2052583D202564200A0D0000005A
:1042C8003E3E3D3D204843495F4C455F434F4E4E7F
:1042D800454354494F4E5F434F4D504C4554455FFD
:1042E8005355424556545F434F4445202D20436F54
:1042F8006E6E656374696F6E2068616E646C653A92
:1043080020307825780A000020202020202D204306
:104318006F6E6E656374696F6E2065737461626C2D
:10432800697368656420776974682043656E747280
:10433800616C3A20403A253032783A253032783A62
:10434800253032783A253032783A253032783A2595
:104358003032780A00000000434F4E4E4543544522
:10436800442020003E3E3D3D204143495F474150A7
:104378005F4C494D495445445F444953434F564562
:104388005241424C455F56534556545F434F44454E
:10439800200000003E3E3D3D204143495F474150DB
:1043A8005F504153535F4B45595F5245515F5653D8
:1043B8004556545F434F4445200000003D3D3E3E76
:1043C800206163695F6761705F706173735F6B65BC
:1043D800795F72657370203A204661696C2C20728F
:1043E8006561736F6E3A20307825780A0000000006
:1043F8003D3D3E3E206163695F6761705F70617338
:10440800735F6B65795F72657370203A20537563CB
:1044180063657373200000003E3E3D3D20414349E3
:104428005F4741505F415554484F52495A4154499A
:104438004F4E5F5245515F56534556545F434F4464
:10444800450000003D3D3E3E204143495F47415005
:104458005F424F4E445F4C4F53545F56534556543A
:104468005F434F44452000003D3D3E3E2061636967
:104478005F6761705F616C6C6F775F7265626F6EAA
:1044880064203A204661696C2C20726561736F6EF6
:104498003A20307825780A003D3D3E3E2061636928
:1044A8005F6761705F616C6C6F775F7265626F6E7A
:1044B80064203A205375636365737320000000001D
:1044C8003E3E3D3D204143495F4741505F414444A2
:1044D800525F4E4F545F5245534F4C5645445F56BA
:1044E800534556545F434F44452000003E3E3D3DF2
:1044F800204143495F4741505F4B4559505245530E
:10450800535F4E4F54494649434154494F4E5F56B5
:10451800534556545F434F44450000003E3E3D3DE1
:10452800204143495F4741505F4E554D45524943ED
:104538005F434F4D50415249534F4E5F56414C5582
:10454800455F56534556545F434F444500000000AD
:1045580020202020202D206E756D657269635F769E
:10456800616C7565203D20256C640A0020202020A0
:10457800202D204865785F76616C7565203D202583
:104588006C780A003D3D3E3E206163695F6761705B
:104598005F6E756D657269635F636F6D7061726977
:1045A800736F6E5F76616C75655F636F6E66697257
:1045B8006D5F7965736E6F2D2D3E594553203A20F6
:1045C8004661696C2C20726561736F6E3A20307891
:1045D80025780A003D3D3E3E206163695F67617052
:1045E8005F6E756D657269635F636F6D7061726927
:1045F800736F6E5F76616C75655F636F6E66697207
:104608006D5F7965736E6F2D2D3E594553203A20A5
:104618005375636365737320000000003E3E3D3DA3
:10462800204143495F4741505F50414952494E47F5
:104638005F434F4D504C4554455F56534556545F64
:10464800434F44450000000020202020202D20500A
:10465800616972696E6720537563636573730000DF
:1046680020202020202D2050616972696E67204B20
:104678004F200A20202020202D2053746174757348
:104688003A20307825780A20202020202D205265D5
:1046980061736F6E3A20307825780A003E3E3D3DC2
:1046A800204143495F4741505F50524F435F434F5A
:1046B8004D504C4554455F56534556545F434F44FF
:1046C80045200D003E3E3D3D204143495F47415452
:1046D800545F494E4449434154494F4E5F565345F0
:1046E80056545F434F4445200D0000003D3D3E3E7B
:1046F80020537461727420426C655F4863695F4738
:1047080061705F476174745F496E69742066756E85
:104718006374696F6E00000020204661696C202078
:10472800203A206863695F726573657420636F6DF2
:104738006D616E642C20726573756C743A203078E4
:104748002578200A000000002020537563636573F4
:10475800733A206863695F726573657420636F6D6F
:104768006D616E640000000020204661696C2020A5
:10477800203A206163695F68616C5F77726974656C
:104788005F636F6E6669675F6461746120636F6DF4
:104798006D616E64202D20434F4E4649475F44416A
:1047A80054415F5055424C49435F4144445245533C
:1047B800535F4F46465345542C20726573756C748D
:1047C8003A2030782578200A000000002020537510
:1047D80063636573733A206163695F68616C5F77CF
:1047E800726974655F636F6E6669675F646174613F
:1047F80020636F6D6D616E64202D20434F4E4649D6
:10480800475F444154415F5055424C49435F4144DE
:1048180044524553535F4F464653455400000000E9
:1048280020205075626C696320426C7565746F6FE7
:10483800746820416464726573733A202530327855
:104848003A253032783A253032783A253032783A7B
:10485800253032783A253032780A00002020466127
:10486800696C2020203A206163695F68616C5F771A
:10487800726974655F636F6E6669675F64617461AE
:1048880020636F6D6D616E64202D20434F4E464945
:10489800475F444154415F49525F4F464653455430
:1048A8002C20726573756C743A2030782578200A4C
:1048B800000000002020537563636573733A20611C
:1048C80063695F68616C5F77726974655F636F6E57
:1048D8006669675F6461746120636F6D6D616E64A2
:1048E800202D20434F4E4649475F444154415F497C
:1048F800525F4F4646534554000000002020466151
:10490800696C2020203A206163695F68616C5F7779
:10491800726974655F636F6E6669675F646174610D
:1049280020636F6D6D616E64202D20434F4E4649A4
:10493800475F444154415F45525F4F464653455493
:104948002C20726573756C743A2030782578200AAB
:10495800000000002020537563636573733A20617B
:1049680063695F68616C5F77726974655F636F6EB6
:104978006669675F6461746120636F6D6D616E6401
:10498800202D20434F4E4649475F444154415F45DF
:10499800525F4F46465345540000000020204661B0
:1049A800696C2020203A206163695F68616C5F73DD
:1049B80065745F74785F706F7765725F6C65766534
:1049C8006C20636F6D6D616E642C20726573756CFD
:1049D800743A2030782578200A000000202053758A
:1049E80063636573733A206163695F68616C5F73C1
:1049F80065745F74785F706F7765725F6C657665F4
:104A08006C20636F6D6D616E64000000202046614C
:104A1800696C2020203A206163695F676174745F64
:104A2800696E697420636F6D6D616E642C207265A8
:104A380073756C743A2030782578200A00000000DD
:104A48002020537563636573733A206163695F67F8
:104A58006174745F696E697420636F6D6D616E64F3
:104A68000000000050325053525631002020466159
:104A7800696C2020203A206163695F6761705F6913
:104A88006E697420636F6D6D616E642C207265733E
:104A9800756C743A2030782578200A0020205375E8
:104AA80063636573733A206163695F6761705F6907
:104AB8006E697420636F6D6D616E640020204661BD
:104AC800696C2020203A206863695F6C655F7365B4
:104AD800745F64656661756C745F70687920636F74
:104AE8006D6D616E642C20726573756C743A20303C
:104AF800782578200A0000002020537563636573C9
:104B0800733A206863695F6C655F7365745F646599
:104B18006661756C745F70687920636F6D6D616E26
:104B28006400000020204661696C2020203A206142
:104B380063695F6761705F7365745F696F5F636105
:104B4800706162696C69747920636F6D6D616E6400
:104B58002C20726573756C743A2030782578200A99
:104B6800000000002020537563636573733A206169
:104B780063695F6761705F7365745F696F5F6361C5
:104B8800706162696C69747920636F6D6D616E64C0
:104B98000000000020204661696C2020203A206136
:104BA80063695F6761705F7365745F617574686579
:104BB8006E7469636174696F6E5F7265717569722D
:104BC800656D656E7420636F6D6D616E642C207207
:104BD8006573756C743A2030782578200A000000D7
:104BE8002020537563636573733A206163695F6757
:104BF80061705F7365745F61757468656E7469630D
:104C08006174696F6E5F726571756972656D656EE5
:104C18007420636F6D6D616E640000002020466132
:104C2800696C2020203A206163695F6761705F6367
:104C38006F6E6669677572655F77686974656C69B8
:104C4800737420636F6D6D616E642C20726573756B
:104C58006C743A2030782578200A0000202053759B
:104C680063636573733A206163695F6761705F634B
:104C78006F6E6669677572655F77686974656C6978
:104C8800737420636F6D6D616E6400003D3D3E3E40
:104C980020456E6420426C655F4863695F476170B8
:104CA8005F476174745F496E69742066756E6374DA
:104CB800696F6E0A0D0000003D3D3E3E206163694C
:104CC8005F6761705F7365745F6E6F6E5F64697351
:104CD800636F76657261626C65202D2053746F7006
:104CE800204164766572746973696E6720466169EC
:104CF8006C6564202C20726573756C743A20256489
:104D0800200A00003D3D3E3E206163695F67617097
:104D18005F7365745F6E6F6E5F646973636F7665EA
:104D28007261626C65202D205375636365737366C9
:104D3800756C6C792053746F70706564204164766B
:104D48006572746973696E67200000003D3D3E3EE0
:104D5800206163695F6761705F7365745F6469731D
:104D6800636F76657261626C65202D206661696C7F
:104D78002C20726573756C743A2030782578200A77
:104D8800000000003D3D3E3E206163695F67617041
:104D98005F7365745F646973636F76657261626C73
:104DA80065202D2053756363657373003D3D3E3E5A
:104DB800205374617274204661737420416476656F
:104DC80072746973696E67204661696C6564202C2A
:104DD80020726573756C743A202564200A0D0000F2
:104DE8003D3D3E3E205374617274204C6F772050D5
:104DF8006F776572204164766572746973696E674E
:104E0800204661696C6564202C20726573756C742A
:104E18003A202564200A0D003D3D3E3E205375632F
:104E2800636573733A2053746172742046617374B6
:104E3800204164766572746973696E67200A0D0093
:104E48003D3D3E3E20537563636573733A2053744A
:104E5800617274204C6F7720506F776572204164BF
:104E6800766572746973696E67200A0D0000000028
:104E78002A2A2053544F50204144564552544953EE
:104E8800494E47202A2A20204661696C6564200D16
:104E98000A0D000020200D0A0D0000002A2A2053C8
:104EA800544F50204144564552544953494E472087
:104EB8002A2A20200D0A0D00424C455F5356435FB5
:104EC8004C324341505F436F6E6E5F55706461743E
:104ED8006528292C204661696C6564200D0A0D003F
:104EE800424C455F5356435F4C324341505F436FDA
:104EF8006E6E5F55706461746528292C2053756344
:104F08006365737366756C6C79200D0A0D0000007B
:104F180052657120434F4E4E20494E543A20353049
:104F28006D73000052657120434F4E4E20494E5418
:104F38003A203173202000002D2D2050325020417E
:104F480050504C49434154494F4E205345525645C1
:104F580052203A204E4F54494649434154494F4EF6
:104F680020454E41424C454400000000200A0D00F7
:104F78002D2D20503250204150504C494341544926
:104F88004F4E20534552564552203A204E4F5449D1
:104F98004649434154494F4E2044495341424C45A8
:104FA800440000002D2D20503250204150504C49D3
:104FB800434154494F4E2053455256455220203ABA
:104FC800204C454431204F4E000000002D2D20502C
:104FD8003250204150504C49434154494F4E205380
:104FE800455256455220203A204C454431204F46E0
:104FF800460000002D2D20503250204150504C4981
:10500800434154494F4E2053455256455220312072
:105018003A204C454431204F4E0000002D2D2050A1
:105028003250204150504C49434154494F4E20532F
:1050380045525645522031203A204C454431204FA4
:1050480046460000425554544F4E2D31205354418A
:105058005455533A20310000425554544F4E2D3187
:10506800205354415455533A203000002D2D2050E0
:105078003250204150504C49434154494F4E2053DF
:10508800455256455220203A20494E464F524D200F
:10509800434C49454E5420425554544F4E203120DC
:1050A800505553484544200A200000002D2D20501B
:1050B8003250204150504C49434154494F4E20539F
:1050C8004552564552203A2043414E275420494ED6
:1050D800464F524D20434C49454E54202D20204EDA
:1050E8004F54494649434154494F4E20444953413E
:1050F800424C45440A200000120000002400000031
:105108003600000040000000060000000C0000000F
:105118001000000000000000010000000200000074
:10512800030000002D2D2047415454203A204C45BF
:105138004420434F4E46494755524154494F4E200B
:1051480052454345495645440000000000000048C8
:1051580001000000000000480100000000000048B5
:1051680001000000000000480100000000000048A5
:105178000100000000000048010000000000004895
:105188000100000000000048010000000000004885
:105198000100000000000048010000000000004875
:1051A8000100000000000048010000000000004865
:1051B8000100000000000048010000000000004855
:1051C8000100000000000048010000000000004845
:1051D8000100000000000048010000000000004835
:1051E8000100000000000048010000000000004825
:1051F8000100000000000048010000000000004815
:105208000100000000000048010000000000004804
:1052180001000000000000480100000000000048F4
:1052280001000000000000480100000000000048E4
:1052380001000000000000480100000000000048D4
:1052480001000000000000480100000000000048C4
:1052580001000000000000480100000000000048B4
:1052680001000000000000480100000000000048A4
:105278000100000000000048010000006C7AD8AC72
:1052880057720000123456789ABCDEF01234567801
:105298009ABCDEF0FEDCBA0987654321FEDCBA0958
:1052A800876543210950325053525631001000206F
:1052B800282800000C0000160D0000160000000051
:1052C8000800000010000000180000002000000086
:1052D800280000003000000038000000A568000821
:1052E8000969000875690008DD690008456A000851
:1052F800156B0008656B00081567000885670008CE
:1053080000000000E566000801000000030000003E
:105318000500000001000000010000000600000078
:105328000A00000020000000020000000400000045
:10533800080000001000000040000000800000008D
:105348000001000000020000000000000000000052
:105358000000000000000000010000000200000042
:105368000300000004000000A0860100400D0300B7
:10537800801A060000350C0040420F0080841E0091
:1053880000093D0000127A000024F40000366E0186
:105398000048E801006CDC0200000000000000008A
:1053A80000000000000000000100020004000600E8
:1053B80008000A000C0010002000400080000001D6
:1053C80001010103070100000804020408010101AA
:1053D8000000000000000000000000000010101095
:1053E8001010000010000000006C48480000000089
:1053F80000000000001414287C287C28505000006D
:10540800001038404038487010100000002050202C
:105418000C700814080000000000001820205448F0
:105428003400000000101010100000000000000000
:105438000008081010101010100808000020201094
:10544800101010101020200000107C1028280000D8
:10545800000000000000101010FE101010000000E6
:1054680000000000000000181030200000000000BC
:10547800007C000000000000000000000000003078
:10548800300000000004040808101020204000002C
:1054980000384444444444443800000000301010AC
:1054A800101010107C00000000384404081020443C
:1054B8007C0000000038440418040444380000004C
:1054C800000C141424447E040E000000003C20202C
:1054D8003804044438000000001C20407844444448
:1054E80038000000007C4404080808101000000080
:1054F80000384444384444443800000000384444E8
:10550800443C040870000000000000303000003007
:1055180030000000000000181800001830200000BB
:1055280000000C10608060100C00000000000000FB
:105538007C007C00000000000000C0201804182037
:10554800C00000000000182404081000300000000B
:105558003844444C54544C4044380000003010281F
:1055680028287C44EE00000000F844447844444471
:10557800F8000000003C444040404044380000002F
:1055880000F0484444444448F000000000FC445003
:1055980070504044FC000000007E2228382820205B
:1055A80070000000003C4440404E44443800000075
:1055B80000EE44447C444444EE000000007C10109B
:1055C800101010107C000000003C080808484848EB
:1055D8003000000000EE444850704844E6000000E7
:1055E80000702020202024247C00000000EE6C6C39
:1055F80054544444EE00000000EE64645454544C87
:10560800EC0000000038444444444444380000009E
:1056180000782424243820207000000000384444F6
:1056280044444444381C000000F844444478484446
:10563800E200000000344C403804046458000000C4
:1056480000FE9210101010103800000000EE4444C4
:10565800444444443800000000EE444428282810FC
:105668001000000000EE4444545454542800000034
:1056780000C6442810102844C600000000EE442844
:105688002810101038000000007C44081010204436
:105698007C00000000382020202020202020380016
:1056A80000402020201010080808000000380808D2
:1056B80008080808080838000010102844000000EE
:1056C800000000000000000000000000000000FED4
:1056D8000010080000000000000000000000003872
:1056E800443C44443E00000000C0405864444444E4
:1056F800F80000000000003C44404044380000002E
:10570800000C04344C4444443E00000000000038BF
:10571800447C40403C000000001C207C20202020CD
:105728007C000000000000364C4444443C0438002F
:1057380000C0405864444444EE000000001000706B
:10574800101010107C0000000010007808080808ED
:105758000808700000C0405C48705048DC00000039
:1057680000301010101010107C000000000000E83D
:1057780054545454FE000000000000D864444444CB
:10578800EE000000000000384444444438000000A3
:10579800000000D8644444447840E000000000362B
:1057A8004C4444443C040E000000006C302020208F
:1057B8007C0000000000003C4438044478000000ED
:1057C8000000207C202020221C000000000000CCCB
:1057D8004444444C36000000000000EE44442828AD
:1057E80010000000000000EE44545454280000004B
:1057F800000000CC48303048CC000000000000EE2B
:1058080044242818101078000000007C4810204418
:105818007C00000000081010101020101010080064
:1058280000101010101010101010000000201010A0
:10583800101008101010200000000000002458006C
:1058480000000000494E4600696E66004E414E0059
:105858006E616E00300030313233343536373839C6
:1058680041424344454600303132333435363738C7
:105878003961626364656600496E66696E69747948
:10588800004E614E005245454E54206D616C6C6F60
:105898006320737563636565646564002F62756969
:1058A8006C642F676E752D746F6F6C732D666F72D5
:1058B8002D73746D33325F31332E332E72656C3134
:1058C8002E32303234303932362D313731352F736C
:1058D80072632F6E65776C69622F6E65776C69628B
:1058E8002F6C6962632F7374646C69622F64746FC0
:1058F800612E630042616C6C6F632073756363652E
:1059080065646564002F6275696C642F676E752D18
:10591800746F6F6C732D666F722D73746D33325F95
:1059280031332E332E72656C312E323032343039A9
:1059380032362D313731352F7372632F6E65776CA0
:1059480069622F6E65776C69622F6C6962632F7369
:1059580074646C69622F6D707265632E6300232D09
:10596800302B2000686C4C0065666745464700434D
:1059780000504F534958002E002C2066756E6374F2
:10598800696F6E3A2000617373657274696F6E2077
:1059980022257322206661696C65643A2066696C09
:1059A8006520222573222C206C696E6520256425CC
:1059B8007325730A000000000500000019000000AC
:1059C8007D000000000000000080E03779C34143FB
:1059D800176E05B5B5B89346F5F93FE9034F384D4D
:1059E800321D30F94877825A3CBF737FDD4F1575F9
:1059F800000000000000F03F00000000000024400C
:105A080000000000000059400000000000408F40E6
:105A1800000000000088C34000000000006AF84051
:105A28000000000080842E4100000000D012634175
:105A38000000000084D797410000000065CDCD41EB
:105A4800000000205FA00242000000E876483742CC
:105A5800000000A2941A6D42000040E59C30A2426A
:105A68000000901EC4BCD64200003426F56B0C43DF
:105A78000080E03779C3414300A0D8855734764386
:105A880000C84E676DC1AB43003D9160E458E143E7
:105A9800408CB5781DAF154450EFE2D6E41A4B445C
:105AA80092D54D06CFF08044F64AE1C7022DB544A1
:105AB800B49DD9794378EA44002020202020202072
:105AC80020202828282828202020202020202020A6
:105AD80020202020202020202088101010101010B6
:105AE8001010101010101010100404040404040402
:105AF800040404101010101010104141414141419C
:105B0800010101010101010101010101010101017D
:105B1800010101011010101010104242424242428D
:105B2800020202020202020202020202020202024D
:105B380002020202101010102000000000000000F5
:105B4800000000000000000000000000000000004D
:105B5800000000000000000000000000000000003D
:105B6800000000000000000000000000000000002D
:105B7800000000000000000000000000000000001D
:105B8800000000000000000000000000000000000D
:105B980000000000000000000000000000000000FD
:105BA80000000000000000000000000000000000ED
:0C5BB800000000000000000000000000E1
:085BC400BCA5FE7F01000000FA
:045BCC006501000867
:045BD0004101000887
:105BD4000000484200007A440DFF018300000000E9
:105BE40000000000000000007D4E00081550000871
:105BF4005750000871500008ED5000086951000822
:105C0400835100089D510008B7510008ED51000868
:105C1400A95A0008F55A0008775B0008855C00085B
:105C2400C55C0008D151000801530008295500083B
:105C3400B55700084558000895580008E55800086D
:105C4400D159000839590008455A0008775A000804
:105C54000008004800080048176100082561000892
:105C64000F0000000F00000000093D0010000000BC
:105C740001010000D853010807000C00FFFFFFFFDB
:105C8400FFFFFFFF00000000030000003C1D002098
:105C9400CC000020000000003C1D0020A41D0020BA
:105CA4000C1E0020000000000000000000000000A6
:105CB40000000000000000000000000000000000E0
:105CC40000000000000000000000000000000000D0
:105CD40000000000000000000000000000000000C0
:105CE400430000000000000000000000000000006D
:105CF40000000000000000000000000000000000A0
:105D0400430000000000000000000000000000004C
:105D1400000000000000000000000000000000007F
:105D2400430000000000000000000000000000002C
:105D3400000000000000000000000000000000005F
:105D4400430000000000000000000000000000000C
:105D5400000000000000000000000000000000003F
:105D640043000000000000000000000000000000EC
:105D7400000000000000000000000000000000001F
:105D840043000000000000000000000000000000CC
:105D940000000000000000000000000000000000FF
:105DA40043000000000000000000000000000000AC
:105DB40000000000000000000000000000000000DF
:105DC400093B0108893A010800000000C05A010893
:105DD4007F590108BC590108BC590108BC59010884
:105DE400BC590108BC590108BC590108BC59010837
:105DF400BC590108BC590108FFFFFFFFFFFFFFFF6B
:105E0400FFFFFFFFFFFF000001004153434949002A
:105E1400000000000000000000000000000000007E
:105E24000000000000000000000041534349490005
:105E3400000000000000000000000000000000005E
:0C5E440000000000000000000000000052
:105E50000000000000000000000000000000000042
:105E60000000000000000000000000000000000032
:055E700000000000002D
:105E7500000000000000000000000000000000001D
:015E8500001C
:0400000508000EBD24
:00000001FF
